sezon,tarih,ev,deplasman,ev_gol,dep_gol,kaynak,dogrulayan_kaynaklar,kaynak_sayisi,celiski,hukmen
2016-17,2016-08-19,Adanaspor,Bursaspor,1,2,football-data.co.uk (ayna: xgabora/Club-Football-Match-Data-2000-2025),football-data;sofascore;transfermarkt,3,False,False
2016-17,2016-08-20,Beşiktaş,Alanyaspor,4,1,football-data.co.uk (ayna: xgabora/Club-Football-Match-Data-2000-2025),football-data;sofascore;transfermarkt,3,False,False
2016-17,2016-08-20,Trabzonspor,Kasımpaşa,2,0,football-data.co.uk (ayna: xgabora/Club-Football-Match-Data-2000-2025),football-data;sofascore;transfermarkt,3,False,False
2016-17,2016-08-20,Çaykur Rizespor,Konyaspor,1,1,football-data.co.uk (ayna: xgabora/Club-Football-Match-Data-2000-2025),football-data;sofascore;transfermarkt,3,False,False
2016-17,2016-08-21,Antalyaspor,Osmanlıspor,0,0,football-data.co.uk (ayna: xgabora/Club-Football-Match-Data-2000-2025),football-data;sofascore;transfermarkt,3,False,False
2016-17,2016-08-21,Gençlerbirliği,Gaziantepspor,2,0,football-data.co.uk (ayna: xgabora/Club-Football-Match-Data-2000-2025),football-data;sofascore;transfermarkt,3,False,False
2016-17,2016-08-21,Kayserispor,Akhisarspor,0,2,football-data.co.uk (ayna: xgabora/Club-Football-Match-Data-2000-2025),football-data;sofascore;transfermarkt,3,False,False
2016-17,2016-08-21,İstanbul Başakşehir,Fenerbahçe,1,0,football-data.co.uk (ayna: xgabora/Club-Football-Match-Data-2000-2025),football-data;sofascore;transfermarkt,3,False,False
2016-17,2016-08-22,Galatasaray,Karabükspor,1,0,football-data.co.uk (ayna: xgabora/Club-Football-Match-Data-2000-2025),football-data;sofascore;transfermarkt,3,False,False
2016-17,2016-08-26,Alanyaspor,Antalyaspor,2,1,football-data.co.uk (ayna: xgabora/Club-Football-Match-Data-2000-2025),football-data;sofascore;transfermarkt,3,False,False
2016-17,2016-08-26,Konyaspor,Beşiktaş,2,2,football-data.co.uk (ayna: xgabora/Club-Football-Match-Data-2000-2025),football-data;sofascore;transfermarkt,3,False,False
2016-17,2016-08-27,Akhisarspor,Galatasaray,1,3,football-data.co.uk (ayna: xgabora/Club-Football-Match-Data-2000-2025),football-data;sofascore;transfermarkt,3,False,False
2016-17,2016-08-27,Gaziantepspor,Trabzonspor,1,0,football-data.co.uk (ayna: xgabora/Club-Football-Match-Data-2000-2025),football-data;sofascore;transfermarkt,3,False,False
2016-17,2016-08-27,Kasımpaşa,Adanaspor,1,1,football-data.co.uk (ayna: xgabora/Club-Football-Match-Data-2000-2025),football-data;sofascore;transfermarkt,3,False,False
2016-17,2016-08-28,Bursaspor,İstanbul Başakşehir,0,2,football-data.co.uk (ayna: xgabora/Club-Football-Match-Data-2000-2025),football-data;sofascore;transfermarkt,3,False,False
2016-17,2016-08-28,Fenerbahçe,Kayserispor,3,3,football-data.co.uk (ayna: xgabora/Club-Football-Match-Data-2000-2025),football-data;sofascore;transfermarkt,3,False,False
2016-17,2016-08-28,Karabükspor,Çaykur Rizespor,3,0,football-data.co.uk (ayna: xgabora/Club-Football-Match-Data-2000-2025),football-data;sofascore;transfermarkt,3,False,False
2016-17,2016-08-28,Osmanlıspor,Gençlerbirliği,2,2,football-data.co.uk (ayna: xgabora/Club-Football-Match-Data-2000-2025),football-data;sofascore;transfermarkt,3,False,False
2016-17,2016-09-10,Adanaspor,Gaziantepspor,0,0,football-data.co.uk (ayna: xgabora/Club-Football-Match-Data-2000-2025),football-data;sofascore;transfermarkt,3,False,False
2016-17,2016-09-10,Beşiktaş,Karabükspor,3,1,football-data.co.uk (ayna: xgabora/Club-Football-Match-Data-2000-2025),football-data;sofascore;transfermarkt,3,False,False
2016-17,2016-09-10,Gençlerbirliği,Alanyaspor,0,0,football-data.co.uk (ayna: xgabora/Club-Football-Match-Data-2000-2025),football-data;sofascore;transfermarkt,3,False,False
2016-17,2016-09-10,Kayserispor,Galatasaray,1,1,football-data.co.uk (ayna: xgabora/Club-Football-Match-Data-2000-2025),football-data;sofascore;transfermarkt,3,False,False
2016-17,2016-09-10,İstanbul Başakşehir,Kasımpaşa,3,1,football-data.co.uk (ayna: xgabora/Club-Football-Match-Data-2000-2025),football-data;sofascore;transfermarkt,3,False,False
2016-17,2016-09-11,Antalyaspor,Konyaspor,1,3,football-data.co.uk (ayna: xgabora/Club-Football-Match-Data-2000-2025),football-data;sofascore;transfermarkt,3,False,False
2016-17,2016-09-11,Fenerbahçe,Bursaspor,0,1,football-data.co.uk (ayna: xgabora/Club-Football-Match-Data-2000-2025),football-data;sofascore;transfermarkt,3,False,False
2016-17,2016-09-11,Trabzonspor,Osmanlıspor,0,2,football-data.co.uk (ayna: xgabora/Club-Football-Match-Data-2000-2025),football-data;sofascore;transfermarkt,3,False,False
2016-17,2016-09-11,Çaykur Rizespor,Akhisarspor,1,0,football-data.co.uk (ayna: xgabora/Club-Football-Match-Data-2000-2025),football-data;sofascore;transfermarkt,3,False,False
2016-17,2016-09-16,Bursaspor,Kayserispor,3,1,football-data.co.uk (ayna: xgabora/Club-Football-Match-Data-2000-2025),football-data;sofascore;transfermarkt,3,False,False
2016-17,2016-09-16,Karabükspor,Antalyaspor,3,2,football-data.co.uk (ayna: xgabora/Club-Football-Match-Data-2000-2025),football-data;sofascore;transfermarkt,3,False,False
2016-17,2016-09-17,Alanyaspor,Trabzonspor,3,0,football-data.co.uk (ayna: xgabora/Club-Football-Match-Data-2000-2025),football-data;sofascore;transfermarkt,3,False,False
2016-17,2016-09-17,Galatasaray,Çaykur Rizespor,2,0,football-data.co.uk (ayna: xgabora/Club-Football-Match-Data-2000-2025),football-data;sofascore;transfermarkt,3,False,False
2016-17,2016-09-18,Akhisarspor,Beşiktaş,0,2,football-data.co.uk (ayna: xgabora/Club-Football-Match-Data-2000-2025),football-data;sofascore;transfermarkt,3,False,False
2016-17,2016-09-18,Gaziantepspor,İstanbul Başakşehir,0,1,football-data.co.uk (ayna: xgabora/Club-Football-Match-Data-2000-2025),football-data;sofascore;transfermarkt,3,False,False
2016-17,2016-09-18,Konyaspor,Gençlerbirliği,1,1,football-data.co.uk (ayna: xgabora/Club-Football-Match-Data-2000-2025),football-data;sofascore;transfermarkt,3,False,False
2016-17,2016-09-18,Osmanlıspor,Adanaspor,1,0,football-data.co.uk (ayna: xgabora/Club-Football-Match-Data-2000-2025),football-data;sofascore;transfermarkt,3,False,False
2016-17,2016-09-19,Kasımpaşa,Fenerbahçe,1,5,football-data.co.uk (ayna: xgabora/Club-Football-Match-Data-2000-2025),football-data;sofascore;transfermarkt,3,False,False
2016-17,2016-09-23,Antalyaspor,Akhisarspor,0,0,football-data.co.uk (ayna: xgabora/Club-Football-Match-Data-2000-2025),football-data;sofascore;transfermarkt,3,False,False
2016-17,2016-09-24,Beşiktaş,Galatasaray,2,2,football-data.co.uk (ayna: xgabora/Club-Football-Match-Data-2000-2025),football-data;sofascore;transfermarkt,3,False,False
2016-17,2016-09-24,Trabzonspor,Konyaspor,1,0,football-data.co.uk (ayna: xgabora/Club-Football-Match-Data-2000-2025),football-data;sofascore;transfermarkt,3,False,False
2016-17,2016-09-24,İstanbul Başakşehir,Osmanlıspor,2,2,football-data.co.uk (ayna: xgabora/Club-Football-Match-Data-2000-2025),football-data;sofascore;transfermarkt,3,False,False
2016-17,2016-09-25,Bursaspor,Kasımpaşa,1,0,football-data.co.uk (ayna: xgabora/Club-Football-Match-Data-2000-2025),football-data;sofascore;transfermarkt,3,False,False
2016-17,2016-09-25,Fenerbahçe,Gaziantepspor,2,1,football-data.co.uk (ayna: xgabora/Club-Football-Match-Data-2000-2025),football-data;sofascore;transfermarkt,3,False,False
2016-17,2016-09-25,Gençlerbirliği,Karabükspor,2,0,football-data.co.uk (ayna: xgabora/Club-Football-Match-Data-2000-2025),football-data;sofascore;transfermarkt,3,False,False
2016-17,2016-09-25,Kayserispor,Çaykur Rizespor,2,1,football-data.co.uk (ayna: xgabora/Club-Football-Match-Data-2000-2025),football-data;sofascore;transfermarkt,3,False,False
2016-17,2016-09-26,Adanaspor,Alanyaspor,3,2,football-data.co.uk (ayna: xgabora/Club-Football-Match-Data-2000-2025),football-data;sofascore;transfermarkt,3,False,False
2016-17,2016-09-30,Akhisarspor,Gençlerbirliği,0,0,football-data.co.uk (ayna: xgabora/Club-Football-Match-Data-2000-2025),football-data;sofascore;transfermarkt,3,False,False
2016-17,2016-10-01,Gaziantepspor,Bursaspor,3,2,football-data.co.uk (ayna: xgabora/Club-Football-Match-Data-2000-2025),football-data;sofascore;transfermarkt,3,False,False
2016-17,2016-10-01,Karabükspor,Trabzonspor,4,0,football-data.co.uk (ayna: xgabora/Club-Football-Match-Data-2000-2025),football-data;sofascore;transfermarkt,3,False,False
2016-17,2016-10-01,Kasımpaşa,Kayserispor,3,1,football-data.co.uk (ayna: xgabora/Club-Football-Match-Data-2000-2025),football-data;sofascore;transfermarkt,3,False,False
2016-17,2016-10-01,Çaykur Rizespor,Beşiktaş,0,1,football-data.co.uk (ayna: xgabora/Club-Football-Match-Data-2000-2025),football-data;sofascore;transfermarkt,3,False,False
2016-17,2016-10-02,Alanyaspor,İstanbul Başakşehir,0,5,football-data.co.uk (ayna: xgabora/Club-Football-Match-Data-2000-2025),football-data;sofascore;transfermarkt,3,False,False
2016-17,2016-10-02,Galatasaray,Antalyaspor,3,1,football-data.co.uk (ayna: xgabora/Club-Football-Match-Data-2000-2025),football-data;sofascore;transfermarkt,3,False,False
2016-17,2016-10-02,Konyaspor,Adanaspor,1,0,football-data.co.uk (ayna: xgabora/Club-Football-Match-Data-2000-2025),football-data;sofascore;transfermarkt,3,False,False
2016-17,2016-10-02,Osmanlıspor,Fenerbahçe,1,1,football-data.co.uk (ayna: xgabora/Club-Football-Match-Data-2000-2025),football-data;sofascore;transfermarkt,3,False,False
2016-17,2016-10-15,Adanaspor,Karabükspor,1,2,football-data.co.uk (ayna: xgabora/Club-Football-Match-Data-2000-2025),football-data;sofascore;transfermarkt,3,False,False
2016-17,2016-10-15,Gençlerbirliği,Galatasaray,0,1,football-data.co.uk (ayna: xgabora/Club-Football-Match-Data-2000-2025),football-data;sofascore;transfermarkt,3,False,False
2016-17,2016-10-15,Kasımpaşa,Gaziantepspor,0,0,football-data.co.uk (ayna: xgabora/Club-Football-Match-Data-2000-2025),football-data;sofascore;transfermarkt,3,False,False
2016-17,2016-10-15,Kayserispor,Beşiktaş,0,1,football-data.co.uk (ayna: xgabora/Club-Football-Match-Data-2000-2025),football-data;sofascore;transfermarkt,3,False,False
2016-17,2016-10-16,Bursaspor,Osmanlıspor,0,0,football-data.co.uk (ayna: xgabora/Club-Football-Match-Data-2000-2025),football-data;sofascore;transfermarkt,3,False,False
2016-17,2016-10-16,Fenerbahçe,Alanyaspor,1,1,football-data.co.uk (ayna: xgabora/Club-Football-Match-Data-2000-2025),football-data;sofascore;transfermarkt,3,False,False
2016-17,2016-10-16,Trabzonspor,Akhisarspor,0,0,football-data.co.uk (ayna: xgabora/Club-Football-Match-Data-2000-2025),football-data;sofascore;transfermarkt,3,False,False
2016-17,2016-10-16,İstanbul Başakşehir,Konyaspor,1,1,football-data.co.uk (ayna: xgabora/Club-Football-Match-Data-2000-2025),football-data;sofascore;transfermarkt,3,False,False
2016-17,2016-10-17,Antalyaspor,Çaykur Rizespor,1,1,football-data.co.uk (ayna: xgabora/Club-Football-Match-Data-2000-2025),football-data;sofascore;transfermarkt,3,False,False
2016-17,2016-10-21,Gaziantepspor,Kayserispor,1,2,football-data.co.uk (ayna: xgabora/Club-Football-Match-Data-2000-2025),football-data;sofascore;transfermarkt,3,False,False
2016-17,2016-10-21,Çaykur Rizespor,Gençlerbirliği,2,1,football-data.co.uk (ayna: xgabora/Club-Football-Match-Data-2000-2025),football-data;sofascore;transfermarkt,3,False,False
2016-17,2016-10-22,Akhisarspor,Adanaspor,1,0,football-data.co.uk (ayna: xgabora/Club-Football-Match-Data-2000-2025),football-data;sofascore;transfermarkt,3,False,False
2016-17,2016-10-22,Alanyaspor,Bursaspor,0,2,football-data.co.uk (ayna: xgabora/Club-Football-Match-Data-2000-2025),football-data;sofascore;transfermarkt,3,False,False
2016-17,2016-10-22,Galatasaray,Trabzonspor,0,1,football-data.co.uk (ayna: xgabora/Club-Football-Match-Data-2000-2025),football-data;sofascore;transfermarkt,3,False,False
2016-17,2016-10-23,Beşiktaş,Antalyaspor,3,0,football-data.co.uk (ayna: xgabora/Club-Football-Match-Data-2000-2025),football-data;sofascore;transfermarkt,3,False,False
2016-17,2016-10-23,Karabükspor,İstanbul Başakşehir,0,2,football-data.co.uk (ayna: xgabora/Club-Football-Match-Data-2000-2025),football-data;sofascore;transfermarkt,3,False,False
2016-17,2016-10-23,Osmanlıspor,Kasımpaşa,1,2,football-data.co.uk (ayna: xgabora/Club-Football-Match-Data-2000-2025),football-data;sofascore;transfermarkt,3,False,False
2016-17,2016-10-24,Konyaspor,Fenerbahçe,0,1,football-data.co.uk (ayna: xgabora/Club-Football-Match-Data-2000-2025),football-data;sofascore;transfermarkt,3,False,False
2016-17,2016-10-28,Gençlerbirliği,Beşiktaş,1,1,football-data.co.uk (ayna: xgabora/Club-Football-Match-Data-2000-2025),football-data;sofascore;transfermarkt,3,False,False
2016-17,2016-10-29,Adanaspor,Galatasaray,0,1,football-data.co.uk (ayna: xgabora/Club-Football-Match-Data-2000-2025),football-data;sofascore;transfermarkt,3,False,False
2016-17,2016-10-29,Bursaspor,Konyaspor,2,0,football-data.co.uk (ayna: xgabora/Club-Football-Match-Data-2000-2025),football-data;sofascore;transfermarkt,3,False,False
2016-17,2016-10-29,Gaziantepspor,Osmanlıspor,3,1,football-data.co.uk (ayna: xgabora/Club-Football-Match-Data-2000-2025),football-data;sofascore;transfermarkt,3,False,False
2016-17,2016-10-30,Fenerbahçe,Karabükspor,5,0,football-data.co.uk (ayna: xgabora/Club-Football-Match-Data-2000-2025),football-data;sofascore;transfermarkt,3,False,False
2016-17,2016-10-30,Trabzonspor,Çaykur Rizespor,2,2,football-data.co.uk (ayna: xgabora/Club-Football-Match-Data-2000-2025),football-data;sofascore;transfermarkt,3,False,False
2016-17,2016-10-30,İstanbul Başakşehir,Akhisarspor,5,1,football-data.co.uk (ayna: xgabora/Club-Football-Match-Data-2000-2025),football-data;sofascore;transfermarkt,3,False,False
2016-17,2016-10-31,Kasımpaşa,Alanyaspor,2,1,football-data.co.uk (ayna: xgabora/Club-Football-Match-Data-2000-2025),football-data;sofascore;transfermarkt,3,False,False
2016-17,2016-10-31,Kayserispor,Antalyaspor,0,1,football-data.co.uk (ayna: xgabora/Club-Football-Match-Data-2000-2025),football-data;sofascore;transfermarkt,3,False,False
2016-17,2016-11-04,Galatasaray,İstanbul Başakşehir,1,2,football-data.co.uk (ayna: xgabora/Club-Football-Match-Data-2000-2025),football-data;sofascore;transfermarkt,3,False,False
2016-17,2016-11-05,Alanyaspor,Gaziantepspor,4,3,football-data.co.uk (ayna: xgabora/Club-Football-Match-Data-2000-2025),football-data;sofascore;transfermarkt,3,False,False
2016-17,2016-11-05,Antalyaspor,Gençlerbirliği,1,0,football-data.co.uk (ayna: xgabora/Club-Football-Match-Data-2000-2025),football-data;sofascore;transfermarkt,3,False,False
2016-17,2016-11-05,Beşiktaş,Trabzonspor,2,1,football-data.co.uk (ayna: xgabora/Club-Football-Match-Data-2000-2025),football-data;sofascore;transfermarkt,3,False,False
2016-17,2016-11-05,Karabükspor,Bursaspor,0,0,football-data.co.uk (ayna: xgabora/Club-Football-Match-Data-2000-2025),football-data;sofascore;transfermarkt,3,False,False
2016-17,2016-11-06,Akhisarspor,Fenerbahçe,1,3,football-data.co.uk (ayna: xgabora/Club-Football-Match-Data-2000-2025),football-data;sofascore;transfermarkt,3,False,False
2016-17,2016-11-06,Konyaspor,Kasımpaşa,2,1,football-data.co.uk (ayna: xgabora/Club-Football-Match-Data-2000-2025),football-data;sofascore;transfermarkt,3,False,False
2016-17,2016-11-06,Osmanlıspor,Kayserispor,1,1,football-data.co.uk (ayna: xgabora/Club-Football-Match-Data-2000-2025),football-data;sofascore;transfermarkt,3,False,False
2016-17,2016-11-06,Çaykur Rizespor,Adanaspor,2,2,football-data.co.uk (ayna: xgabora/Club-Football-Match-Data-2000-2025),football-data;sofascore;transfermarkt,3,False,False
2016-17,2016-11-19,Adanaspor,Beşiktaş,1,2,football-data.co.uk (ayna: xgabora/Club-Football-Match-Data-2000-2025),football-data;sofascore;transfermarkt,3,False,False
2016-17,2016-11-19,Bursaspor,Akhisarspor,0,0,football-data.co.uk (ayna: xgabora/Club-Football-Match-Data-2000-2025),football-data;sofascore;transfermarkt,3,False,False
2016-17,2016-11-19,Gaziantepspor,Konyaspor,0,3,football-data.co.uk (ayna: xgabora/Club-Football-Match-Data-2000-2025),football-data;sofascore;transfermarkt,3,False,False
2016-17,2016-11-19,Osmanlıspor,Alanyaspor,2,0,football-data.co.uk (ayna: xgabora/Club-Football-Match-Data-2000-2025),football-data;sofascore;transfermarkt,3,False,False
2016-17,2016-11-20,Fenerbahçe,Galatasaray,2,0,football-data.co.uk (ayna: xgabora/Club-Football-Match-Data-2000-2025),football-data;sofascore;transfermarkt,3,False,False
2016-17,2016-11-20,Kasımpaşa,Karabükspor,2,2,football-data.co.uk (ayna: xgabora/Club-Football-Match-Data-2000-2025),football-data;sofascore;transfermarkt,3,False,False
2016-17,2016-11-20,Kayserispor,Gençlerbirliği,0,2,football-data.co.uk (ayna: xgabora/Club-Football-Match-Data-2000-2025),football-data;sofascore;transfermarkt,3,False,False
2016-17,2016-11-21,Trabzonspor,Antalyaspor,0,1,football-data.co.uk (ayna: xgabora/Club-Football-Match-Data-2000-2025),football-data;sofascore;transfermarkt,3,False,False
2016-17,2016-11-21,İstanbul Başakşehir,Çaykur Rizespor,2,1,football-data.co.uk (ayna: xgabora/Club-Football-Match-Data-2000-2025),football-data;sofascore;transfermarkt,3,False,False
2016-17,2016-11-25,Alanyaspor,Kayserispor,3,0,football-data.co.uk (ayna: xgabora/Club-Football-Match-Data-2000-2025),football-data;sofascore;transfermarkt,3,False,False
2016-17,2016-11-25,Galatasaray,Bursaspor,3,1,football-data.co.uk (ayna: xgabora/Club-Football-Match-Data-2000-2025),football-data;sofascore;transfermarkt,3,False,False
2016-17,2016-11-26,Akhisarspor,Kasımpaşa,1,0,football-data.co.uk (ayna: xgabora/Club-Football-Match-Data-2000-2025),football-data;sofascore;transfermarkt,3,False,False
2016-17,2016-11-26,Antalyaspor,Adanaspor,1,0,football-data.co.uk (ayna: xgabora/Club-Football-Match-Data-2000-2025),football-data;sofascore;transfermarkt,3,False,False
2016-17,2016-11-26,Beşiktaş,İstanbul Başakşehir,1,1,football-data.co.uk (ayna: xgabora/Club-Football-Match-Data-2000-2025),football-data;sofascore;transfermarkt,3,False,False
2016-17,2016-11-26,Karabükspor,Gaziantepspor,2,0,football-data.co.uk (ayna: xgabora/Club-Football-Match-Data-2000-2025),football-data;sofascore;transfermarkt,3,False,False
2016-17,2016-11-27,Gençlerbirliği,Trabzonspor,0,0,football-data.co.uk (ayna: xgabora/Club-Football-Match-Data-2000-2025),football-data;sofascore;transfermarkt,3,False,False
2016-17,2016-11-27,Çaykur Rizespor,Fenerbahçe,1,5,football-data.co.uk (ayna: xgabora/Club-Football-Match-Data-2000-2025),football-data;sofascore;transfermarkt,3,False,False
2016-17,2016-11-28,Konyaspor,Osmanlıspor,1,1,football-data.co.uk (ayna: xgabora/Club-Football-Match-Data-2000-2025),football-data;sofascore;transfermarkt,3,False,False
2016-17,2016-12-03,Fenerbahçe,Beşiktaş,0,0,football-data.co.uk (ayna: xgabora/Club-Football-Match-Data-2000-2025),football-data;sofascore;transfermarkt,3,False,False
2016-17,2016-12-03,İstanbul Başakşehir,Antalyaspor,2,2,football-data.co.uk (ayna: xgabora/Club-Football-Match-Data-2000-2025),football-data;sofascore;transfermarkt,3,False,False
2016-17,2016-12-04,Adanaspor,Gençlerbirliği,0,2,football-data.co.uk (ayna: xgabora/Club-Football-Match-Data-2000-2025),football-data;sofascore;transfermarkt,3,False,False
2016-17,2016-12-04,Alanyaspor,Konyaspor,2,3,football-data.co.uk (ayna: xgabora/Club-Football-Match-Data-2000-2025),football-data;sofascore;transfermarkt,3,False,False
2016-17,2016-12-04,Gaziantepspor,Akhisarspor,1,2,football-data.co.uk (ayna: xgabora/Club-Football-Match-Data-2000-2025),football-data;sofascore;transfermarkt,3,False,False
2016-17,2016-12-04,Kasımpaşa,Galatasaray,1,2,football-data.co.uk (ayna: xgabora/Club-Football-Match-Data-2000-2025),football-data;sofascore;transfermarkt,3,False,False
2016-17,2016-12-04,Osmanlıspor,Karabükspor,2,1,football-data.co.uk (ayna: xgabora/Club-Football-Match-Data-2000-2025),football-data;sofascore;transfermarkt,3,False,False
2016-17,2016-12-05,Bursaspor,Çaykur Rizespor,2,1,football-data.co.uk (ayna: xgabora/Club-Football-Match-Data-2000-2025),football-data;sofascore;transfermarkt,3,False,False
2016-17,2016-12-05,Kayserispor,Trabzonspor,0,1,football-data.co.uk (ayna: xgabora/Club-Football-Match-Data-2000-2025),football-data;sofascore;transfermarkt,3,False,False
2016-17,2016-12-09,Trabzonspor,Adanaspor,4,1,football-data.co.uk (ayna: xgabora/Club-Football-Match-Data-2000-2025),football-data;sofascore;transfermarkt,3,False,False
2016-17,2016-12-10,Beşiktaş,Bursaspor,2,1,football-data.co.uk (ayna: xgabora/Club-Football-Match-Data-2000-2025),football-data;sofascore;transfermarkt,3,False,False
2016-17,2016-12-10,Gençlerbirliği,İstanbul Başakşehir,0,0,football-data.co.uk (ayna: xgabora/Club-Football-Match-Data-2000-2025),football-data;sofascore;transfermarkt,3,False,False
2016-17,2016-12-10,Çaykur Rizespor,Kasımpaşa,0,1,football-data.co.uk (ayna: xgabora/Club-Football-Match-Data-2000-2025),football-data;sofascore;transfermarkt,3,False,False
2016-17,2016-12-11,Akhisarspor,Osmanlıspor,1,2,football-data.co.uk (ayna: xgabora/Club-Football-Match-Data-2000-2025),football-data;sofascore;transfermarkt,3,False,False
2016-17,2016-12-11,Galatasaray,Gaziantepspor,3,1,football-data.co.uk (ayna: xgabora/Club-Football-Match-Data-2000-2025),football-data;sofascore;transfermarkt,3,False,False
2016-17,2016-12-11,Karabükspor,Alanyaspor,0,2,football-data.co.uk (ayna: xgabora/Club-Football-Match-Data-2000-2025),football-data;sofascore;transfermarkt,3,False,False
2016-17,2016-12-11,Konyaspor,Kayserispor,1,0,football-data.co.uk (ayna: xgabora/Club-Football-Match-Data-2000-2025),football-data;sofascore;transfermarkt,3,False,False
2016-17,2016-12-12,Antalyaspor,Fenerbahçe,1,0,football-data.co.uk (ayna: xgabora/Club-Football-Match-Data-2000-2025),football-data;sofascore;transfermarkt,3,False,False
2016-17,2016-12-17,Kasımpaşa,Beşiktaş,2,1,football-data.co.uk (ayna: xgabora/Club-Football-Match-Data-2000-2025),football-data;sofascore;transfermarkt,3,False,False
2016-17,2016-12-17,İstanbul Başakşehir,Trabzonspor,1,0,football-data.co.uk (ayna: xgabora/Club-Football-Match-Data-2000-2025),football-data;sofascore;transfermarkt,3,False,False
2016-17,2016-12-18,Adanaspor,Kayserispor,2,1,football-data.co.uk (ayna: xgabora/Club-Football-Match-Data-2000-2025),football-data;sofascore;transfermarkt,3,False,False
2016-17,2016-12-18,Alanyaspor,Akhisarspor,0,0,football-data.co.uk (ayna: xgabora/Club-Football-Match-Data-2000-2025),football-data;sofascore;transfermarkt,3,False,False
2016-17,2016-12-18,Gaziantepspor,Çaykur Rizespor,1,2,football-data.co.uk (ayna: xgabora/Club-Football-Match-Data-2000-2025),football-data;sofascore;transfermarkt,3,False,False
2016-17,2016-12-18,Karabükspor,Konyaspor,1,1,football-data.co.uk (ayna: xgabora/Club-Football-Match-Data-2000-2025),football-data;sofascore;transfermarkt,3,False,False
2016-17,2016-12-18,Osmanlıspor,Galatasaray,2,2,football-data.co.uk (ayna: xgabora/Club-Football-Match-Data-2000-2025),football-data;sofascore;transfermarkt,3,False,False
2016-17,2016-12-19,Bursaspor,Antalyaspor,2,1,football-data.co.uk (ayna: xgabora/Club-Football-Match-Data-2000-2025),football-data;sofascore;transfermarkt,3,False,False
2016-17,2016-12-19,Fenerbahçe,Gençlerbirliği,3,0,football-data.co.uk (ayna: xgabora/Club-Football-Match-Data-2000-2025),football-data;sofascore;transfermarkt,3,False,False
2016-17,2016-12-24,Adanaspor,İstanbul Başakşehir,1,1,football-data.co.uk (ayna: xgabora/Club-Football-Match-Data-2000-2025),football-data;sofascore;transfermarkt,3,False,False
2016-17,2016-12-24,Beşiktaş,Gaziantepspor,1,0,football-data.co.uk (ayna: xgabora/Club-Football-Match-Data-2000-2025),football-data;sofascore;transfermarkt,3,False,False
2016-17,2016-12-25,Akhisarspor,Konyaspor,1,0,football-data.co.uk (ayna: xgabora/Club-Football-Match-Data-2000-2025),football-data;sofascore;transfermarkt,3,False,False
2016-17,2016-12-25,Antalyaspor,Kasımpaşa,2,1,football-data.co.uk (ayna: xgabora/Club-Football-Match-Data-2000-2025),football-data;sofascore;transfermarkt,3,False,False
2016-17,2016-12-25,Galatasaray,Alanyaspor,5,1,football-data.co.uk (ayna: xgabora/Club-Football-Match-Data-2000-2025),football-data;sofascore;transfermarkt,3,False,False
2016-17,2016-12-25,Kayserispor,Karabükspor,2,0,football-data.co.uk (ayna: xgabora/Club-Football-Match-Data-2000-2025),football-data;sofascore;transfermarkt,3,False,False
2016-17,2016-12-25,Çaykur Rizespor,Osmanlıspor,0,1,football-data.co.uk (ayna: xgabora/Club-Football-Match-Data-2000-2025),football-data;sofascore;transfermarkt,3,False,False
2016-17,2016-12-26,Gençlerbirliği,Bursaspor,3,1,football-data.co.uk (ayna: xgabora/Club-Football-Match-Data-2000-2025),football-data;sofascore;transfermarkt,3,False,False
2016-17,2016-12-26,Trabzonspor,Fenerbahçe,0,3,football-data.co.uk (ayna: xgabora/Club-Football-Match-Data-2000-2025),football-data;sofascore;transfermarkt,3,False,False
2016-17,2017-01-13,Bursaspor,Trabzonspor,1,2,football-data.co.uk (ayna: xgabora/Club-Football-Match-Data-2000-2025),football-data;sofascore;transfermarkt,3,False,False
2016-17,2017-01-14,Alanyaspor,Çaykur Rizespor,2,3,football-data.co.uk (ayna: xgabora/Club-Football-Match-Data-2000-2025),football-data;sofascore;transfermarkt,3,False,False
2016-17,2017-01-14,Karabükspor,Akhisarspor,1,0,football-data.co.uk (ayna: xgabora/Club-Football-Match-Data-2000-2025),football-data;sofascore;transfermarkt,3,False,False
2016-17,2017-01-14,Konyaspor,Galatasaray,0,1,football-data.co.uk (ayna: xgabora/Club-Football-Match-Data-2000-2025),football-data;sofascore;transfermarkt,3,False,False
2016-17,2017-01-14,İstanbul Başakşehir,Kayserispor,5,0,football-data.co.uk (ayna: xgabora/Club-Football-Match-Data-2000-2025),football-data;sofascore;transfermarkt,3,False,False
2016-17,2017-01-15,Fenerbahçe,Adanaspor,2,2,football-data.co.uk (ayna: xgabora/Club-Football-Match-Data-2000-2025),football-data;sofascore;transfermarkt,3,False,False
2016-17,2017-01-15,Gaziantepspor,Antalyaspor,0,3,football-data.co.uk (ayna: xgabora/Club-Football-Match-Data-2000-2025),football-data;sofascore;transfermarkt,3,False,False
2016-17,2017-01-15,Kasımpaşa,Gençlerbirliği,3,0,football-data.co.uk (ayna: xgabora/Club-Football-Match-Data-2000-2025),football-data;sofascore;transfermarkt,3,False,False
2016-17,2017-01-16,Osmanlıspor,Beşiktaş,0,2,football-data.co.uk (ayna: xgabora/Club-Football-Match-Data-2000-2025),football-data;sofascore;transfermarkt,3,False,False
2016-17,2017-01-21,Akhisarspor,Kayserispor,0,0,football-data.co.uk (ayna: xgabora/Club-Football-Match-Data-2000-2025),football-data;sofascore;transfermarkt,3,False,False
2016-17,2017-01-21,Bursaspor,Adanaspor,0,1,football-data.co.uk (ayna: xgabora/Club-Football-Match-Data-2000-2025),football-data;sofascore;transfermarkt,3,False,False
2016-17,2017-01-21,Karabükspor,Galatasaray,2,1,football-data.co.uk (ayna: xgabora/Club-Football-Match-Data-2000-2025),football-data;sofascore;transfermarkt,3,False,False
2016-17,2017-01-21,Konyaspor,Çaykur Rizespor,2,1,football-data.co.uk (ayna: xgabora/Club-Football-Match-Data-2000-2025),football-data;sofascore;transfermarkt,3,False,False
2016-17,2017-01-22,Fenerbahçe,İstanbul Başakşehir,1,0,football-data.co.uk (ayna: xgabora/Club-Football-Match-Data-2000-2025),football-data;sofascore;transfermarkt,3,False,False
2016-17,2017-01-22,Kasımpaşa,Trabzonspor,0,1,football-data.co.uk (ayna: xgabora/Club-Football-Match-Data-2000-2025),football-data;sofascore;transfermarkt,3,False,False
2016-17,2017-01-22,Osmanlıspor,Antalyaspor,1,2,football-data.co.uk (ayna: xgabora/Club-Football-Match-Data-2000-2025),football-data;sofascore;transfermarkt,3,False,False
2016-17,2017-01-23,Alanyaspor,Beşiktaş,1,4,football-data.co.uk (ayna: xgabora/Club-Football-Match-Data-2000-2025),football-data;sofascore;transfermarkt,3,False,False
2016-17,2017-01-28,Antalyaspor,Alanyaspor,2,1,football-data.co.uk (ayna: xgabora/Club-Football-Match-Data-2000-2025),football-data;sofascore;transfermarkt,3,False,False
2016-17,2017-01-28,Galatasaray,Akhisarspor,6,0,football-data.co.uk (ayna: xgabora/Club-Football-Match-Data-2000-2025),football-data;sofascore;transfermarkt,3,False,False
2016-17,2017-01-28,Çaykur Rizespor,Karabükspor,1,0,football-data.co.uk (ayna: xgabora/Club-Football-Match-Data-2000-2025),football-data;sofascore;transfermarkt,3,False,False
2016-17,2017-01-29,Gençlerbirliği,Osmanlıspor,1,1,football-data.co.uk (ayna: xgabora/Club-Football-Match-Data-2000-2025),football-data;sofascore;transfermarkt,3,False,False
2016-17,2017-01-29,Kayserispor,Fenerbahçe,4,1,football-data.co.uk (ayna: xgabora/Club-Football-Match-Data-2000-2025),football-data;sofascore;transfermarkt,3,False,False
2016-17,2017-01-29,Trabzonspor,Gaziantepspor,4,0,football-data.co.uk (ayna: xgabora/Club-Football-Match-Data-2000-2025),football-data;sofascore;transfermarkt,3,False,False
2016-17,2017-01-29,İstanbul Başakşehir,Bursaspor,1,0,football-data.co.uk (ayna: xgabora/Club-Football-Match-Data-2000-2025),football-data;sofascore;transfermarkt,3,False,False
2016-17,2017-01-30,Adanaspor,Kasımpaşa,3,0,sofascore (ayna: c0ze/super-lig),sofascore;transfermarkt,3,True,False
2016-17,2017-01-30,Beşiktaş,Konyaspor,5,1,football-data.co.uk (ayna: xgabora/Club-Football-Match-Data-2000-2025),football-data;sofascore;transfermarkt,3,False,False
2016-17,2017-02-10,Karabükspor,Beşiktaş,2,1,football-data.co.uk (ayna: xgabora/Club-Football-Match-Data-2000-2025),football-data;sofascore;transfermarkt,3,False,False
2016-17,2017-02-11,Alanyaspor,Gençlerbirliği,3,0,football-data.co.uk (ayna: xgabora/Club-Football-Match-Data-2000-2025),football-data;sofascore;transfermarkt,3,False,False
2016-17,2017-02-11,Bursaspor,Fenerbahçe,1,1,football-data.co.uk (ayna: xgabora/Club-Football-Match-Data-2000-2025),football-data;sofascore;transfermarkt,3,False,False
2016-17,2017-02-11,Osmanlıspor,Trabzonspor,0,1,football-data.co.uk (ayna: xgabora/Club-Football-Match-Data-2000-2025),football-data;sofascore;transfermarkt,3,False,False
2016-17,2017-02-12,Akhisarspor,Çaykur Rizespor,1,0,football-data.co.uk (ayna: xgabora/Club-Football-Match-Data-2000-2025),football-data;sofascore;transfermarkt,3,False,False
2016-17,2017-02-12,Galatasaray,Kayserispor,1,2,football-data.co.uk (ayna: xgabora/Club-Football-Match-Data-2000-2025),football-data;sofascore;transfermarkt,3,False,False
2016-17,2017-02-12,Kasımpaşa,İstanbul Başakşehir,4,0,football-data.co.uk (ayna: xgabora/Club-Football-Match-Data-2000-2025),football-data;sofascore;transfermarkt,3,False,False
2016-17,2017-02-12,Konyaspor,Antalyaspor,1,1,football-data.co.uk (ayna: xgabora/Club-Football-Match-Data-2000-2025),football-data;sofascore;transfermarkt,3,False,False
2016-17,2017-02-13,Gaziantepspor,Adanaspor,1,0,football-data.co.uk (ayna: xgabora/Club-Football-Match-Data-2000-2025),football-data;sofascore;transfermarkt,3,False,False
2016-17,2017-02-17,Kayserispor,Bursaspor,2,0,football-data.co.uk (ayna: xgabora/Club-Football-Match-Data-2000-2025),football-data;sofascore;transfermarkt,3,False,False
2016-17,2017-02-18,Antalyaspor,Karabükspor,1,0,football-data.co.uk (ayna: xgabora/Club-Football-Match-Data-2000-2025),football-data;sofascore;transfermarkt,3,False,False
2016-17,2017-02-18,Çaykur Rizespor,Galatasaray,1,1,football-data.co.uk (ayna: xgabora/Club-Football-Match-Data-2000-2025),football-data;sofascore;transfermarkt,3,False,False
2016-17,2017-02-18,İstanbul Başakşehir,Gaziantepspor,0,0,football-data.co.uk (ayna: xgabora/Club-Football-Match-Data-2000-2025),football-data;sofascore;transfermarkt,3,False,False
2016-17,2017-02-19,Adanaspor,Osmanlıspor,1,5,football-data.co.uk (ayna: xgabora/Club-Football-Match-Data-2000-2025),football-data;sofascore;transfermarkt,3,False,False
2016-17,2017-02-19,Beşiktaş,Akhisarspor,3,1,football-data.co.uk (ayna: xgabora/Club-Football-Match-Data-2000-2025),football-data;sofascore;transfermarkt,3,False,False
2016-17,2017-02-19,Fenerbahçe,Kasımpaşa,0,0,football-data.co.uk (ayna: xgabora/Club-Football-Match-Data-2000-2025),football-data;sofascore;transfermarkt,3,False,False
2016-17,2017-02-19,Gençlerbirliği,Konyaspor,2,0,football-data.co.uk (ayna: xgabora/Club-Football-Match-Data-2000-2025),football-data;sofascore;transfermarkt,3,False,False
2016-17,2017-02-20,Trabzonspor,Alanyaspor,0,0,football-data.co.uk (ayna: xgabora/Club-Football-Match-Data-2000-2025),football-data;sofascore;transfermarkt,3,False,False
2016-17,2017-02-24,Kasımpaşa,Bursaspor,4,0,football-data.co.uk (ayna: xgabora/Club-Football-Match-Data-2000-2025),football-data;sofascore;transfermarkt,3,False,False
2016-17,2017-02-24,Çaykur Rizespor,Kayserispor,2,4,football-data.co.uk (ayna: xgabora/Club-Football-Match-Data-2000-2025),football-data;sofascore;transfermarkt,3,False,False
2016-17,2017-02-25,Akhisarspor,Antalyaspor,3,0,football-data.co.uk (ayna: xgabora/Club-Football-Match-Data-2000-2025),football-data;sofascore;transfermarkt,3,False,False
2016-17,2017-02-25,Alanyaspor,Adanaspor,4,1,football-data.co.uk (ayna: xgabora/Club-Football-Match-Data-2000-2025),football-data;sofascore;transfermarkt,3,False,False
2016-17,2017-02-25,Konyaspor,Trabzonspor,1,1,football-data.co.uk (ayna: xgabora/Club-Football-Match-Data-2000-2025),football-data;sofascore;transfermarkt,3,False,False
2016-17,2017-02-26,Gaziantepspor,Fenerbahçe,1,1,football-data.co.uk (ayna: xgabora/Club-Football-Match-Data-2000-2025),football-data;sofascore;transfermarkt,3,False,False
2016-17,2017-02-26,Karabükspor,Gençlerbirliği,1,0,football-data.co.uk (ayna: xgabora/Club-Football-Match-Data-2000-2025),football-data;sofascore;transfermarkt,3,False,False
2016-17,2017-02-26,Osmanlıspor,İstanbul Başakşehir,0,1,football-data.co.uk (ayna: xgabora/Club-Football-Match-Data-2000-2025),football-data;sofascore;transfermarkt,3,False,False
2016-17,2017-02-27,Galatasaray,Beşiktaş,0,1,football-data.co.uk (ayna: xgabora/Club-Football-Match-Data-2000-2025),football-data;sofascore;transfermarkt,3,False,False
2016-17,2017-03-03,Trabzonspor,Karabükspor,1,0,football-data.co.uk (ayna: xgabora/Club-Football-Match-Data-2000-2025),football-data;sofascore;transfermarkt,3,False,False
2016-17,2017-03-04,Beşiktaş,Çaykur Rizespor,1,0,football-data.co.uk (ayna: xgabora/Club-Football-Match-Data-2000-2025),football-data;sofascore;transfermarkt,3,False,False
2016-17,2017-03-04,Bursaspor,Gaziantepspor,2,1,football-data.co.uk (ayna: xgabora/Club-Football-Match-Data-2000-2025),football-data;sofascore;transfermarkt,3,False,False
2016-17,2017-03-05,Adanaspor,Konyaspor,0,1,football-data.co.uk (ayna: xgabora/Club-Football-Match-Data-2000-2025),football-data;sofascore;transfermarkt,3,False,False
2016-17,2017-03-05,Fenerbahçe,Osmanlıspor,1,0,football-data.co.uk (ayna: xgabora/Club-Football-Match-Data-2000-2025),football-data;sofascore;transfermarkt,3,False,False
2016-17,2017-03-05,Kayserispor,Kasımpaşa,2,2,football-data.co.uk (ayna: xgabora/Club-Football-Match-Data-2000-2025),football-data;sofascore;transfermarkt,3,False,False
2016-17,2017-03-05,İstanbul Başakşehir,Alanyaspor,2,1,football-data.co.uk (ayna: xgabora/Club-Football-Match-Data-2000-2025),football-data;sofascore;transfermarkt,3,False,False
2016-17,2017-03-06,Antalyaspor,Galatasaray,2,3,football-data.co.uk (ayna: xgabora/Club-Football-Match-Data-2000-2025),football-data;sofascore;transfermarkt,3,False,False
2016-17,2017-03-06,Gençlerbirliği,Akhisarspor,2,0,football-data.co.uk (ayna: xgabora/Club-Football-Match-Data-2000-2025),football-data;sofascore;transfermarkt,3,False,False
2016-17,2017-03-10,Alanyaspor,Fenerbahçe,2,3,football-data.co.uk (ayna: xgabora/Club-Football-Match-Data-2000-2025),football-data;sofascore;transfermarkt,3,False,False
2016-17,2017-03-11,Galatasaray,Gençlerbirliği,3,2,football-data.co.uk (ayna: xgabora/Club-Football-Match-Data-2000-2025),football-data;sofascore;transfermarkt,3,False,False
2016-17,2017-03-11,Gaziantepspor,Kasımpaşa,0,2,football-data.co.uk (ayna: xgabora/Club-Football-Match-Data-2000-2025),football-data;sofascore;transfermarkt,3,False,False
2016-17,2017-03-11,Karabükspor,Adanaspor,2,0,football-data.co.uk (ayna: xgabora/Club-Football-Match-Data-2000-2025),football-data;sofascore;transfermarkt,3,False,False
2016-17,2017-03-11,Osmanlıspor,Bursaspor,1,1,football-data.co.uk (ayna: xgabora/Club-Football-Match-Data-2000-2025),football-data;sofascore;transfermarkt,3,False,False
2016-17,2017-03-12,Beşiktaş,Kayserispor,2,2,football-data.co.uk (ayna: xgabora/Club-Football-Match-Data-2000-2025),football-data;sofascore;transfermarkt,3,False,False
2016-17,2017-03-12,Konyaspor,İstanbul Başakşehir,0,3,football-data.co.uk (ayna: xgabora/Club-Football-Match-Data-2000-2025),football-data;sofascore;transfermarkt,3,False,False
2016-17,2017-03-12,Çaykur Rizespor,Antalyaspor,1,2,football-data.co.uk (ayna: xgabora/Club-Football-Match-Data-2000-2025),football-data;sofascore;transfermarkt,3,False,False
2016-17,2017-03-13,Akhisarspor,Trabzonspor,1,3,football-data.co.uk (ayna: xgabora/Club-Football-Match-Data-2000-2025),football-data;sofascore;transfermarkt,3,False,False
2016-17,2017-03-17,Fenerbahçe,Konyaspor,2,3,football-data.co.uk (ayna: xgabora/Club-Football-Match-Data-2000-2025),football-data;sofascore;transfermarkt,3,False,False
2016-17,2017-03-18,Adanaspor,Akhisarspor,2,1,football-data.co.uk (ayna: xgabora/Club-Football-Match-Data-2000-2025),football-data;sofascore;transfermarkt,3,False,False
2016-17,2017-03-18,Kasımpaşa,Osmanlıspor,3,2,football-data.co.uk (ayna: xgabora/Club-Football-Match-Data-2000-2025),football-data;sofascore;transfermarkt,3,False,False
2016-17,2017-03-18,Kayserispor,Gaziantepspor,3,4,football-data.co.uk (ayna: xgabora/Club-Football-Match-Data-2000-2025),football-data;sofascore;transfermarkt,3,False,False
2016-17,2017-03-18,Trabzonspor,Galatasaray,2,0,football-data.co.uk (ayna: xgabora/Club-Football-Match-Data-2000-2025),football-data;sofascore;transfermarkt,3,False,False
2016-17,2017-03-19,Antalyaspor,Beşiktaş,0,0,football-data.co.uk (ayna: xgabora/Club-Football-Match-Data-2000-2025),football-data;sofascore;transfermarkt,3,False,False
2016-17,2017-03-19,Bursaspor,Alanyaspor,1,3,football-data.co.uk (ayna: xgabora/Club-Football-Match-Data-2000-2025),football-data;sofascore;transfermarkt,3,False,False
2016-17,2017-03-19,Gençlerbirliği,Çaykur Rizespor,1,0,football-data.co.uk (ayna: xgabora/Club-Football-Match-Data-2000-2025),football-data;sofascore;transfermarkt,3,False,False
2016-17,2017-03-19,İstanbul Başakşehir,Karabükspor,3,3,football-data.co.uk (ayna: xgabora/Club-Football-Match-Data-2000-2025),football-data;sofascore;transfermarkt,3,False,False
2016-17,2017-04-01,Akhisarspor,İstanbul Başakşehir,2,1,football-data.co.uk (ayna: xgabora/Club-Football-Match-Data-2000-2025),football-data;sofascore;transfermarkt,3,False,False
2016-17,2017-04-01,Alanyaspor,Kasımpaşa,3,1,football-data.co.uk (ayna: xgabora/Club-Football-Match-Data-2000-2025),football-data;sofascore;transfermarkt,3,False,False
2016-17,2017-04-01,Antalyaspor,Kayserispor,2,1,football-data.co.uk (ayna: xgabora/Club-Football-Match-Data-2000-2025),football-data;sofascore;transfermarkt,3,False,False
2016-17,2017-04-01,Karabükspor,Fenerbahçe,0,1,football-data.co.uk (ayna: xgabora/Club-Football-Match-Data-2000-2025),football-data;sofascore;transfermarkt,3,False,False
2016-17,2017-04-02,Beşiktaş,Gençlerbirliği,3,0,football-data.co.uk (ayna: xgabora/Club-Football-Match-Data-2000-2025),football-data;sofascore;transfermarkt,3,False,False
2016-17,2017-04-02,Konyaspor,Bursaspor,2,0,football-data.co.uk (ayna: xgabora/Club-Football-Match-Data-2000-2025),football-data;sofascore;transfermarkt,3,False,False
2016-17,2017-04-02,Osmanlıspor,Gaziantepspor,0,2,football-data.co.uk (ayna: xgabora/Club-Football-Match-Data-2000-2025),football-data;sofascore;transfermarkt,3,False,False
2016-17,2017-04-02,Çaykur Rizespor,Trabzonspor,0,1,football-data.co.uk (ayna: xgabora/Club-Football-Match-Data-2000-2025),football-data;sofascore;transfermarkt,3,False,False
2016-17,2017-04-03,Galatasaray,Adanaspor,4,0,football-data.co.uk (ayna: xgabora/Club-Football-Match-Data-2000-2025),football-data;sofascore;transfermarkt,3,False,False
2016-17,2017-04-07,Bursaspor,Karabükspor,3,0,football-data.co.uk (ayna: xgabora/Club-Football-Match-Data-2000-2025),football-data;sofascore;transfermarkt,3,False,False
2016-17,2017-04-08,Gaziantepspor,Alanyaspor,2,3,football-data.co.uk (ayna: xgabora/Club-Football-Match-Data-2000-2025),football-data;sofascore;transfermarkt,3,False,False
2016-17,2017-04-08,Gençlerbirliği,Antalyaspor,1,1,football-data.co.uk (ayna: xgabora/Club-Football-Match-Data-2000-2025),football-data;sofascore;transfermarkt,3,False,False
2016-17,2017-04-08,Trabzonspor,Beşiktaş,3,4,football-data.co.uk (ayna: xgabora/Club-Football-Match-Data-2000-2025),football-data;sofascore;transfermarkt,3,False,False
2016-17,2017-04-09,Adanaspor,Çaykur Rizespor,1,3,football-data.co.uk (ayna: xgabora/Club-Football-Match-Data-2000-2025),football-data;sofascore;transfermarkt,3,False,False
2016-17,2017-04-09,Fenerbahçe,Akhisarspor,3,1,football-data.co.uk (ayna: xgabora/Club-Football-Match-Data-2000-2025),football-data;sofascore;transfermarkt,3,False,False
2016-17,2017-04-09,Kayserispor,Osmanlıspor,1,4,football-data.co.uk (ayna: xgabora/Club-Football-Match-Data-2000-2025),football-data;sofascore;transfermarkt,3,False,False
2016-17,2017-04-10,Kasımpaşa,Konyaspor,1,1,football-data.co.uk (ayna: xgabora/Club-Football-Match-Data-2000-2025),football-data;sofascore;transfermarkt,3,False,False
2016-17,2017-04-10,İstanbul Başakşehir,Galatasaray,4,0,football-data.co.uk (ayna: xgabora/Club-Football-Match-Data-2000-2025),football-data;sofascore;transfermarkt,3,False,False
2016-17,2017-04-12,Gaziantepspor,Gençlerbirliği,0,1,football-data.co.uk (ayna: xgabora/Club-Football-Match-Data-2000-2025),football-data;sofascore;transfermarkt,3,False,False
2016-17,2017-04-21,Karabükspor,Kasımpaşa,0,0,football-data.co.uk (ayna: xgabora/Club-Football-Match-Data-2000-2025),football-data;sofascore;transfermarkt,3,False,False
2016-17,2017-04-21,Konyaspor,Gaziantepspor,1,2,football-data.co.uk (ayna: xgabora/Club-Football-Match-Data-2000-2025),football-data;sofascore;transfermarkt,3,False,False
2016-17,2017-04-22,Alanyaspor,Osmanlıspor,0,1,football-data.co.uk (ayna: xgabora/Club-Football-Match-Data-2000-2025),football-data;sofascore;transfermarkt,3,False,False
2016-17,2017-04-22,Antalyaspor,Trabzonspor,0,3,football-data.co.uk (ayna: xgabora/Club-Football-Match-Data-2000-2025),football-data;sofascore;transfermarkt,3,False,False
2016-17,2017-04-22,Gençlerbirliği,Kayserispor,2,1,football-data.co.uk (ayna: xgabora/Club-Football-Match-Data-2000-2025),football-data;sofascore;transfermarkt,3,False,False
2016-17,2017-04-22,Çaykur Rizespor,İstanbul Başakşehir,3,3,football-data.co.uk (ayna: xgabora/Club-Football-Match-Data-2000-2025),football-data;sofascore;transfermarkt,3,False,False
2016-17,2017-04-23,Akhisarspor,Bursaspor,5,1,football-data.co.uk (ayna: xgabora/Club-Football-Match-Data-2000-2025),football-data;sofascore;transfermarkt,3,False,False
2016-17,2017-04-23,Galatasaray,Fenerbahçe,0,1,football-data.co.uk (ayna: xgabora/Club-Football-Match-Data-2000-2025),football-data;sofascore;transfermarkt,3,False,False
2016-17,2017-04-24,Beşiktaş,Adanaspor,3,2,football-data.co.uk (ayna: xgabora/Club-Football-Match-Data-2000-2025),football-data;sofascore;transfermarkt,3,False,False
2016-17,2017-04-28,Gaziantepspor,Karabükspor,0,0,football-data.co.uk (ayna: xgabora/Club-Football-Match-Data-2000-2025),football-data;sofascore;transfermarkt,3,False,False
2016-17,2017-04-29,Kayserispor,Alanyaspor,3,0,football-data.co.uk (ayna: xgabora/Club-Football-Match-Data-2000-2025),football-data;sofascore;transfermarkt,3,False,False
2016-17,2017-04-29,Trabzonspor,Gençlerbirliği,0,0,football-data.co.uk (ayna: xgabora/Club-Football-Match-Data-2000-2025),football-data;sofascore;transfermarkt,3,False,False
2016-17,2017-04-30,Adanaspor,Antalyaspor,2,5,football-data.co.uk (ayna: xgabora/Club-Football-Match-Data-2000-2025),football-data;sofascore;transfermarkt,3,False,False
2016-17,2017-04-30,Fenerbahçe,Çaykur Rizespor,2,1,football-data.co.uk (ayna: xgabora/Club-Football-Match-Data-2000-2025),football-data;sofascore;transfermarkt,3,False,False
2016-17,2017-04-30,Kasımpaşa,Akhisarspor,0,2,football-data.co.uk (ayna: xgabora/Club-Football-Match-Data-2000-2025),football-data;sofascore;transfermarkt,3,False,False
2016-17,2017-04-30,İstanbul Başakşehir,Beşiktaş,3,1,football-data.co.uk (ayna: xgabora/Club-Football-Match-Data-2000-2025),football-data;sofascore;transfermarkt,3,False,False
2016-17,2017-05-01,Bursaspor,Galatasaray,0,5,football-data.co.uk (ayna: xgabora/Club-Football-Match-Data-2000-2025),football-data;sofascore;transfermarkt,3,False,False
2016-17,2017-05-01,Osmanlıspor,Konyaspor,0,0,football-data.co.uk (ayna: xgabora/Club-Football-Match-Data-2000-2025),football-data;sofascore;transfermarkt,3,False,False
2016-17,2017-05-05,Antalyaspor,İstanbul Başakşehir,0,1,football-data.co.uk (ayna: xgabora/Club-Football-Match-Data-2000-2025),football-data;sofascore;transfermarkt,3,False,False
2016-17,2017-05-06,Galatasaray,Kasımpaşa,1,3,football-data.co.uk (ayna: xgabora/Club-Football-Match-Data-2000-2025),football-data;sofascore;transfermarkt,3,False,False
2016-17,2017-05-06,Gençlerbirliği,Adanaspor,0,1,football-data.co.uk (ayna: xgabora/Club-Football-Match-Data-2000-2025),football-data;sofascore;transfermarkt,3,False,False
2016-17,2017-05-06,Konyaspor,Alanyaspor,2,3,football-data.co.uk (ayna: xgabora/Club-Football-Match-Data-2000-2025),football-data;sofascore;transfermarkt,3,False,False
2016-17,2017-05-06,Trabzonspor,Kayserispor,2,3,football-data.co.uk (ayna: xgabora/Club-Football-Match-Data-2000-2025),football-data;sofascore;transfermarkt,3,False,False
2016-17,2017-05-07,Beşiktaş,Fenerbahçe,1,1,football-data.co.uk (ayna: xgabora/Club-Football-Match-Data-2000-2025),football-data;sofascore;transfermarkt,3,False,False
2016-17,2017-05-07,Çaykur Rizespor,Bursaspor,6,0,football-data.co.uk (ayna: xgabora/Club-Football-Match-Data-2000-2025),football-data;sofascore;transfermarkt,3,False,False
2016-17,2017-05-08,Akhisarspor,Gaziantepspor,6,0,football-data.co.uk (ayna: xgabora/Club-Football-Match-Data-2000-2025),football-data;sofascore;transfermarkt,3,False,False
2016-17,2017-05-08,Karabükspor,Osmanlıspor,1,0,football-data.co.uk (ayna: xgabora/Club-Football-Match-Data-2000-2025),football-data;sofascore;transfermarkt,3,False,False
2016-17,2017-05-12,Kasımpaşa,Çaykur Rizespor,4,2,football-data.co.uk (ayna: xgabora/Club-Football-Match-Data-2000-2025),football-data;sofascore;transfermarkt,3,False,False
2016-17,2017-05-12,Kayserispor,Konyaspor,2,1,football-data.co.uk (ayna: xgabora/Club-Football-Match-Data-2000-2025),football-data;sofascore;transfermarkt,3,False,False
2016-17,2017-05-13,Adanaspor,Trabzonspor,1,1,football-data.co.uk (ayna: xgabora/Club-Football-Match-Data-2000-2025),football-data;sofascore;transfermarkt,3,False,False
2016-17,2017-05-13,Fenerbahçe,Antalyaspor,0,1,football-data.co.uk (ayna: xgabora/Club-Football-Match-Data-2000-2025),football-data;sofascore;transfermarkt,3,False,False
2016-17,2017-05-13,İstanbul Başakşehir,Gençlerbirliği,2,1,football-data.co.uk (ayna: xgabora/Club-Football-Match-Data-2000-2025),football-data;sofascore;transfermarkt,3,False,False
2016-17,2017-05-14,Alanyaspor,Karabükspor,4,2,football-data.co.uk (ayna: xgabora/Club-Football-Match-Data-2000-2025),football-data;sofascore;transfermarkt,3,False,False
2016-17,2017-05-14,Gaziantepspor,Galatasaray,1,2,football-data.co.uk (ayna: xgabora/Club-Football-Match-Data-2000-2025),football-data;sofascore;transfermarkt,3,False,False
2016-17,2017-05-14,Osmanlıspor,Akhisarspor,0,4,football-data.co.uk (ayna: xgabora/Club-Football-Match-Data-2000-2025),football-data;sofascore;transfermarkt,3,False,False
2016-17,2017-05-15,Bursaspor,Beşiktaş,0,2,football-data.co.uk (ayna: xgabora/Club-Football-Match-Data-2000-2025),football-data;sofascore;transfermarkt,3,False,False
2016-17,2017-05-19,Galatasaray,Osmanlıspor,2,0,football-data.co.uk (ayna: xgabora/Club-Football-Match-Data-2000-2025),football-data;sofascore;transfermarkt,3,False,False
2016-17,2017-05-20,Antalyaspor,Bursaspor,2,1,football-data.co.uk (ayna: xgabora/Club-Football-Match-Data-2000-2025),football-data;sofascore;transfermarkt,3,False,False
2016-17,2017-05-20,Beşiktaş,Kasımpaşa,4,1,football-data.co.uk (ayna: xgabora/Club-Football-Match-Data-2000-2025),football-data;sofascore;transfermarkt,3,False,False
2016-17,2017-05-20,Kayserispor,Adanaspor,1,1,football-data.co.uk (ayna: xgabora/Club-Football-Match-Data-2000-2025),football-data;sofascore;transfermarkt,3,False,False
2016-17,2017-05-20,Çaykur Rizespor,Gaziantepspor,2,0,football-data.co.uk (ayna: xgabora/Club-Football-Match-Data-2000-2025),football-data;sofascore;transfermarkt,3,False,False
2016-17,2017-05-21,Konyaspor,Karabükspor,3,0,football-data.co.uk (ayna: xgabora/Club-Football-Match-Data-2000-2025),football-data;sofascore;transfermarkt,3,False,False
2016-17,2017-05-21,Trabzonspor,İstanbul Başakşehir,0,0,football-data.co.uk (ayna: xgabora/Club-Football-Match-Data-2000-2025),football-data;sofascore;transfermarkt,3,False,False
2016-17,2017-05-22,Akhisarspor,Alanyaspor,3,0,football-data.co.uk (ayna: xgabora/Club-Football-Match-Data-2000-2025),football-data;sofascore;transfermarkt,3,False,False
2016-17,2017-05-22,Gençlerbirliği,Fenerbahçe,1,2,football-data.co.uk (ayna: xgabora/Club-Football-Match-Data-2000-2025),football-data;sofascore;transfermarkt,3,False,False
2016-17,2017-05-27,Fenerbahçe,Trabzonspor,1,1,football-data.co.uk (ayna: xgabora/Club-Football-Match-Data-2000-2025),football-data;sofascore;transfermarkt,3,False,False
2016-17,2017-05-27,Kasımpaşa,Antalyaspor,0,3,football-data.co.uk (ayna: xgabora/Club-Football-Match-Data-2000-2025),football-data;sofascore;transfermarkt,3,False,False
2016-17,2017-05-27,Konyaspor,Akhisarspor,0,3,football-data.co.uk (ayna: xgabora/Club-Football-Match-Data-2000-2025),football-data;sofascore;transfermarkt,3,False,False
2016-17,2017-05-27,İstanbul Başakşehir,Adanaspor,2,1,football-data.co.uk (ayna: xgabora/Club-Football-Match-Data-2000-2025),football-data;sofascore;transfermarkt,3,False,False
2016-17,2017-05-28,Bursaspor,Gençlerbirliği,1,2,football-data.co.uk (ayna: xgabora/Club-Football-Match-Data-2000-2025),football-data;sofascore;transfermarkt,3,False,False
2016-17,2017-05-28,Gaziantepspor,Beşiktaş,0,4,football-data.co.uk (ayna: xgabora/Club-Football-Match-Data-2000-2025),football-data;sofascore;transfermarkt,3,False,False
2016-17,2017-05-28,Karabükspor,Kayserispor,2,2,football-data.co.uk (ayna: xgabora/Club-Football-Match-Data-2000-2025),football-data;sofascore;transfermarkt,3,False,False
2016-17,2017-05-28,Osmanlıspor,Çaykur Rizespor,1,2,football-data.co.uk (ayna: xgabora/Club-Football-Match-Data-2000-2025),football-data;sofascore;transfermarkt,3,False,False
2016-17,2017-05-29,Alanyaspor,Galatasaray,2,3,football-data.co.uk (ayna: xgabora/Club-Football-Match-Data-2000-2025),football-data;sofascore;transfermarkt,3,False,False
2016-17,2017-06-02,Akhisarspor,Karabükspor,2,3,football-data.co.uk (ayna: xgabora/Club-Football-Match-Data-2000-2025),football-data;sofascore;transfermarkt,3,False,False
2016-17,2017-06-02,Antalyaspor,Gaziantepspor,4,1,football-data.co.uk (ayna: xgabora/Club-Football-Match-Data-2000-2025),football-data;sofascore;transfermarkt,3,False,False
2016-17,2017-06-02,Gençlerbirliği,Kasımpaşa,1,0,football-data.co.uk (ayna: xgabora/Club-Football-Match-Data-2000-2025),football-data;sofascore;transfermarkt,3,False,False
2016-17,2017-06-03,Adanaspor,Fenerbahçe,1,3,football-data.co.uk (ayna: xgabora/Club-Football-Match-Data-2000-2025),football-data;sofascore;transfermarkt,3,False,False
2016-17,2017-06-03,Beşiktaş,Osmanlıspor,4,0,football-data.co.uk (ayna: xgabora/Club-Football-Match-Data-2000-2025),football-data;sofascore;transfermarkt,3,False,False
2016-17,2017-06-03,Galatasaray,Konyaspor,2,1,football-data.co.uk (ayna: xgabora/Club-Football-Match-Data-2000-2025),football-data;sofascore;transfermarkt,3,False,False
2016-17,2017-06-03,Kayserispor,İstanbul Başakşehir,0,1,football-data.co.uk (ayna: xgabora/Club-Football-Match-Data-2000-2025),football-data;sofascore;transfermarkt,3,False,False
2016-17,2017-06-03,Trabzonspor,Bursaspor,1,2,football-data.co.uk (ayna: xgabora/Club-Football-Match-Data-2000-2025),football-data;sofascore;transfermarkt,3,False,False
2016-17,2017-06-03,Çaykur Rizespor,Alanyaspor,1,0,football-data.co.uk (ayna: xgabora/Club-Football-Match-Data-2000-2025),football-data;sofascore;transfermarkt,3,False,False
2017-18,2017-08-11,İstanbul Başakşehir,Bursaspor,1,0,football-data.co.uk (ayna: xgabora/Club-Football-Match-Data-2000-2025),football-data;sofascore;transfermarkt,3,False,False
2017-18,2017-08-12,Akhisarspor,Sivasspor,1,0,football-data.co.uk (ayna: xgabora/Club-Football-Match-Data-2000-2025),football-data;sofascore;transfermarkt,3,False,False
2017-18,2017-08-12,Alanyaspor,Kasımpaşa,1,3,football-data.co.uk (ayna: xgabora/Club-Football-Match-Data-2000-2025),football-data;sofascore;transfermarkt,3,False,False
2017-18,2017-08-12,Gençlerbirliği,Karabükspor,1,1,football-data.co.uk (ayna: xgabora/Club-Football-Match-Data-2000-2025),football-data;sofascore;transfermarkt,3,False,False
2017-18,2017-08-12,Göztepe,Fenerbahçe,2,2,football-data.co.uk (ayna: xgabora/Club-Football-Match-Data-2000-2025),football-data;sofascore;transfermarkt,3,False,False
2017-18,2017-08-13,Beşiktaş,Antalyaspor,2,0,football-data.co.uk (ayna: xgabora/Club-Football-Match-Data-2000-2025),football-data;sofascore;transfermarkt,3,False,False
2017-18,2017-08-13,Trabzonspor,Konyaspor,2,1,football-data.co.uk (ayna: xgabora/Club-Football-Match-Data-2000-2025),football-data;sofascore;transfermarkt,3,False,False
2017-18,2017-08-13,Yeni Malatyaspor,Osmanlıspor,3,1,football-data.co.uk (ayna: xgabora/Club-Football-Match-Data-2000-2025),football-data;sofascore;transfermarkt,3,False,False
2017-18,2017-08-14,Galatasaray,Kayserispor,4,1,football-data.co.uk (ayna: xgabora/Club-Football-Match-Data-2000-2025),football-data;sofascore;transfermarkt,3,False,False
2017-18,2017-08-18,Kasımpaşa,Beşiktaş,2,2,football-data.co.uk (ayna: xgabora/Club-Football-Match-Data-2000-2025),football-data;sofascore;transfermarkt,3,False,False
2017-18,2017-08-19,Bursaspor,Alanyaspor,3,2,football-data.co.uk (ayna: xgabora/Club-Football-Match-Data-2000-2025),football-data;sofascore;transfermarkt,3,False,False
2017-18,2017-08-19,Karabükspor,İstanbul Başakşehir,3,1,football-data.co.uk (ayna: xgabora/Club-Football-Match-Data-2000-2025),football-data;sofascore;transfermarkt,3,False,False
2017-18,2017-08-19,Osmanlıspor,Galatasaray,1,3,football-data.co.uk (ayna: xgabora/Club-Football-Match-Data-2000-2025),football-data;sofascore;transfermarkt,3,False,False
2017-18,2017-08-19,Sivasspor,Yeni Malatyaspor,2,0,football-data.co.uk (ayna: xgabora/Club-Football-Match-Data-2000-2025),football-data;sofascore;transfermarkt,3,False,False
2017-18,2017-08-20,Antalyaspor,Akhisarspor,2,2,football-data.co.uk (ayna: xgabora/Club-Football-Match-Data-2000-2025),football-data;sofascore;transfermarkt,3,False,False
2017-18,2017-08-20,Fenerbahçe,Trabzonspor,2,2,football-data.co.uk (ayna: xgabora/Club-Football-Match-Data-2000-2025),football-data;sofascore;transfermarkt,3,False,False
2017-18,2017-08-20,Kayserispor,Göztepe,1,0,football-data.co.uk (ayna: xgabora/Club-Football-Match-Data-2000-2025),football-data;sofascore;transfermarkt,3,False,False
2017-18,2017-08-21,Konyaspor,Gençlerbirliği,3,0,football-data.co.uk (ayna: xgabora/Club-Football-Match-Data-2000-2025),football-data;sofascore;transfermarkt,3,False,False
2017-18,2017-08-25,Alanyaspor,Karabükspor,1,1,football-data.co.uk (ayna: xgabora/Club-Football-Match-Data-2000-2025),football-data;sofascore;transfermarkt,3,False,False
2017-18,2017-08-25,Galatasaray,Sivasspor,3,0,football-data.co.uk (ayna: xgabora/Club-Football-Match-Data-2000-2025),football-data;sofascore;transfermarkt,3,False,False
2017-18,2017-08-26,Beşiktaş,Bursaspor,2,1,football-data.co.uk (ayna: xgabora/Club-Football-Match-Data-2000-2025),football-data;sofascore;transfermarkt,3,False,False
2017-18,2017-08-26,Göztepe,Trabzonspor,3,2,football-data.co.uk (ayna: xgabora/Club-Football-Match-Data-2000-2025),football-data;sofascore;transfermarkt,3,False,False
2017-18,2017-08-26,Kayserispor,Osmanlıspor,2,2,football-data.co.uk (ayna: xgabora/Club-Football-Match-Data-2000-2025),football-data;sofascore;transfermarkt,3,False,False
2017-18,2017-08-26,Yeni Malatyaspor,Antalyaspor,1,1,football-data.co.uk (ayna: xgabora/Club-Football-Match-Data-2000-2025),football-data;sofascore;transfermarkt,3,False,False
2017-18,2017-08-27,Akhisarspor,Kasımpaşa,2,1,football-data.co.uk (ayna: xgabora/Club-Football-Match-Data-2000-2025),football-data;sofascore;transfermarkt,3,False,False
2017-18,2017-08-27,Gençlerbirliği,Fenerbahçe,1,2,football-data.co.uk (ayna: xgabora/Club-Football-Match-Data-2000-2025),football-data;sofascore;transfermarkt,3,False,False
2017-18,2017-08-27,İstanbul Başakşehir,Konyaspor,2,1,football-data.co.uk (ayna: xgabora/Club-Football-Match-Data-2000-2025),football-data;sofascore;transfermarkt,3,False,False
2017-18,2017-09-09,Fenerbahçe,İstanbul Başakşehir,2,3,football-data.co.uk (ayna: xgabora/Club-Football-Match-Data-2000-2025),football-data;sofascore;transfermarkt,3,False,False
2017-18,2017-09-09,Karabükspor,Beşiktaş,0,1,football-data.co.uk (ayna: xgabora/Club-Football-Match-Data-2000-2025),football-data;sofascore;transfermarkt,3,False,False
2017-18,2017-09-09,Konyaspor,Alanyaspor,0,2,football-data.co.uk (ayna: xgabora/Club-Football-Match-Data-2000-2025),football-data;sofascore;transfermarkt,3,False,False
2017-18,2017-09-09,Sivasspor,Kayserispor,0,2,football-data.co.uk (ayna: xgabora/Club-Football-Match-Data-2000-2025),football-data;sofascore;transfermarkt,3,False,False
2017-18,2017-09-10,Antalyaspor,Galatasaray,1,1,football-data.co.uk (ayna: xgabora/Club-Football-Match-Data-2000-2025),football-data;sofascore;transfermarkt,3,False,False
2017-18,2017-09-10,Bursaspor,Akhisarspor,3,0,football-data.co.uk (ayna: xgabora/Club-Football-Match-Data-2000-2025),football-data;sofascore;transfermarkt,3,False,False
2017-18,2017-09-10,Osmanlıspor,Göztepe,0,2,football-data.co.uk (ayna: xgabora/Club-Football-Match-Data-2000-2025),football-data;sofascore;transfermarkt,3,False,False
2017-18,2017-09-10,Trabzonspor,Gençlerbirliği,3,1,football-data.co.uk (ayna: xgabora/Club-Football-Match-Data-2000-2025),football-data;sofascore;transfermarkt,3,False,False
2017-18,2017-09-11,Kasımpaşa,Yeni Malatyaspor,3,2,football-data.co.uk (ayna: xgabora/Club-Football-Match-Data-2000-2025),football-data;sofascore;transfermarkt,3,False,False
2017-18,2017-09-15,Kayserispor,Antalyaspor,2,0,football-data.co.uk (ayna: xgabora/Club-Football-Match-Data-2000-2025),football-data;sofascore;transfermarkt,3,False,False
2017-18,2017-09-16,Akhisarspor,Karabükspor,2,1,football-data.co.uk (ayna: xgabora/Club-Football-Match-Data-2000-2025),football-data;sofascore;transfermarkt,3,False,False
2017-18,2017-09-16,Galatasaray,Kasımpaşa,2,0,football-data.co.uk (ayna: xgabora/Club-Football-Match-Data-2000-2025),football-data;sofascore;transfermarkt,3,False,False
2017-18,2017-09-16,Yeni Malatyaspor,Bursaspor,2,4,football-data.co.uk (ayna: xgabora/Club-Football-Match-Data-2000-2025),football-data;sofascore;transfermarkt,3,False,False
2017-18,2017-09-17,Alanyaspor,Fenerbahçe,1,4,football-data.co.uk (ayna: xgabora/Club-Football-Match-Data-2000-2025),football-data;sofascore;transfermarkt,3,False,False
2017-18,2017-09-17,Göztepe,Gençlerbirliği,3,2,football-data.co.uk (ayna: xgabora/Club-Football-Match-Data-2000-2025),football-data;sofascore;transfermarkt,3,False,False
2017-18,2017-09-17,Osmanlıspor,Sivasspor,2,4,football-data.co.uk (ayna: xgabora/Club-Football-Match-Data-2000-2025),football-data;sofascore;transfermarkt,3,False,False
2017-18,2017-09-17,İstanbul Başakşehir,Trabzonspor,2,2,football-data.co.uk (ayna: xgabora/Club-Football-Match-Data-2000-2025),football-data;sofascore;transfermarkt,3,False,False
2017-18,2017-09-18,Beşiktaş,Konyaspor,2,0,football-data.co.uk (ayna: xgabora/Club-Football-Match-Data-2000-2025),football-data;sofascore;transfermarkt,3,False,False
2017-18,2017-09-22,Trabzonspor,Alanyaspor,3,4,football-data.co.uk (ayna: xgabora/Club-Football-Match-Data-2000-2025),football-data;sofascore;transfermarkt,3,False,False
2017-18,2017-09-23,Fenerbahçe,Beşiktaş,2,1,football-data.co.uk (ayna: xgabora/Club-Football-Match-Data-2000-2025),football-data;sofascore;transfermarkt,3,False,False
2017-18,2017-09-23,Gençlerbirliği,İstanbul Başakşehir,1,0,football-data.co.uk (ayna: xgabora/Club-Football-Match-Data-2000-2025),football-data;sofascore;transfermarkt,3,False,False
2017-18,2017-09-23,Konyaspor,Akhisarspor,2,0,football-data.co.uk (ayna: xgabora/Club-Football-Match-Data-2000-2025),football-data;sofascore;transfermarkt,3,False,False
2017-18,2017-09-24,Bursaspor,Galatasaray,1,2,football-data.co.uk (ayna: xgabora/Club-Football-Match-Data-2000-2025),football-data;sofascore;transfermarkt,3,False,False
2017-18,2017-09-24,Karabükspor,Yeni Malatyaspor,2,4,football-data.co.uk (ayna: xgabora/Club-Football-Match-Data-2000-2025),football-data;sofascore;transfermarkt,3,False,False
2017-18,2017-09-24,Kasımpaşa,Kayserispor,1,1,football-data.co.uk (ayna: xgabora/Club-Football-Match-Data-2000-2025),football-data;sofascore;transfermarkt,3,False,False
2017-18,2017-09-24,Sivasspor,Göztepe,2,3,football-data.co.uk (ayna: xgabora/Club-Football-Match-Data-2000-2025),football-data;sofascore;transfermarkt,3,False,False
2017-18,2017-09-25,Antalyaspor,Osmanlıspor,3,0,football-data.co.uk (ayna: xgabora/Club-Football-Match-Data-2000-2025),football-data;sofascore;transfermarkt,3,False,False
2017-18,2017-09-29,Akhisarspor,Fenerbahçe,1,0,football-data.co.uk (ayna: xgabora/Club-Football-Match-Data-2000-2025),football-data;sofascore;transfermarkt,3,False,False
2017-18,2017-09-30,Galatasaray,Karabükspor,3,2,football-data.co.uk (ayna: xgabora/Club-Football-Match-Data-2000-2025),football-data;sofascore;transfermarkt,3,False,False
2017-18,2017-09-30,Kayserispor,Bursaspor,3,1,football-data.co.uk (ayna: xgabora/Club-Football-Match-Data-2000-2025),football-data;sofascore;transfermarkt,3,False,False
2017-18,2017-09-30,Osmanlıspor,Kasımpaşa,3,0,football-data.co.uk (ayna: xgabora/Club-Football-Match-Data-2000-2025),football-data;sofascore;transfermarkt,3,False,False
2017-18,2017-09-30,Sivasspor,Antalyaspor,3,1,football-data.co.uk (ayna: xgabora/Club-Football-Match-Data-2000-2025),football-data;sofascore;transfermarkt,3,False,False
2017-18,2017-10-01,Alanyaspor,Gençlerbirliği,4,1,football-data.co.uk (ayna: xgabora/Club-Football-Match-Data-2000-2025),football-data;sofascore;transfermarkt,3,False,False
2017-18,2017-10-01,Beşiktaş,Trabzonspor,2,2,football-data.co.uk (ayna: xgabora/Club-Football-Match-Data-2000-2025),football-data;sofascore;transfermarkt,3,False,False
2017-18,2017-10-01,Göztepe,İstanbul Başakşehir,1,2,football-data.co.uk (ayna: xgabora/Club-Football-Match-Data-2000-2025),football-data;sofascore;transfermarkt,3,False,False
2017-18,2017-10-01,Yeni Malatyaspor,Konyaspor,1,1,football-data.co.uk (ayna: xgabora/Club-Football-Match-Data-2000-2025),football-data;sofascore;transfermarkt,3,False,False
2017-18,2017-10-13,Gençlerbirliği,Beşiktaş,2,1,football-data.co.uk (ayna: xgabora/Club-Football-Match-Data-2000-2025),football-data;sofascore;transfermarkt,3,False,False
2017-18,2017-10-14,Antalyaspor,Göztepe,1,3,football-data.co.uk (ayna: xgabora/Club-Football-Match-Data-2000-2025),football-data;sofascore;transfermarkt,3,False,False
2017-18,2017-10-14,Karabükspor,Kayserispor,1,0,football-data.co.uk (ayna: xgabora/Club-Football-Match-Data-2000-2025),football-data;sofascore;transfermarkt,3,False,False
2017-18,2017-10-14,Konyaspor,Galatasaray,0,2,football-data.co.uk (ayna: xgabora/Club-Football-Match-Data-2000-2025),football-data;sofascore;transfermarkt,3,False,False
2017-18,2017-10-14,İstanbul Başakşehir,Alanyaspor,2,1,football-data.co.uk (ayna: xgabora/Club-Football-Match-Data-2000-2025),football-data;sofascore;transfermarkt,3,False,False
2017-18,2017-10-15,Fenerbahçe,Yeni Malatyaspor,3,1,football-data.co.uk (ayna: xgabora/Club-Football-Match-Data-2000-2025),football-data;sofascore;transfermarkt,3,False,False
2017-18,2017-10-15,Kasımpaşa,Sivasspor,2,3,football-data.co.uk (ayna: xgabora/Club-Football-Match-Data-2000-2025),football-data;sofascore;transfermarkt,3,False,False
2017-18,2017-10-15,Trabzonspor,Akhisarspor,1,6,football-data.co.uk (ayna: xgabora/Club-Football-Match-Data-2000-2025),football-data;sofascore;transfermarkt,3,False,False
2017-18,2017-10-16,Bursaspor,Osmanlıspor,3,1,football-data.co.uk (ayna: xgabora/Club-Football-Match-Data-2000-2025),football-data;sofascore;transfermarkt,3,False,False
2017-18,2017-10-20,Antalyaspor,Kasımpaşa,2,1,football-data.co.uk (ayna: xgabora/Club-Football-Match-Data-2000-2025),football-data;sofascore;transfermarkt,3,False,False
2017-18,2017-10-20,Göztepe,Alanyaspor,3,3,football-data.co.uk (ayna: xgabora/Club-Football-Match-Data-2000-2025),football-data;sofascore;transfermarkt,3,False,False
2017-18,2017-10-21,Akhisarspor,Gençlerbirliği,3,3,football-data.co.uk (ayna: xgabora/Club-Football-Match-Data-2000-2025),football-data;sofascore;transfermarkt,3,False,False
2017-18,2017-10-21,Osmanlıspor,Karabükspor,3,0,football-data.co.uk (ayna: xgabora/Club-Football-Match-Data-2000-2025),football-data;sofascore;transfermarkt,3,False,False
2017-18,2017-10-21,Yeni Malatyaspor,Trabzonspor,1,0,football-data.co.uk (ayna: xgabora/Club-Football-Match-Data-2000-2025),football-data;sofascore;transfermarkt,3,False,False
2017-18,2017-10-22,Galatasaray,Fenerbahçe,0,0,football-data.co.uk (ayna: xgabora/Club-Football-Match-Data-2000-2025),football-data;sofascore;transfermarkt,3,False,False
2017-18,2017-10-22,Kayserispor,Konyaspor,2,1,football-data.co.uk (ayna: xgabora/Club-Football-Match-Data-2000-2025),football-data;sofascore;transfermarkt,3,False,False
2017-18,2017-10-22,Sivasspor,Bursaspor,0,0,football-data.co.uk (ayna: xgabora/Club-Football-Match-Data-2000-2025),football-data;sofascore;transfermarkt,3,False,False
2017-18,2017-10-23,Beşiktaş,İstanbul Başakşehir,1,1,football-data.co.uk (ayna: xgabora/Club-Football-Match-Data-2000-2025),football-data;sofascore;transfermarkt,3,False,False
2017-18,2017-10-27,Kasımpaşa,Göztepe,3,1,football-data.co.uk (ayna: xgabora/Club-Football-Match-Data-2000-2025),football-data;sofascore;transfermarkt,3,False,False
2017-18,2017-10-28,Alanyaspor,Beşiktaş,1,2,football-data.co.uk (ayna: xgabora/Club-Football-Match-Data-2000-2025),football-data;sofascore;transfermarkt,3,False,False
2017-18,2017-10-28,Gençlerbirliği,Yeni Malatyaspor,0,1,football-data.co.uk (ayna: xgabora/Club-Football-Match-Data-2000-2025),football-data;sofascore;transfermarkt,3,False,False
2017-18,2017-10-28,İstanbul Başakşehir,Akhisarspor,2,1,football-data.co.uk (ayna: xgabora/Club-Football-Match-Data-2000-2025),football-data;sofascore;transfermarkt,3,False,False
2017-18,2017-10-29,Bursaspor,Antalyaspor,4,0,football-data.co.uk (ayna: xgabora/Club-Football-Match-Data-2000-2025),football-data;sofascore;transfermarkt,3,False,False
2017-18,2017-10-29,Karabükspor,Sivasspor,0,1,football-data.co.uk (ayna: xgabora/Club-Football-Match-Data-2000-2025),football-data;sofascore;transfermarkt,3,False,False
2017-18,2017-10-29,Konyaspor,Osmanlıspor,1,0,football-data.co.uk (ayna: xgabora/Club-Football-Match-Data-2000-2025),football-data;sofascore;transfermarkt,3,False,False
2017-18,2017-10-29,Trabzonspor,Galatasaray,2,1,football-data.co.uk (ayna: xgabora/Club-Football-Match-Data-2000-2025),football-data;sofascore;transfermarkt,3,False,False
2017-18,2017-10-30,Fenerbahçe,Kayserispor,3,3,football-data.co.uk (ayna: xgabora/Club-Football-Match-Data-2000-2025),football-data;sofascore;transfermarkt,3,False,False
2017-18,2017-11-03,Galatasaray,Gençlerbirliği,5,1,football-data.co.uk (ayna: xgabora/Club-Football-Match-Data-2000-2025),football-data;sofascore;transfermarkt,3,False,False
2017-18,2017-11-04,Antalyaspor,Karabükspor,2,1,football-data.co.uk (ayna: xgabora/Club-Football-Match-Data-2000-2025),football-data;sofascore;transfermarkt,3,False,False
2017-18,2017-11-04,Kasımpaşa,Bursaspor,2,2,football-data.co.uk (ayna: xgabora/Club-Football-Match-Data-2000-2025),football-data;sofascore;transfermarkt,3,False,False
2017-18,2017-11-04,Kayserispor,Trabzonspor,0,0,football-data.co.uk (ayna: xgabora/Club-Football-Match-Data-2000-2025),football-data;sofascore;transfermarkt,3,False,False
2017-18,2017-11-04,Osmanlıspor,Fenerbahçe,1,1,football-data.co.uk (ayna: xgabora/Club-Football-Match-Data-2000-2025),football-data;sofascore;transfermarkt,3,False,False
2017-18,2017-11-05,Akhisarspor,Alanyaspor,0,4,football-data.co.uk (ayna: xgabora/Club-Football-Match-Data-2000-2025),football-data;sofascore;transfermarkt,3,False,False
2017-18,2017-11-05,Göztepe,Beşiktaş,1,3,football-data.co.uk (ayna: xgabora/Club-Football-Match-Data-2000-2025),football-data;sofascore;transfermarkt,3,False,False
2017-18,2017-11-05,Sivasspor,Konyaspor,2,1,football-data.co.uk (ayna: xgabora/Club-Football-Match-Data-2000-2025),football-data;sofascore;transfermarkt,3,False,False
2017-18,2017-11-05,Yeni Malatyaspor,İstanbul Başakşehir,0,2,football-data.co.uk (ayna: xgabora/Club-Football-Match-Data-2000-2025),football-data;sofascore;transfermarkt,3,False,False
2017-18,2017-11-17,Beşiktaş,Akhisarspor,0,0,football-data.co.uk (ayna: xgabora/Club-Football-Match-Data-2000-2025),football-data;sofascore;transfermarkt,3,False,False
2017-18,2017-11-18,Bursaspor,Göztepe,0,0,football-data.co.uk (ayna: xgabora/Club-Football-Match-Data-2000-2025),football-data;sofascore;transfermarkt,3,False,False
2017-18,2017-11-18,Konyaspor,Antalyaspor,1,1,football-data.co.uk (ayna: xgabora/Club-Football-Match-Data-2000-2025),football-data;sofascore;transfermarkt,3,False,False
2017-18,2017-11-18,İstanbul Başakşehir,Galatasaray,5,1,football-data.co.uk (ayna: xgabora/Club-Football-Match-Data-2000-2025),football-data;sofascore;transfermarkt,3,False,False
2017-18,2017-11-19,Alanyaspor,Yeni Malatyaspor,1,0,football-data.co.uk (ayna: xgabora/Club-Football-Match-Data-2000-2025),football-data;sofascore;transfermarkt,3,False,False
2017-18,2017-11-19,Fenerbahçe,Sivasspor,4,1,football-data.co.uk (ayna: xgabora/Club-Football-Match-Data-2000-2025),football-data;sofascore;transfermarkt,3,False,False
2017-18,2017-11-19,Gençlerbirliği,Kayserispor,1,2,football-data.co.uk (ayna: xgabora/Club-Football-Match-Data-2000-2025),football-data;sofascore;transfermarkt,3,False,False
2017-18,2017-11-19,Trabzonspor,Osmanlıspor,4,3,football-data.co.uk (ayna: xgabora/Club-Football-Match-Data-2000-2025),football-data;sofascore;transfermarkt,3,False,False
2017-18,2017-11-20,Karabükspor,Kasımpaşa,0,2,football-data.co.uk (ayna: xgabora/Club-Football-Match-Data-2000-2025),football-data;sofascore;transfermarkt,3,False,False
2017-18,2017-11-24,Osmanlıspor,Gençlerbirliği,2,0,football-data.co.uk (ayna: xgabora/Club-Football-Match-Data-2000-2025),football-data;sofascore;transfermarkt,3,False,False
2017-18,2017-11-25,Galatasaray,Alanyaspor,2,0,football-data.co.uk (ayna: xgabora/Club-Football-Match-Data-2000-2025),football-data;sofascore;transfermarkt,3,False,False
2017-18,2017-11-25,Göztepe,Akhisarspor,2,0,football-data.co.uk (ayna: xgabora/Club-Football-Match-Data-2000-2025),football-data;sofascore;transfermarkt,3,False,False
2017-18,2017-11-25,Yeni Malatyaspor,Beşiktaş,0,0,football-data.co.uk (ayna: xgabora/Club-Football-Match-Data-2000-2025),football-data;sofascore;transfermarkt,3,False,False
2017-18,2017-11-26,Antalyaspor,Fenerbahçe,0,1,football-data.co.uk (ayna: xgabora/Club-Football-Match-Data-2000-2025),football-data;sofascore;transfermarkt,3,False,False
2017-18,2017-11-26,Bursaspor,Karabükspor,2,1,football-data.co.uk (ayna: xgabora/Club-Football-Match-Data-2000-2025),football-data;sofascore;transfermarkt,3,False,False
2017-18,2017-11-26,Kasımpaşa,Konyaspor,2,1,football-data.co.uk (ayna: xgabora/Club-Football-Match-Data-2000-2025),football-data;sofascore;transfermarkt,3,False,False
2017-18,2017-11-26,Sivasspor,Trabzonspor,1,2,football-data.co.uk (ayna: xgabora/Club-Football-Match-Data-2000-2025),football-data;sofascore;transfermarkt,3,False,False
2017-18,2017-11-27,Kayserispor,İstanbul Başakşehir,1,1,football-data.co.uk (ayna: xgabora/Club-Football-Match-Data-2000-2025),football-data;sofascore;transfermarkt,3,False,False
2017-18,2017-12-02,Akhisarspor,Yeni Malatyaspor,0,0,football-data.co.uk (ayna: xgabora/Club-Football-Match-Data-2000-2025),football-data;sofascore;transfermarkt,3,False,False
2017-18,2017-12-02,Beşiktaş,Galatasaray,3,0,football-data.co.uk (ayna: xgabora/Club-Football-Match-Data-2000-2025),football-data;sofascore;transfermarkt,3,False,False
2017-18,2017-12-02,Karabükspor,Göztepe,0,1,football-data.co.uk (ayna: xgabora/Club-Football-Match-Data-2000-2025),football-data;sofascore;transfermarkt,3,False,False
2017-18,2017-12-03,Fenerbahçe,Kasımpaşa,4,2,football-data.co.uk (ayna: xgabora/Club-Football-Match-Data-2000-2025),football-data;sofascore;transfermarkt,3,False,False
2017-18,2017-12-03,Gençlerbirliği,Sivasspor,4,0,football-data.co.uk (ayna: xgabora/Club-Football-Match-Data-2000-2025),football-data;sofascore;transfermarkt,3,False,False
2017-18,2017-12-03,Konyaspor,Bursaspor,0,3,football-data.co.uk (ayna: xgabora/Club-Football-Match-Data-2000-2025),football-data;sofascore;transfermarkt,3,False,False
2017-18,2017-12-03,İstanbul Başakşehir,Osmanlıspor,1,0,football-data.co.uk (ayna: xgabora/Club-Football-Match-Data-2000-2025),football-data;sofascore;transfermarkt,3,False,False
2017-18,2017-12-04,Alanyaspor,Kayserispor,1,2,football-data.co.uk (ayna: xgabora/Club-Football-Match-Data-2000-2025),football-data;sofascore;transfermarkt,3,False,False
2017-18,2017-12-04,Trabzonspor,Antalyaspor,3,0,football-data.co.uk (ayna: xgabora/Club-Football-Match-Data-2000-2025),football-data;sofascore;transfermarkt,3,False,False
2017-18,2017-12-08,Bursaspor,Fenerbahçe,0,1,football-data.co.uk (ayna: xgabora/Club-Football-Match-Data-2000-2025),football-data;sofascore;transfermarkt,3,False,False
2017-18,2017-12-09,Antalyaspor,Gençlerbirliği,1,1,football-data.co.uk (ayna: xgabora/Club-Football-Match-Data-2000-2025),football-data;sofascore;transfermarkt,3,False,False
2017-18,2017-12-09,Galatasaray,Akhisarspor,4,2,football-data.co.uk (ayna: xgabora/Club-Football-Match-Data-2000-2025),football-data;sofascore;transfermarkt,3,False,False
2017-18,2017-12-09,Kasımpaşa,Trabzonspor,0,3,football-data.co.uk (ayna: xgabora/Club-Football-Match-Data-2000-2025),football-data;sofascore;transfermarkt,3,False,False
2017-18,2017-12-09,Yeni Malatyaspor,Göztepe,2,3,football-data.co.uk (ayna: xgabora/Club-Football-Match-Data-2000-2025),football-data;sofascore;transfermarkt,3,False,False
2017-18,2017-12-10,Kayserispor,Beşiktaş,1,1,football-data.co.uk (ayna: xgabora/Club-Football-Match-Data-2000-2025),football-data;sofascore;transfermarkt,3,False,False
2017-18,2017-12-10,Osmanlıspor,Alanyaspor,3,0,football-data.co.uk (ayna: xgabora/Club-Football-Match-Data-2000-2025),football-data;sofascore;transfermarkt,3,False,False
2017-18,2017-12-10,Sivasspor,İstanbul Başakşehir,1,0,football-data.co.uk (ayna: xgabora/Club-Football-Match-Data-2000-2025),football-data;sofascore;transfermarkt,3,False,False
2017-18,2017-12-11,Konyaspor,Karabükspor,2,0,football-data.co.uk (ayna: xgabora/Club-Football-Match-Data-2000-2025),football-data;sofascore;transfermarkt,3,False,False
2017-18,2017-12-16,Alanyaspor,Sivasspor,1,1,football-data.co.uk (ayna: xgabora/Club-Football-Match-Data-2000-2025),football-data;sofascore;transfermarkt,3,False,False
2017-18,2017-12-16,Gençlerbirliği,Kasımpaşa,0,0,football-data.co.uk (ayna: xgabora/Club-Football-Match-Data-2000-2025),football-data;sofascore;transfermarkt,3,False,False
2017-18,2017-12-16,Trabzonspor,Bursaspor,1,0,football-data.co.uk (ayna: xgabora/Club-Football-Match-Data-2000-2025),football-data;sofascore;transfermarkt,3,False,False
2017-18,2017-12-17,Akhisarspor,Kayserispor,0,2,football-data.co.uk (ayna: xgabora/Club-Football-Match-Data-2000-2025),football-data;sofascore;transfermarkt,3,False,False
2017-18,2017-12-17,Beşiktaş,Osmanlıspor,5,1,football-data.co.uk (ayna: xgabora/Club-Football-Match-Data-2000-2025),football-data;sofascore;transfermarkt,3,False,False
2017-18,2017-12-17,Yeni Malatyaspor,Galatasaray,2,1,football-data.co.uk (ayna: xgabora/Club-Football-Match-Data-2000-2025),football-data;sofascore;transfermarkt,3,False,False
2017-18,2017-12-17,İstanbul Başakşehir,Antalyaspor,4,1,football-data.co.uk (ayna: xgabora/Club-Football-Match-Data-2000-2025),football-data;sofascore;transfermarkt,3,False,False
2017-18,2017-12-18,Fenerbahçe,Karabükspor,2,0,football-data.co.uk (ayna: xgabora/Club-Football-Match-Data-2000-2025),football-data;sofascore;transfermarkt,3,False,False
2017-18,2017-12-18,Göztepe,Konyaspor,1,0,football-data.co.uk (ayna: xgabora/Club-Football-Match-Data-2000-2025),football-data;sofascore;transfermarkt,3,False,False
2017-18,2017-12-22,Antalyaspor,Alanyaspor,3,1,football-data.co.uk (ayna: xgabora/Club-Football-Match-Data-2000-2025),football-data;sofascore;transfermarkt,3,False,False
2017-18,2017-12-23,Bursaspor,Gençlerbirliği,1,1,football-data.co.uk (ayna: xgabora/Club-Football-Match-Data-2000-2025),football-data;sofascore;transfermarkt,3,False,False
2017-18,2017-12-23,Konyaspor,Fenerbahçe,1,1,football-data.co.uk (ayna: xgabora/Club-Football-Match-Data-2000-2025),football-data;sofascore;transfermarkt,3,False,False
2017-18,2017-12-23,Sivasspor,Beşiktaş,2,1,football-data.co.uk (ayna: xgabora/Club-Football-Match-Data-2000-2025),football-data;sofascore;transfermarkt,3,False,False
2017-18,2017-12-24,Galatasaray,Göztepe,3,1,football-data.co.uk (ayna: xgabora/Club-Football-Match-Data-2000-2025),football-data;sofascore;transfermarkt,3,False,False
2017-18,2017-12-24,Karabükspor,Trabzonspor,1,1,football-data.co.uk (ayna: xgabora/Club-Football-Match-Data-2000-2025),football-data;sofascore;transfermarkt,3,False,False
2017-18,2017-12-24,Kasımpaşa,İstanbul Başakşehir,1,2,football-data.co.uk (ayna: xgabora/Club-Football-Match-Data-2000-2025),football-data;sofascore;transfermarkt,3,False,False
2017-18,2017-12-24,Kayserispor,Yeni Malatyaspor,0,1,football-data.co.uk (ayna: xgabora/Club-Football-Match-Data-2000-2025),football-data;sofascore;transfermarkt,3,False,False
2017-18,2017-12-25,Osmanlıspor,Akhisarspor,3,2,football-data.co.uk (ayna: xgabora/Club-Football-Match-Data-2000-2025),football-data;sofascore;transfermarkt,3,False,False
2017-18,2018-01-19,Kasımpaşa,Alanyaspor,3,2,football-data.co.uk (ayna: xgabora/Club-Football-Match-Data-2000-2025),football-data;sofascore;transfermarkt,3,False,False
2017-18,2018-01-20,Fenerbahçe,Göztepe,2,1,football-data.co.uk (ayna: xgabora/Club-Football-Match-Data-2000-2025),football-data;sofascore;transfermarkt,3,False,False
2017-18,2018-01-20,Karabükspor,Gençlerbirliği,0,2,football-data.co.uk (ayna: xgabora/Club-Football-Match-Data-2000-2025),football-data;sofascore;transfermarkt,3,False,False
2017-18,2018-01-20,Osmanlıspor,Yeni Malatyaspor,0,0,football-data.co.uk (ayna: xgabora/Club-Football-Match-Data-2000-2025),football-data;sofascore;transfermarkt,3,False,False
2017-18,2018-01-21,Antalyaspor,Beşiktaş,1,2,football-data.co.uk (ayna: xgabora/Club-Football-Match-Data-2000-2025),football-data;sofascore;transfermarkt,3,False,False
2017-18,2018-01-21,Bursaspor,İstanbul Başakşehir,0,3,football-data.co.uk (ayna: xgabora/Club-Football-Match-Data-2000-2025),football-data;sofascore;transfermarkt,3,False,False
2017-18,2018-01-21,Konyaspor,Trabzonspor,2,2,football-data.co.uk (ayna: xgabora/Club-Football-Match-Data-2000-2025),football-data;sofascore;transfermarkt,3,False,False
2017-18,2018-01-21,Sivasspor,Akhisarspor,1,1,football-data.co.uk (ayna: xgabora/Club-Football-Match-Data-2000-2025),football-data;sofascore;transfermarkt,3,False,False
2017-18,2018-01-22,Kayserispor,Galatasaray,1,3,football-data.co.uk (ayna: xgabora/Club-Football-Match-Data-2000-2025),football-data;sofascore;transfermarkt,3,False,False
2017-18,2018-01-26,Beşiktaş,Kasımpaşa,2,1,football-data.co.uk (ayna: xgabora/Club-Football-Match-Data-2000-2025),football-data;sofascore;transfermarkt,3,False,False
2017-18,2018-01-26,Gençlerbirliği,Konyaspor,2,1,football-data.co.uk (ayna: xgabora/Club-Football-Match-Data-2000-2025),football-data;sofascore;transfermarkt,3,False,False
2017-18,2018-01-27,Alanyaspor,Bursaspor,3,1,football-data.co.uk (ayna: xgabora/Club-Football-Match-Data-2000-2025),football-data;sofascore;transfermarkt,3,False,False
2017-18,2018-01-27,Galatasaray,Osmanlıspor,2,0,football-data.co.uk (ayna: xgabora/Club-Football-Match-Data-2000-2025),football-data;sofascore;transfermarkt,3,False,False
2017-18,2018-01-27,Göztepe,Kayserispor,1,1,football-data.co.uk (ayna: xgabora/Club-Football-Match-Data-2000-2025),football-data;sofascore;transfermarkt,3,False,False
2017-18,2018-01-28,Akhisarspor,Antalyaspor,1,1,football-data.co.uk (ayna: xgabora/Club-Football-Match-Data-2000-2025),football-data;sofascore;transfermarkt,3,False,False
2017-18,2018-01-28,Trabzonspor,Fenerbahçe,1,1,football-data.co.uk (ayna: xgabora/Club-Football-Match-Data-2000-2025),football-data;sofascore;transfermarkt,3,False,False
2017-18,2018-01-28,Yeni Malatyaspor,Sivasspor,1,0,football-data.co.uk (ayna: xgabora/Club-Football-Match-Data-2000-2025),football-data;sofascore;transfermarkt,3,False,False
2017-18,2018-01-29,İstanbul Başakşehir,Karabükspor,5,0,football-data.co.uk (ayna: xgabora/Club-Football-Match-Data-2000-2025),football-data;sofascore;transfermarkt,3,False,False
2017-18,2018-02-02,Bursaspor,Beşiktaş,2,2,football-data.co.uk (ayna: xgabora/Club-Football-Match-Data-2000-2025),football-data;sofascore;transfermarkt,3,False,False
2017-18,2018-02-03,Antalyaspor,Yeni Malatyaspor,3,1,football-data.co.uk (ayna: xgabora/Club-Football-Match-Data-2000-2025),football-data;sofascore;transfermarkt,3,False,False
2017-18,2018-02-03,Fenerbahçe,Gençlerbirliği,2,2,football-data.co.uk (ayna: xgabora/Club-Football-Match-Data-2000-2025),football-data;sofascore;transfermarkt,3,False,False
2017-18,2018-02-03,Karabükspor,Alanyaspor,1,0,football-data.co.uk (ayna: xgabora/Club-Football-Match-Data-2000-2025),football-data;sofascore;transfermarkt,3,False,False
2017-18,2018-02-04,Kasımpaşa,Akhisarspor,2,0,football-data.co.uk (ayna: xgabora/Club-Football-Match-Data-2000-2025),football-data;sofascore;transfermarkt,3,False,False
2017-18,2018-02-04,Konyaspor,İstanbul Başakşehir,1,1,football-data.co.uk (ayna: xgabora/Club-Football-Match-Data-2000-2025),football-data;sofascore;transfermarkt,3,False,False
2017-18,2018-02-04,Osmanlıspor,Kayserispor,0,1,football-data.co.uk (ayna: xgabora/Club-Football-Match-Data-2000-2025),football-data;sofascore;transfermarkt,3,False,False
2017-18,2018-02-04,Sivasspor,Galatasaray,2,1,football-data.co.uk (ayna: xgabora/Club-Football-Match-Data-2000-2025),football-data;sofascore;transfermarkt,3,False,False
2017-18,2018-02-05,Trabzonspor,Göztepe,0,0,football-data.co.uk (ayna: xgabora/Club-Football-Match-Data-2000-2025),football-data;sofascore;transfermarkt,3,False,False
2017-18,2018-02-09,Yeni Malatyaspor,Kasımpaşa,1,1,football-data.co.uk (ayna: xgabora/Club-Football-Match-Data-2000-2025),football-data;sofascore;transfermarkt,3,False,False
2017-18,2018-02-10,Beşiktaş,Karabükspor,5,0,football-data.co.uk (ayna: xgabora/Club-Football-Match-Data-2000-2025),football-data;sofascore;transfermarkt,3,False,False
2017-18,2018-02-10,Gençlerbirliği,Trabzonspor,0,0,football-data.co.uk (ayna: xgabora/Club-Football-Match-Data-2000-2025),football-data;sofascore;transfermarkt,3,False,False
2017-18,2018-02-10,Göztepe,Osmanlıspor,3,3,football-data.co.uk (ayna: xgabora/Club-Football-Match-Data-2000-2025),football-data;sofascore;transfermarkt,3,False,False
2017-18,2018-02-11,Akhisarspor,Bursaspor,1,0,football-data.co.uk (ayna: xgabora/Club-Football-Match-Data-2000-2025),football-data;sofascore;transfermarkt,3,False,False
2017-18,2018-02-11,Alanyaspor,Konyaspor,1,2,football-data.co.uk (ayna: xgabora/Club-Football-Match-Data-2000-2025),football-data;sofascore;transfermarkt,3,False,False
2017-18,2018-02-11,Kayserispor,Sivasspor,1,1,football-data.co.uk (ayna: xgabora/Club-Football-Match-Data-2000-2025),football-data;sofascore;transfermarkt,3,False,False
2017-18,2018-02-11,İstanbul Başakşehir,Fenerbahçe,0,2,football-data.co.uk (ayna: xgabora/Club-Football-Match-Data-2000-2025),football-data;sofascore;transfermarkt,3,False,False
2017-18,2018-02-12,Galatasaray,Antalyaspor,3,0,football-data.co.uk (ayna: xgabora/Club-Football-Match-Data-2000-2025),football-data;sofascore;transfermarkt,3,False,False
2017-18,2018-02-16,Konyaspor,Beşiktaş,1,1,football-data.co.uk (ayna: xgabora/Club-Football-Match-Data-2000-2025),football-data;sofascore;transfermarkt,3,False,False
2017-18,2018-02-17,Antalyaspor,Kayserispor,2,1,football-data.co.uk (ayna: xgabora/Club-Football-Match-Data-2000-2025),football-data;sofascore;transfermarkt,3,False,False
2017-18,2018-02-17,Fenerbahçe,Alanyaspor,3,0,football-data.co.uk (ayna: xgabora/Club-Football-Match-Data-2000-2025),football-data;sofascore;transfermarkt,3,False,False
2017-18,2018-02-17,Sivasspor,Osmanlıspor,3,2,football-data.co.uk (ayna: xgabora/Club-Football-Match-Data-2000-2025),football-data;sofascore;transfermarkt,3,False,False
2017-18,2018-02-18,Bursaspor,Yeni Malatyaspor,0,0,football-data.co.uk (ayna: xgabora/Club-Football-Match-Data-2000-2025),football-data;sofascore;transfermarkt,3,False,False
2017-18,2018-02-18,Karabükspor,Akhisarspor,0,3,football-data.co.uk (ayna: xgabora/Club-Football-Match-Data-2000-2025),football-data;sofascore;transfermarkt,3,False,False
2017-18,2018-02-18,Kasımpaşa,Galatasaray,2,1,football-data.co.uk (ayna: xgabora/Club-Football-Match-Data-2000-2025),football-data;sofascore;transfermarkt,3,False,False
2017-18,2018-02-18,Trabzonspor,İstanbul Başakşehir,0,1,football-data.co.uk (ayna: xgabora/Club-Football-Match-Data-2000-2025),football-data;sofascore;transfermarkt,3,False,False
2017-18,2018-02-19,Gençlerbirliği,Göztepe,3,0,football-data.co.uk (ayna: xgabora/Club-Football-Match-Data-2000-2025),football-data;sofascore;transfermarkt,3,False,False
2017-18,2018-02-23,Akhisarspor,Konyaspor,3,0,football-data.co.uk (ayna: xgabora/Club-Football-Match-Data-2000-2025),football-data;sofascore;transfermarkt,3,False,False
2017-18,2018-02-23,Galatasaray,Bursaspor,5,0,football-data.co.uk (ayna: xgabora/Club-Football-Match-Data-2000-2025),football-data;sofascore;transfermarkt,3,False,False
2017-18,2018-02-24,Alanyaspor,Trabzonspor,1,2,football-data.co.uk (ayna: xgabora/Club-Football-Match-Data-2000-2025),football-data;sofascore;transfermarkt,3,False,False
2017-18,2018-02-24,Kayserispor,Kasımpaşa,3,2,football-data.co.uk (ayna: xgabora/Club-Football-Match-Data-2000-2025),football-data;sofascore;transfermarkt,3,False,False
2017-18,2018-02-25,Beşiktaş,Fenerbahçe,3,1,football-data.co.uk (ayna: xgabora/Club-Football-Match-Data-2000-2025),football-data;sofascore;transfermarkt,3,False,False
2017-18,2018-02-25,Göztepe,Sivasspor,1,0,football-data.co.uk (ayna: xgabora/Club-Football-Match-Data-2000-2025),football-data;sofascore;transfermarkt,3,False,False
2017-18,2018-02-25,Osmanlıspor,Antalyaspor,0,0,football-data.co.uk (ayna: xgabora/Club-Football-Match-Data-2000-2025),football-data;sofascore;transfermarkt,3,False,False
2017-18,2018-02-25,Yeni Malatyaspor,Karabükspor,3,1,football-data.co.uk (ayna: xgabora/Club-Football-Match-Data-2000-2025),football-data;sofascore;transfermarkt,3,False,False
2017-18,2018-02-26,İstanbul Başakşehir,Gençlerbirliği,1,1,football-data.co.uk (ayna: xgabora/Club-Football-Match-Data-2000-2025),football-data;sofascore;transfermarkt,3,False,False
2017-18,2018-03-02,Bursaspor,Kayserispor,1,0,football-data.co.uk (ayna: xgabora/Club-Football-Match-Data-2000-2025),football-data;sofascore;transfermarkt,3,False,False
2017-18,2018-03-03,Karabükspor,Galatasaray,0,7,football-data.co.uk (ayna: xgabora/Club-Football-Match-Data-2000-2025),football-data;sofascore;transfermarkt,3,False,False
2017-18,2018-03-03,Kasımpaşa,Osmanlıspor,1,1,football-data.co.uk (ayna: xgabora/Club-Football-Match-Data-2000-2025),football-data;sofascore;transfermarkt,3,False,False
2017-18,2018-03-03,İstanbul Başakşehir,Göztepe,2,0,football-data.co.uk (ayna: xgabora/Club-Football-Match-Data-2000-2025),football-data;sofascore;transfermarkt,3,False,False
2017-18,2018-03-04,Antalyaspor,Sivasspor,1,4,football-data.co.uk (ayna: xgabora/Club-Football-Match-Data-2000-2025),football-data;sofascore;transfermarkt,3,False,False
2017-18,2018-03-04,Fenerbahçe,Akhisarspor,2,3,football-data.co.uk (ayna: xgabora/Club-Football-Match-Data-2000-2025),football-data;sofascore;transfermarkt,3,False,False
2017-18,2018-03-04,Gençlerbirliği,Alanyaspor,0,1,football-data.co.uk (ayna: xgabora/Club-Football-Match-Data-2000-2025),football-data;sofascore;transfermarkt,3,False,False
2017-18,2018-03-04,Konyaspor,Yeni Malatyaspor,0,1,football-data.co.uk (ayna: xgabora/Club-Football-Match-Data-2000-2025),football-data;sofascore;transfermarkt,3,False,False
2017-18,2018-03-05,Trabzonspor,Beşiktaş,0,2,football-data.co.uk (ayna: xgabora/Club-Football-Match-Data-2000-2025),football-data;sofascore;transfermarkt,3,False,False
2017-18,2018-03-09,Alanyaspor,İstanbul Başakşehir,4,1,football-data.co.uk (ayna: xgabora/Club-Football-Match-Data-2000-2025),football-data;sofascore;transfermarkt,3,False,False
2017-18,2018-03-10,Beşiktaş,Gençlerbirliği,1,0,football-data.co.uk (ayna: xgabora/Club-Football-Match-Data-2000-2025),football-data;sofascore;transfermarkt,3,False,False
2017-18,2018-03-10,Osmanlıspor,Bursaspor,2,1,football-data.co.uk (ayna: xgabora/Club-Football-Match-Data-2000-2025),football-data;sofascore;transfermarkt,3,False,False
2017-18,2018-03-10,Sivasspor,Kasımpaşa,2,2,football-data.co.uk (ayna: xgabora/Club-Football-Match-Data-2000-2025),football-data;sofascore;transfermarkt,3,False,False
2017-18,2018-03-11,Galatasaray,Konyaspor,2,1,football-data.co.uk (ayna: xgabora/Club-Football-Match-Data-2000-2025),football-data;sofascore;transfermarkt,3,False,False
2017-18,2018-03-11,Göztepe,Antalyaspor,2,1,football-data.co.uk (ayna: xgabora/Club-Football-Match-Data-2000-2025),football-data;sofascore;transfermarkt,3,False,False
2017-18,2018-03-11,Kayserispor,Karabükspor,3,2,football-data.co.uk (ayna: xgabora/Club-Football-Match-Data-2000-2025),football-data;sofascore;transfermarkt,3,False,False
2017-18,2018-03-11,Yeni Malatyaspor,Fenerbahçe,0,2,football-data.co.uk (ayna: xgabora/Club-Football-Match-Data-2000-2025),football-data;sofascore;transfermarkt,3,False,False
2017-18,2018-03-12,Akhisarspor,Trabzonspor,1,3,football-data.co.uk (ayna: xgabora/Club-Football-Match-Data-2000-2025),football-data;sofascore;transfermarkt,3,False,False
2017-18,2018-03-16,Karabükspor,Osmanlıspor,0,4,football-data.co.uk (ayna: xgabora/Club-Football-Match-Data-2000-2025),football-data;sofascore;transfermarkt,3,False,False
2017-18,2018-03-16,Kasımpaşa,Antalyaspor,2,3,football-data.co.uk (ayna: xgabora/Club-Football-Match-Data-2000-2025),football-data;sofascore;transfermarkt,3,False,False
2017-18,2018-03-17,Bursaspor,Sivasspor,1,0,football-data.co.uk (ayna: xgabora/Club-Football-Match-Data-2000-2025),football-data;sofascore;transfermarkt,3,False,False
2017-18,2018-03-17,Fenerbahçe,Galatasaray,0,0,football-data.co.uk (ayna: xgabora/Club-Football-Match-Data-2000-2025),football-data;sofascore;transfermarkt,3,False,False
2017-18,2018-03-17,Gençlerbirliği,Akhisarspor,1,1,football-data.co.uk (ayna: xgabora/Club-Football-Match-Data-2000-2025),football-data;sofascore;transfermarkt,3,False,False
2017-18,2018-03-18,Alanyaspor,Göztepe,1,1,football-data.co.uk (ayna: xgabora/Club-Football-Match-Data-2000-2025),football-data;sofascore;transfermarkt,3,False,False
2017-18,2018-03-18,Konyaspor,Kayserispor,2,0,football-data.co.uk (ayna: xgabora/Club-Football-Match-Data-2000-2025),football-data;sofascore;transfermarkt,3,False,False
2017-18,2018-03-18,Trabzonspor,Yeni Malatyaspor,4,1,football-data.co.uk (ayna: xgabora/Club-Football-Match-Data-2000-2025),football-data;sofascore;transfermarkt,3,False,False
2017-18,2018-03-18,İstanbul Başakşehir,Beşiktaş,1,0,football-data.co.uk (ayna: xgabora/Club-Football-Match-Data-2000-2025),football-data;sofascore;transfermarkt,3,False,False
2017-18,2018-03-30,Sivasspor,Karabükspor,1,0,football-data.co.uk (ayna: xgabora/Club-Football-Match-Data-2000-2025),football-data;sofascore;transfermarkt,3,False,False
2017-18,2018-03-31,Antalyaspor,Bursaspor,2,0,football-data.co.uk (ayna: xgabora/Club-Football-Match-Data-2000-2025),football-data;sofascore;transfermarkt,3,False,False
2017-18,2018-03-31,Beşiktaş,Alanyaspor,1,0,football-data.co.uk (ayna: xgabora/Club-Football-Match-Data-2000-2025),football-data;sofascore;transfermarkt,3,False,False
2017-18,2018-03-31,Yeni Malatyaspor,Gençlerbirliği,4,1,football-data.co.uk (ayna: xgabora/Club-Football-Match-Data-2000-2025),football-data;sofascore;transfermarkt,3,False,False
2017-18,2018-04-01,Akhisarspor,İstanbul Başakşehir,1,2,football-data.co.uk (ayna: xgabora/Club-Football-Match-Data-2000-2025),football-data;sofascore;transfermarkt,3,False,False
2017-18,2018-04-01,Galatasaray,Trabzonspor,2,1,football-data.co.uk (ayna: xgabora/Club-Football-Match-Data-2000-2025),football-data;sofascore;transfermarkt,3,False,False
2017-18,2018-04-01,Göztepe,Kasımpaşa,0,2,football-data.co.uk (ayna: xgabora/Club-Football-Match-Data-2000-2025),football-data;sofascore;transfermarkt,3,False,False
2017-18,2018-04-01,Osmanlıspor,Konyaspor,0,0,football-data.co.uk (ayna: xgabora/Club-Football-Match-Data-2000-2025),football-data;sofascore;transfermarkt,3,False,False
2017-18,2018-04-02,Kayserispor,Fenerbahçe,0,5,football-data.co.uk (ayna: xgabora/Club-Football-Match-Data-2000-2025),football-data;sofascore;transfermarkt,3,False,False
2017-18,2018-04-06,İstanbul Başakşehir,Yeni Malatyaspor,1,0,football-data.co.uk (ayna: xgabora/Club-Football-Match-Data-2000-2025),football-data;sofascore;transfermarkt,3,False,False
2017-18,2018-04-07,Beşiktaş,Göztepe,5,1,football-data.co.uk (ayna: xgabora/Club-Football-Match-Data-2000-2025),football-data;sofascore;transfermarkt,3,False,False
2017-18,2018-04-07,Karabükspor,Antalyaspor,1,2,football-data.co.uk (ayna: xgabora/Club-Football-Match-Data-2000-2025),football-data;sofascore;transfermarkt,3,False,False
2017-18,2018-04-07,Trabzonspor,Kayserispor,4,0,football-data.co.uk (ayna: xgabora/Club-Football-Match-Data-2000-2025),football-data;sofascore;transfermarkt,3,False,False
2017-18,2018-04-08,Alanyaspor,Akhisarspor,3,1,football-data.co.uk (ayna: xgabora/Club-Football-Match-Data-2000-2025),football-data;sofascore;transfermarkt,3,False,False
2017-18,2018-04-08,Bursaspor,Kasımpaşa,0,1,football-data.co.uk (ayna: xgabora/Club-Football-Match-Data-2000-2025),football-data;sofascore;transfermarkt,3,False,False
2017-18,2018-04-08,Fenerbahçe,Osmanlıspor,2,0,football-data.co.uk (ayna: xgabora/Club-Football-Match-Data-2000-2025),football-data;sofascore;transfermarkt,3,False,False
2017-18,2018-04-08,Konyaspor,Sivasspor,5,0,football-data.co.uk (ayna: xgabora/Club-Football-Match-Data-2000-2025),football-data;sofascore;transfermarkt,3,False,False
2017-18,2018-04-09,Gençlerbirliği,Galatasaray,1,0,football-data.co.uk (ayna: xgabora/Club-Football-Match-Data-2000-2025),football-data;sofascore;transfermarkt,3,False,False
2017-18,2018-04-13,Akhisarspor,Beşiktaş,0,3,football-data.co.uk (ayna: xgabora/Club-Football-Match-Data-2000-2025),football-data;sofascore;transfermarkt,3,False,False
2017-18,2018-04-14,Kasımpaşa,Karabükspor,2,0,football-data.co.uk (ayna: xgabora/Club-Football-Match-Data-2000-2025),football-data;sofascore;transfermarkt,3,False,False
2017-18,2018-04-14,Sivasspor,Fenerbahçe,1,2,football-data.co.uk (ayna: xgabora/Club-Football-Match-Data-2000-2025),football-data;sofascore;transfermarkt,3,False,False
2017-18,2018-04-14,Yeni Malatyaspor,Alanyaspor,1,1,football-data.co.uk (ayna: xgabora/Club-Football-Match-Data-2000-2025),football-data;sofascore;transfermarkt,3,False,False
2017-18,2018-04-15,Antalyaspor,Konyaspor,0,0,football-data.co.uk (ayna: xgabora/Club-Football-Match-Data-2000-2025),football-data;sofascore;transfermarkt,3,False,False
2017-18,2018-04-15,Galatasaray,İstanbul Başakşehir,2,0,football-data.co.uk (ayna: xgabora/Club-Football-Match-Data-2000-2025),football-data;sofascore;transfermarkt,3,False,False
2017-18,2018-04-15,Göztepe,Bursaspor,2,1,football-data.co.uk (ayna: xgabora/Club-Football-Match-Data-2000-2025),football-data;sofascore;transfermarkt,3,False,False
2017-18,2018-04-15,Kayserispor,Gençlerbirliği,3,2,football-data.co.uk (ayna: xgabora/Club-Football-Match-Data-2000-2025),football-data;sofascore;transfermarkt,3,False,False
2017-18,2018-04-16,Osmanlıspor,Trabzonspor,3,3,football-data.co.uk (ayna: xgabora/Club-Football-Match-Data-2000-2025),football-data;sofascore;transfermarkt,3,False,False
2017-18,2018-04-20,İstanbul Başakşehir,Kayserispor,3,1,football-data.co.uk (ayna: xgabora/Club-Football-Match-Data-2000-2025),football-data;sofascore;transfermarkt,3,False,False
2017-18,2018-04-21,Alanyaspor,Galatasaray,2,3,football-data.co.uk (ayna: xgabora/Club-Football-Match-Data-2000-2025),football-data;sofascore;transfermarkt,3,False,False
2017-18,2018-04-21,Gençlerbirliği,Osmanlıspor,0,3,football-data.co.uk (ayna: xgabora/Club-Football-Match-Data-2000-2025),football-data;sofascore;transfermarkt,3,False,False
2017-18,2018-04-21,Karabükspor,Bursaspor,1,4,football-data.co.uk (ayna: xgabora/Club-Football-Match-Data-2000-2025),football-data;sofascore;transfermarkt,3,False,False
2017-18,2018-04-21,Trabzonspor,Sivasspor,0,2,football-data.co.uk (ayna: xgabora/Club-Football-Match-Data-2000-2025),football-data;sofascore;transfermarkt,3,False,False
2017-18,2018-04-22,Akhisarspor,Göztepe,1,1,football-data.co.uk (ayna: xgabora/Club-Football-Match-Data-2000-2025),football-data;sofascore;transfermarkt,3,False,False
2017-18,2018-04-22,Beşiktaş,Yeni Malatyaspor,3,1,football-data.co.uk (ayna: xgabora/Club-Football-Match-Data-2000-2025),football-data;sofascore;transfermarkt,3,False,False
2017-18,2018-04-22,Konyaspor,Kasımpaşa,2,0,football-data.co.uk (ayna: xgabora/Club-Football-Match-Data-2000-2025),football-data;sofascore;transfermarkt,3,False,False
2017-18,2018-04-23,Fenerbahçe,Antalyaspor,4,1,football-data.co.uk (ayna: xgabora/Club-Football-Match-Data-2000-2025),football-data;sofascore;transfermarkt,3,False,False
2017-18,2018-04-27,Göztepe,Karabükspor,5,0,football-data.co.uk (ayna: xgabora/Club-Football-Match-Data-2000-2025),football-data;sofascore;transfermarkt,3,False,False
2017-18,2018-04-28,Antalyaspor,Trabzonspor,1,2,football-data.co.uk (ayna: xgabora/Club-Football-Match-Data-2000-2025),football-data;sofascore;transfermarkt,3,False,False
2017-18,2018-04-28,Kasımpaşa,Fenerbahçe,1,4,football-data.co.uk (ayna: xgabora/Club-Football-Match-Data-2000-2025),football-data;sofascore;transfermarkt,3,False,False
2017-18,2018-04-28,Kayserispor,Alanyaspor,1,2,football-data.co.uk (ayna: xgabora/Club-Football-Match-Data-2000-2025),football-data;sofascore;transfermarkt,3,False,False
2017-18,2018-04-28,Sivasspor,Gençlerbirliği,1,0,football-data.co.uk (ayna: xgabora/Club-Football-Match-Data-2000-2025),football-data;sofascore;transfermarkt,3,False,False
2017-18,2018-04-29,Galatasaray,Beşiktaş,2,0,football-data.co.uk (ayna: xgabora/Club-Football-Match-Data-2000-2025),football-data;sofascore;transfermarkt,3,False,False
2017-18,2018-04-29,Osmanlıspor,İstanbul Başakşehir,1,4,football-data.co.uk (ayna: xgabora/Club-Football-Match-Data-2000-2025),football-data;sofascore;transfermarkt,3,False,False
2017-18,2018-04-29,Yeni Malatyaspor,Akhisarspor,0,0,football-data.co.uk (ayna: xgabora/Club-Football-Match-Data-2000-2025),football-data;sofascore;transfermarkt,3,False,False
2017-18,2018-04-30,Bursaspor,Konyaspor,2,1,football-data.co.uk (ayna: xgabora/Club-Football-Match-Data-2000-2025),football-data;sofascore;transfermarkt,3,False,False
2017-18,2018-05-04,İstanbul Başakşehir,Sivasspor,1,1,football-data.co.uk (ayna: xgabora/Club-Football-Match-Data-2000-2025),football-data;sofascore;transfermarkt,3,False,False
2017-18,2018-05-05,Alanyaspor,Osmanlıspor,1,1,football-data.co.uk (ayna: xgabora/Club-Football-Match-Data-2000-2025),football-data;sofascore;transfermarkt,3,False,False
2017-18,2018-05-05,Karabükspor,Konyaspor,0,1,football-data.co.uk (ayna: xgabora/Club-Football-Match-Data-2000-2025),football-data;sofascore;transfermarkt,3,False,False
2017-18,2018-05-05,Trabzonspor,Kasımpaşa,2,5,football-data.co.uk (ayna: xgabora/Club-Football-Match-Data-2000-2025),football-data;sofascore;transfermarkt,3,False,False
2017-18,2018-05-06,Akhisarspor,Galatasaray,1,2,football-data.co.uk (ayna: xgabora/Club-Football-Match-Data-2000-2025),football-data;sofascore;transfermarkt,3,False,False
2017-18,2018-05-06,Fenerbahçe,Bursaspor,2,1,football-data.co.uk (ayna: xgabora/Club-Football-Match-Data-2000-2025),football-data;sofascore;transfermarkt,3,False,False
2017-18,2018-05-06,Gençlerbirliği,Antalyaspor,0,1,football-data.co.uk (ayna: xgabora/Club-Football-Match-Data-2000-2025),football-data;sofascore;transfermarkt,3,False,False
2017-18,2018-05-07,Beşiktaş,Kayserispor,2,0,football-data.co.uk (ayna: xgabora/Club-Football-Match-Data-2000-2025),football-data;sofascore;transfermarkt,3,False,False
2017-18,2018-05-07,Göztepe,Yeni Malatyaspor,0,0,football-data.co.uk (ayna: xgabora/Club-Football-Match-Data-2000-2025),football-data;sofascore;transfermarkt,3,False,False
2017-18,2018-05-11,Antalyaspor,İstanbul Başakşehir,0,2,football-data.co.uk (ayna: xgabora/Club-Football-Match-Data-2000-2025),football-data;sofascore;transfermarkt,3,False,False
2017-18,2018-05-12,Galatasaray,Yeni Malatyaspor,2,0,football-data.co.uk (ayna: xgabora/Club-Football-Match-Data-2000-2025),football-data;sofascore;transfermarkt,3,False,False
2017-18,2018-05-12,Kasımpaşa,Gençlerbirliği,3,1,football-data.co.uk (ayna: xgabora/Club-Football-Match-Data-2000-2025),football-data;sofascore;transfermarkt,3,False,False
2017-18,2018-05-12,Konyaspor,Göztepe,1,1,football-data.co.uk (ayna: xgabora/Club-Football-Match-Data-2000-2025),football-data;sofascore;transfermarkt,3,False,False
2017-18,2018-05-13,Bursaspor,Trabzonspor,1,3,football-data.co.uk (ayna: xgabora/Club-Football-Match-Data-2000-2025),football-data;sofascore;transfermarkt,3,False,False
2017-18,2018-05-13,Osmanlıspor,Beşiktaş,2,3,football-data.co.uk (ayna: xgabora/Club-Football-Match-Data-2000-2025),football-data;sofascore;transfermarkt,3,False,False
2017-18,2018-05-13,Sivasspor,Alanyaspor,2,2,football-data.co.uk (ayna: xgabora/Club-Football-Match-Data-2000-2025),football-data;sofascore;transfermarkt,3,False,False
2017-18,2018-05-14,Karabükspor,Fenerbahçe,0,7,football-data.co.uk (ayna: xgabora/Club-Football-Match-Data-2000-2025),football-data;sofascore;transfermarkt,3,False,False
2017-18,2018-05-14,Kayserispor,Akhisarspor,1,2,football-data.co.uk (ayna: xgabora/Club-Football-Match-Data-2000-2025),football-data;sofascore;transfermarkt,3,False,False
2017-18,2018-05-18,Akhisarspor,Osmanlıspor,2,1,football-data.co.uk (ayna: xgabora/Club-Football-Match-Data-2000-2025),football-data;sofascore;transfermarkt,3,False,False
2017-18,2018-05-18,Alanyaspor,Antalyaspor,3,2,football-data.co.uk (ayna: xgabora/Club-Football-Match-Data-2000-2025),football-data;sofascore;transfermarkt,3,False,False
2017-18,2018-05-18,Gençlerbirliği,Bursaspor,1,0,football-data.co.uk (ayna: xgabora/Club-Football-Match-Data-2000-2025),football-data;sofascore;transfermarkt,3,False,False
2017-18,2018-05-18,Trabzonspor,Karabükspor,3,0,football-data.co.uk (ayna: xgabora/Club-Football-Match-Data-2000-2025),football-data;sofascore;transfermarkt,3,False,False
2017-18,2018-05-18,Yeni Malatyaspor,Kayserispor,3,2,football-data.co.uk (ayna: xgabora/Club-Football-Match-Data-2000-2025),football-data;sofascore;transfermarkt,3,False,False
2017-18,2018-05-19,Beşiktaş,Sivasspor,5,1,football-data.co.uk (ayna: xgabora/Club-Football-Match-Data-2000-2025),football-data;sofascore;transfermarkt,3,False,False
2017-18,2018-05-19,Fenerbahçe,Konyaspor,3,2,football-data.co.uk (ayna: xgabora/Club-Football-Match-Data-2000-2025),football-data;sofascore;transfermarkt,3,False,False
2017-18,2018-05-19,Göztepe,Galatasaray,0,1,football-data.co.uk (ayna: xgabora/Club-Football-Match-Data-2000-2025),football-data;sofascore;transfermarkt,3,False,False
2017-18,2018-05-19,İstanbul Başakşehir,Kasımpaşa,3,2,football-data.co.uk (ayna: xgabora/Club-Football-Match-Data-2000-2025),football-data;sofascore;transfermarkt,3,False,False
2018-19,2018-08-10,Ankaragücü,Galatasaray,1,3,football-data.co.uk (ayna: xgabora/Club-Football-Match-Data-2000-2025),football-data;sofascore;openfootball;transfermarkt,4,False,False
2018-19,2018-08-11,Fenerbahçe,Bursaspor,2,1,football-data.co.uk (ayna: xgabora/Club-Football-Match-Data-2000-2025),football-data;sofascore;openfootball;transfermarkt,4,False,False
2018-19,2018-08-11,Sivasspor,Alanyaspor,1,0,football-data.co.uk (ayna: xgabora/Club-Football-Match-Data-2000-2025),football-data;sofascore;openfootball;transfermarkt,4,False,False
2018-19,2018-08-11,Çaykur Rizespor,Kasımpaşa,2,3,football-data.co.uk (ayna: xgabora/Club-Football-Match-Data-2000-2025),football-data;sofascore;openfootball;transfermarkt,4,False,False
2018-19,2018-08-12,Beşiktaş,Akhisarspor,2,1,football-data.co.uk (ayna: xgabora/Club-Football-Match-Data-2000-2025),football-data;sofascore;openfootball;transfermarkt,4,False,False
2018-19,2018-08-12,Göztepe,Yeni Malatyaspor,1,3,football-data.co.uk (ayna: xgabora/Club-Football-Match-Data-2000-2025),football-data;sofascore;openfootball;transfermarkt,4,False,False
2018-19,2018-08-12,Konyaspor,Erzurumspor,3,2,football-data.co.uk (ayna: xgabora/Club-Football-Match-Data-2000-2025),football-data;sofascore;openfootball;transfermarkt,4,False,False
2018-19,2018-08-12,İstanbul Başakşehir,Trabzonspor,2,0,football-data.co.uk (ayna: xgabora/Club-Football-Match-Data-2000-2025),football-data;sofascore;openfootball;transfermarkt,4,False,False
2018-19,2018-08-13,Kayserispor,Antalyaspor,2,0,football-data.co.uk (ayna: xgabora/Club-Football-Match-Data-2000-2025),football-data;sofascore;openfootball;transfermarkt,4,False,False
2018-19,2018-08-17,Trabzonspor,Sivasspor,3,1,football-data.co.uk (ayna: xgabora/Club-Football-Match-Data-2000-2025),football-data;sofascore;openfootball;transfermarkt,4,False,False
2018-19,2018-08-18,Antalyaspor,Konyaspor,3,3,football-data.co.uk (ayna: xgabora/Club-Football-Match-Data-2000-2025),football-data;sofascore;openfootball;transfermarkt,4,False,False
2018-19,2018-08-18,Bursaspor,Kayserispor,0,0,football-data.co.uk (ayna: xgabora/Club-Football-Match-Data-2000-2025),football-data;sofascore;openfootball;transfermarkt,4,False,False
2018-19,2018-08-18,Yeni Malatyaspor,Fenerbahçe,1,0,football-data.co.uk (ayna: xgabora/Club-Football-Match-Data-2000-2025),football-data;sofascore;openfootball;transfermarkt,4,False,False
2018-19,2018-08-19,Akhisarspor,Çaykur Rizespor,1,1,football-data.co.uk (ayna: xgabora/Club-Football-Match-Data-2000-2025),football-data;sofascore;openfootball;transfermarkt,4,False,False
2018-19,2018-08-19,Alanyaspor,Ankaragücü,0,2,football-data.co.uk (ayna: xgabora/Club-Football-Match-Data-2000-2025),football-data;sofascore;openfootball;transfermarkt,4,False,False
2018-19,2018-08-19,Erzurumspor,Beşiktaş,1,3,football-data.co.uk (ayna: xgabora/Club-Football-Match-Data-2000-2025),football-data;sofascore;openfootball;transfermarkt,4,False,False
2018-19,2018-08-19,Galatasaray,Göztepe,1,0,football-data.co.uk (ayna: xgabora/Club-Football-Match-Data-2000-2025),football-data;sofascore;openfootball;transfermarkt,4,False,False
2018-19,2018-08-20,Kasımpaşa,İstanbul Başakşehir,2,1,football-data.co.uk (ayna: xgabora/Club-Football-Match-Data-2000-2025),football-data;sofascore;openfootball;transfermarkt,4,False,False
2018-19,2018-08-24,Çaykur Rizespor,Erzurumspor,0,0,football-data.co.uk (ayna: xgabora/Club-Football-Match-Data-2000-2025),football-data;sofascore;openfootball;transfermarkt,4,False,False
2018-19,2018-08-25,Ankaragücü,Trabzonspor,2,2,football-data.co.uk (ayna: xgabora/Club-Football-Match-Data-2000-2025),football-data;sofascore;openfootball;transfermarkt,4,False,False
2018-19,2018-08-25,Göztepe,Fenerbahçe,1,0,football-data.co.uk (ayna: xgabora/Club-Football-Match-Data-2000-2025),football-data;sofascore;openfootball;transfermarkt,4,False,False
2018-19,2018-08-25,Kayserispor,Yeni Malatyaspor,0,0,football-data.co.uk (ayna: xgabora/Club-Football-Match-Data-2000-2025),football-data;sofascore;openfootball;transfermarkt,4,False,False
2018-19,2018-08-26,Beşiktaş,Antalyaspor,2,3,football-data.co.uk (ayna: xgabora/Club-Football-Match-Data-2000-2025),football-data;sofascore;openfootball;transfermarkt,4,False,False
2018-19,2018-08-26,Konyaspor,Bursaspor,1,1,football-data.co.uk (ayna: xgabora/Club-Football-Match-Data-2000-2025),football-data;sofascore;openfootball;transfermarkt,4,False,False
2018-19,2018-08-26,Sivasspor,Kasımpaşa,0,3,football-data.co.uk (ayna: xgabora/Club-Football-Match-Data-2000-2025),football-data;sofascore;openfootball;transfermarkt,4,False,False
2018-19,2018-08-27,Galatasaray,Alanyaspor,6,0,football-data.co.uk (ayna: xgabora/Club-Football-Match-Data-2000-2025),football-data;sofascore;openfootball;transfermarkt,4,False,False
2018-19,2018-08-27,İstanbul Başakşehir,Akhisarspor,3,1,football-data.co.uk (ayna: xgabora/Club-Football-Match-Data-2000-2025),football-data;sofascore;openfootball;transfermarkt,4,False,False
2018-19,2018-08-31,Yeni Malatyaspor,Konyaspor,0,1,football-data.co.uk (ayna: xgabora/Club-Football-Match-Data-2000-2025),football-data;sofascore;openfootball;transfermarkt,4,False,False
2018-19,2018-09-01,Akhisarspor,Sivasspor,1,1,football-data.co.uk (ayna: xgabora/Club-Football-Match-Data-2000-2025),football-data;sofascore;openfootball;transfermarkt,4,False,False
2018-19,2018-09-01,Alanyaspor,Göztepe,1,0,football-data.co.uk (ayna: xgabora/Club-Football-Match-Data-2000-2025),football-data;sofascore;openfootball;transfermarkt,4,False,False
2018-19,2018-09-01,Fenerbahçe,Kayserispor,2,3,football-data.co.uk (ayna: xgabora/Club-Football-Match-Data-2000-2025),football-data;sofascore;openfootball;transfermarkt,4,False,False
2018-19,2018-09-01,Trabzonspor,Galatasaray,4,0,football-data.co.uk (ayna: xgabora/Club-Football-Match-Data-2000-2025),football-data;sofascore;openfootball;transfermarkt,4,False,False
2018-19,2018-09-02,Antalyaspor,Çaykur Rizespor,2,1,football-data.co.uk (ayna: xgabora/Club-Football-Match-Data-2000-2025),football-data;sofascore;openfootball;transfermarkt,4,False,False
2018-19,2018-09-02,Bursaspor,Beşiktaş,1,1,football-data.co.uk (ayna: xgabora/Club-Football-Match-Data-2000-2025),football-data;sofascore;openfootball;transfermarkt,4,False,False
2018-19,2018-09-02,Erzurumspor,İstanbul Başakşehir,0,1,football-data.co.uk (ayna: xgabora/Club-Football-Match-Data-2000-2025),football-data;sofascore;openfootball;transfermarkt,4,False,False
2018-19,2018-09-02,Kasımpaşa,Ankaragücü,2,1,football-data.co.uk (ayna: xgabora/Club-Football-Match-Data-2000-2025),football-data;sofascore;openfootball;transfermarkt,4,False,False
2018-19,2018-09-14,Galatasaray,Kasımpaşa,4,1,football-data.co.uk (ayna: xgabora/Club-Football-Match-Data-2000-2025),football-data;sofascore;openfootball;transfermarkt,4,False,False
2018-19,2018-09-15,Ankaragücü,Akhisarspor,1,0,football-data.co.uk (ayna: xgabora/Club-Football-Match-Data-2000-2025),football-data;sofascore;openfootball;transfermarkt,4,False,False
2018-19,2018-09-15,Beşiktaş,Yeni Malatyaspor,2,1,football-data.co.uk (ayna: xgabora/Club-Football-Match-Data-2000-2025),football-data;sofascore;openfootball;transfermarkt,4,False,False
2018-19,2018-09-15,Göztepe,Kayserispor,2,0,football-data.co.uk (ayna: xgabora/Club-Football-Match-Data-2000-2025),football-data;sofascore;openfootball;transfermarkt,4,False,False
2018-19,2018-09-16,Konyaspor,Fenerbahçe,0,1,football-data.co.uk (ayna: xgabora/Club-Football-Match-Data-2000-2025),football-data;sofascore;openfootball;transfermarkt,4,False,False
2018-19,2018-09-16,Sivasspor,Erzurumspor,2,2,football-data.co.uk (ayna: xgabora/Club-Football-Match-Data-2000-2025),football-data;sofascore;openfootball;transfermarkt,4,False,False
2018-19,2018-09-16,Çaykur Rizespor,Bursaspor,1,1,football-data.co.uk (ayna: xgabora/Club-Football-Match-Data-2000-2025),football-data;sofascore;openfootball;transfermarkt,4,False,False
2018-19,2018-09-16,İstanbul Başakşehir,Antalyaspor,4,0,football-data.co.uk (ayna: xgabora/Club-Football-Match-Data-2000-2025),football-data;sofascore;openfootball;transfermarkt,4,False,False
2018-19,2018-09-17,Alanyaspor,Trabzonspor,1,0,football-data.co.uk (ayna: xgabora/Club-Football-Match-Data-2000-2025),football-data;sofascore;openfootball;transfermarkt,4,False,False
2018-19,2018-09-21,Bursaspor,İstanbul Başakşehir,0,0,football-data.co.uk (ayna: xgabora/Club-Football-Match-Data-2000-2025),football-data;sofascore;openfootball;transfermarkt,4,False,False
2018-19,2018-09-21,Erzurumspor,Ankaragücü,0,1,football-data.co.uk (ayna: xgabora/Club-Football-Match-Data-2000-2025),football-data;sofascore;openfootball;transfermarkt,4,False,False
2018-19,2018-09-22,Kayserispor,Konyaspor,0,2,football-data.co.uk (ayna: xgabora/Club-Football-Match-Data-2000-2025),football-data;sofascore;openfootball;transfermarkt,4,False,False
2018-19,2018-09-22,Trabzonspor,Göztepe,1,2,football-data.co.uk (ayna: xgabora/Club-Football-Match-Data-2000-2025),football-data;sofascore;openfootball;transfermarkt,4,False,False
2018-19,2018-09-22,Yeni Malatyaspor,Çaykur Rizespor,1,0,football-data.co.uk (ayna: xgabora/Club-Football-Match-Data-2000-2025),football-data;sofascore;openfootball;transfermarkt,4,False,False
2018-19,2018-09-23,Akhisarspor,Galatasaray,3,0,football-data.co.uk (ayna: xgabora/Club-Football-Match-Data-2000-2025),football-data;sofascore;openfootball;transfermarkt,4,False,False
2018-19,2018-09-23,Antalyaspor,Sivasspor,2,1,football-data.co.uk (ayna: xgabora/Club-Football-Match-Data-2000-2025),football-data;sofascore;openfootball;transfermarkt,4,False,False
2018-19,2018-09-23,Kasımpaşa,Alanyaspor,1,2,football-data.co.uk (ayna: xgabora/Club-Football-Match-Data-2000-2025),football-data;sofascore;openfootball;transfermarkt,4,False,False
2018-19,2018-09-24,Fenerbahçe,Beşiktaş,1,1,football-data.co.uk (ayna: xgabora/Club-Football-Match-Data-2000-2025),football-data;sofascore;openfootball;transfermarkt,4,False,False
2018-19,2018-09-28,Galatasaray,Erzurumspor,1,0,football-data.co.uk (ayna: xgabora/Club-Football-Match-Data-2000-2025),football-data;sofascore;openfootball;transfermarkt,4,False,False
2018-19,2018-09-29,Alanyaspor,Akhisarspor,2,1,football-data.co.uk (ayna: xgabora/Club-Football-Match-Data-2000-2025),football-data;sofascore;openfootball;transfermarkt,4,False,False
2018-19,2018-09-29,Beşiktaş,Kayserispor,2,0,football-data.co.uk (ayna: xgabora/Club-Football-Match-Data-2000-2025),football-data;sofascore;openfootball;transfermarkt,4,False,False
2018-19,2018-09-29,Trabzonspor,Kasımpaşa,4,2,football-data.co.uk (ayna: xgabora/Club-Football-Match-Data-2000-2025),football-data;sofascore;openfootball;transfermarkt,4,False,False
2018-19,2018-09-30,Göztepe,Konyaspor,3,2,football-data.co.uk (ayna: xgabora/Club-Football-Match-Data-2000-2025),football-data;sofascore;openfootball;transfermarkt,4,False,False
2018-19,2018-09-30,Sivasspor,Bursaspor,2,0,football-data.co.uk (ayna: xgabora/Club-Football-Match-Data-2000-2025),football-data;sofascore;openfootball;transfermarkt,4,False,False
2018-19,2018-09-30,Çaykur Rizespor,Fenerbahçe,3,0,football-data.co.uk (ayna: xgabora/Club-Football-Match-Data-2000-2025),football-data;sofascore;openfootball;transfermarkt,4,False,False
2018-19,2018-10-01,Ankaragücü,Antalyaspor,0,1,football-data.co.uk (ayna: xgabora/Club-Football-Match-Data-2000-2025),football-data;sofascore;openfootball;transfermarkt,4,False,False
2018-19,2018-10-01,İstanbul Başakşehir,Yeni Malatyaspor,1,1,football-data.co.uk (ayna: xgabora/Club-Football-Match-Data-2000-2025),football-data;sofascore;openfootball;transfermarkt,4,False,False
2018-19,2018-10-05,Kasımpaşa,Göztepe,3,1,football-data.co.uk (ayna: xgabora/Club-Football-Match-Data-2000-2025),football-data;sofascore;openfootball;transfermarkt,4,False,False
2018-19,2018-10-06,Antalyaspor,Galatasaray,0,1,football-data.co.uk (ayna: xgabora/Club-Football-Match-Data-2000-2025),football-data;sofascore;openfootball;transfermarkt,4,False,False
2018-19,2018-10-06,Bursaspor,Ankaragücü,1,0,football-data.co.uk (ayna: xgabora/Club-Football-Match-Data-2000-2025),football-data;sofascore;openfootball;transfermarkt,4,False,False
2018-19,2018-10-06,Erzurumspor,Alanyaspor,1,0,football-data.co.uk (ayna: xgabora/Club-Football-Match-Data-2000-2025),football-data;sofascore;openfootball;transfermarkt,4,False,False
2018-19,2018-10-06,Kayserispor,Çaykur Rizespor,2,2,football-data.co.uk (ayna: xgabora/Club-Football-Match-Data-2000-2025),football-data;sofascore;openfootball;transfermarkt,4,False,False
2018-19,2018-10-07,Akhisarspor,Trabzonspor,1,3,football-data.co.uk (ayna: xgabora/Club-Football-Match-Data-2000-2025),football-data;sofascore;openfootball;transfermarkt,4,False,False
2018-19,2018-10-07,Fenerbahçe,İstanbul Başakşehir,0,0,football-data.co.uk (ayna: xgabora/Club-Football-Match-Data-2000-2025),football-data;sofascore;openfootball;transfermarkt,4,False,False
2018-19,2018-10-07,Konyaspor,Beşiktaş,2,2,football-data.co.uk (ayna: xgabora/Club-Football-Match-Data-2000-2025),football-data;sofascore;openfootball;transfermarkt,4,False,False
2018-19,2018-10-07,Yeni Malatyaspor,Sivasspor,4,4,football-data.co.uk (ayna: xgabora/Club-Football-Match-Data-2000-2025),football-data;sofascore;openfootball;transfermarkt,4,False,False
2018-19,2018-10-19,Galatasaray,Bursaspor,1,1,football-data.co.uk (ayna: xgabora/Club-Football-Match-Data-2000-2025),football-data;sofascore;openfootball;transfermarkt,4,False,False
2018-19,2018-10-20,Kasımpaşa,Akhisarspor,5,0,football-data.co.uk (ayna: xgabora/Club-Football-Match-Data-2000-2025),football-data;sofascore;openfootball;transfermarkt,4,False,False
2018-19,2018-10-20,Sivasspor,Fenerbahçe,0,0,football-data.co.uk (ayna: xgabora/Club-Football-Match-Data-2000-2025),football-data;sofascore;openfootball;transfermarkt,4,False,False
2018-19,2018-10-20,İstanbul Başakşehir,Kayserispor,1,0,football-data.co.uk (ayna: xgabora/Club-Football-Match-Data-2000-2025),football-data;sofascore;openfootball;transfermarkt,4,False,False
2018-19,2018-10-21,Alanyaspor,Antalyaspor,0,1,football-data.co.uk (ayna: xgabora/Club-Football-Match-Data-2000-2025),football-data;sofascore;openfootball;transfermarkt,4,False,False
2018-19,2018-10-21,Ankaragücü,Yeni Malatyaspor,1,0,football-data.co.uk (ayna: xgabora/Club-Football-Match-Data-2000-2025),football-data;sofascore;openfootball;transfermarkt,4,False,False
2018-19,2018-10-21,Göztepe,Beşiktaş,2,0,football-data.co.uk (ayna: xgabora/Club-Football-Match-Data-2000-2025),football-data;sofascore;openfootball;transfermarkt,4,False,False
2018-19,2018-10-21,Çaykur Rizespor,Konyaspor,1,1,football-data.co.uk (ayna: xgabora/Club-Football-Match-Data-2000-2025),football-data;sofascore;openfootball;transfermarkt,4,False,False
2018-19,2018-10-22,Trabzonspor,Erzurumspor,0,0,football-data.co.uk (ayna: xgabora/Club-Football-Match-Data-2000-2025),football-data;sofascore;openfootball;transfermarkt,4,False,False
2018-19,2018-10-26,Bursaspor,Alanyaspor,2,0,football-data.co.uk (ayna: xgabora/Club-Football-Match-Data-2000-2025),football-data;sofascore;openfootball;transfermarkt,4,False,False
2018-19,2018-10-27,Antalyaspor,Trabzonspor,1,1,football-data.co.uk (ayna: xgabora/Club-Football-Match-Data-2000-2025),football-data;sofascore;openfootball;transfermarkt,4,False,False
2018-19,2018-10-27,Erzurumspor,Kasımpaşa,1,1,football-data.co.uk (ayna: xgabora/Club-Football-Match-Data-2000-2025),football-data;sofascore;openfootball;transfermarkt,4,False,False
2018-19,2018-10-27,Konyaspor,İstanbul Başakşehir,0,1,football-data.co.uk (ayna: xgabora/Club-Football-Match-Data-2000-2025),football-data;sofascore;openfootball;transfermarkt,4,False,False
2018-19,2018-10-28,Fenerbahçe,Ankaragücü,1,3,football-data.co.uk (ayna: xgabora/Club-Football-Match-Data-2000-2025),football-data;sofascore;openfootball;transfermarkt,4,False,False
2018-19,2018-10-28,Kayserispor,Sivasspor,2,0,football-data.co.uk (ayna: xgabora/Club-Football-Match-Data-2000-2025),football-data;sofascore;openfootball;transfermarkt,4,False,False
2018-19,2018-10-28,Yeni Malatyaspor,Galatasaray,2,0,football-data.co.uk (ayna: xgabora/Club-Football-Match-Data-2000-2025),football-data;sofascore;openfootball;transfermarkt,4,False,False
2018-19,2018-10-29,Akhisarspor,Göztepe,1,0,football-data.co.uk (ayna: xgabora/Club-Football-Match-Data-2000-2025),football-data;sofascore;openfootball;transfermarkt,4,False,False
2018-19,2018-10-29,Beşiktaş,Çaykur Rizespor,4,1,football-data.co.uk (ayna: xgabora/Club-Football-Match-Data-2000-2025),football-data;sofascore;openfootball;transfermarkt,4,False,False
2018-19,2018-11-02,Galatasaray,Fenerbahçe,2,2,football-data.co.uk (ayna: xgabora/Club-Football-Match-Data-2000-2025),football-data;sofascore;openfootball;transfermarkt,4,False,False
2018-19,2018-11-03,Akhisarspor,Erzurumspor,1,1,football-data.co.uk (ayna: xgabora/Club-Football-Match-Data-2000-2025),football-data;sofascore;openfootball;transfermarkt,4,False,False
2018-19,2018-11-03,Kasımpaşa,Antalyaspor,1,2,football-data.co.uk (ayna: xgabora/Club-Football-Match-Data-2000-2025),football-data;sofascore;openfootball;transfermarkt,4,False,False
2018-19,2018-11-03,İstanbul Başakşehir,Beşiktaş,1,0,football-data.co.uk (ayna: xgabora/Club-Football-Match-Data-2000-2025),football-data;sofascore;openfootball;transfermarkt,4,False,False
2018-19,2018-11-04,Alanyaspor,Yeni Malatyaspor,0,1,football-data.co.uk (ayna: xgabora/Club-Football-Match-Data-2000-2025),football-data;sofascore;openfootball;transfermarkt,4,False,False
2018-19,2018-11-04,Ankaragücü,Kayserispor,3,1,football-data.co.uk (ayna: xgabora/Club-Football-Match-Data-2000-2025),football-data;sofascore;openfootball;transfermarkt,4,False,False
2018-19,2018-11-04,Trabzonspor,Bursaspor,1,1,football-data.co.uk (ayna: xgabora/Club-Football-Match-Data-2000-2025),football-data;sofascore;openfootball;transfermarkt,4,False,False
2018-19,2018-11-05,Göztepe,Çaykur Rizespor,2,0,football-data.co.uk (ayna: xgabora/Club-Football-Match-Data-2000-2025),football-data;sofascore;openfootball;transfermarkt,4,False,False
2018-19,2018-11-05,Sivasspor,Konyaspor,0,0,football-data.co.uk (ayna: xgabora/Club-Football-Match-Data-2000-2025),football-data;sofascore;openfootball;transfermarkt,4,False,False
2018-19,2018-11-09,Yeni Malatyaspor,Trabzonspor,5,0,football-data.co.uk (ayna: xgabora/Club-Football-Match-Data-2000-2025),football-data;sofascore;openfootball;transfermarkt,4,False,False
2018-19,2018-11-10,Erzurumspor,Göztepe,2,1,football-data.co.uk (ayna: xgabora/Club-Football-Match-Data-2000-2025),football-data;sofascore;openfootball;transfermarkt,4,False,False
2018-19,2018-11-10,Kayserispor,Galatasaray,0,3,football-data.co.uk (ayna: xgabora/Club-Football-Match-Data-2000-2025),football-data;sofascore;openfootball;transfermarkt,4,False,False
2018-19,2018-11-10,Konyaspor,Ankaragücü,2,0,football-data.co.uk (ayna: xgabora/Club-Football-Match-Data-2000-2025),football-data;sofascore;openfootball;transfermarkt,4,False,False
2018-19,2018-11-10,Çaykur Rizespor,İstanbul Başakşehir,1,2,football-data.co.uk (ayna: xgabora/Club-Football-Match-Data-2000-2025),football-data;sofascore;openfootball;transfermarkt,4,False,False
2018-19,2018-11-11,Antalyaspor,Akhisarspor,1,2,football-data.co.uk (ayna: xgabora/Club-Football-Match-Data-2000-2025),football-data;sofascore;openfootball;transfermarkt,4,False,False
2018-19,2018-11-11,Beşiktaş,Sivasspor,1,2,football-data.co.uk (ayna: xgabora/Club-Football-Match-Data-2000-2025),football-data;sofascore;openfootball;transfermarkt,4,False,False
2018-19,2018-11-11,Bursaspor,Kasımpaşa,1,2,football-data.co.uk (ayna: xgabora/Club-Football-Match-Data-2000-2025),football-data;sofascore;openfootball;transfermarkt,4,False,False
2018-19,2018-11-11,Fenerbahçe,Alanyaspor,2,0,football-data.co.uk (ayna: xgabora/Club-Football-Match-Data-2000-2025),football-data;sofascore;openfootball;transfermarkt,4,False,False
2018-19,2018-11-23,Galatasaray,Konyaspor,1,1,football-data.co.uk (ayna: xgabora/Club-Football-Match-Data-2000-2025),football-data;sofascore;openfootball;transfermarkt,4,False,False
2018-19,2018-11-24,Alanyaspor,Kayserispor,5,0,football-data.co.uk (ayna: xgabora/Club-Football-Match-Data-2000-2025),football-data;sofascore;openfootball;transfermarkt,4,False,False
2018-19,2018-11-24,Ankaragücü,Beşiktaş,1,4,football-data.co.uk (ayna: xgabora/Club-Football-Match-Data-2000-2025),football-data;sofascore;openfootball;transfermarkt,4,False,False
2018-19,2018-11-24,Erzurumspor,Antalyaspor,1,0,football-data.co.uk (ayna: xgabora/Club-Football-Match-Data-2000-2025),football-data;sofascore;openfootball;transfermarkt,4,False,False
2018-19,2018-11-25,Akhisarspor,Bursaspor,2,4,football-data.co.uk (ayna: xgabora/Club-Football-Match-Data-2000-2025),football-data;sofascore;openfootball;transfermarkt,4,False,False
2018-19,2018-11-25,Kasımpaşa,Yeni Malatyaspor,3,0,football-data.co.uk (ayna: xgabora/Club-Football-Match-Data-2000-2025),football-data;sofascore;openfootball;transfermarkt,4,False,False
2018-19,2018-11-25,Sivasspor,Çaykur Rizespor,1,1,football-data.co.uk (ayna: xgabora/Club-Football-Match-Data-2000-2025),football-data;sofascore;openfootball;transfermarkt,4,False,False
2018-19,2018-11-25,Trabzonspor,Fenerbahçe,2,1,football-data.co.uk (ayna: xgabora/Club-Football-Match-Data-2000-2025),football-data;sofascore;openfootball;transfermarkt,4,False,False
2018-19,2018-11-26,Göztepe,İstanbul Başakşehir,0,2,football-data.co.uk (ayna: xgabora/Club-Football-Match-Data-2000-2025),football-data;sofascore;openfootball;transfermarkt,4,False,False
2018-19,2018-11-30,Konyaspor,Alanyaspor,2,0,football-data.co.uk (ayna: xgabora/Club-Football-Match-Data-2000-2025),football-data;sofascore;openfootball;transfermarkt,4,False,False
2018-19,2018-11-30,Çaykur Rizespor,Ankaragücü,1,1,football-data.co.uk (ayna: xgabora/Club-Football-Match-Data-2000-2025),football-data;sofascore;openfootball;transfermarkt,4,False,False
2018-19,2018-12-01,Antalyaspor,Göztepe,1,0,football-data.co.uk (ayna: xgabora/Club-Football-Match-Data-2000-2025),football-data;sofascore;openfootball;transfermarkt,4,False,False
2018-19,2018-12-01,Kayserispor,Trabzonspor,0,2,football-data.co.uk (ayna: xgabora/Club-Football-Match-Data-2000-2025),football-data;sofascore;openfootball;transfermarkt,4,False,False
2018-19,2018-12-01,İstanbul Başakşehir,Sivasspor,0,1,football-data.co.uk (ayna: xgabora/Club-Football-Match-Data-2000-2025),football-data;sofascore;openfootball;transfermarkt,4,False,False
2018-19,2018-12-02,Beşiktaş,Galatasaray,1,0,football-data.co.uk (ayna: xgabora/Club-Football-Match-Data-2000-2025),football-data;sofascore;openfootball;transfermarkt,4,False,False
2018-19,2018-12-02,Bursaspor,Erzurumspor,2,1,football-data.co.uk (ayna: xgabora/Club-Football-Match-Data-2000-2025),football-data;sofascore;openfootball;transfermarkt,4,False,False
2018-19,2018-12-03,Fenerbahçe,Kasımpaşa,2,2,football-data.co.uk (ayna: xgabora/Club-Football-Match-Data-2000-2025),football-data;sofascore;openfootball;transfermarkt,4,False,False
2018-19,2018-12-03,Yeni Malatyaspor,Akhisarspor,1,1,football-data.co.uk (ayna: xgabora/Club-Football-Match-Data-2000-2025),football-data;sofascore;openfootball;transfermarkt,4,False,False
2018-19,2018-12-07,Alanyaspor,Beşiktaş,0,0,football-data.co.uk (ayna: xgabora/Club-Football-Match-Data-2000-2025),football-data;sofascore;openfootball;transfermarkt,4,False,False
2018-19,2018-12-08,Galatasaray,Çaykur Rizespor,2,2,football-data.co.uk (ayna: xgabora/Club-Football-Match-Data-2000-2025),football-data;sofascore;openfootball;transfermarkt,4,False,False
2018-19,2018-12-08,Sivasspor,Göztepe,2,0,football-data.co.uk (ayna: xgabora/Club-Football-Match-Data-2000-2025),football-data;sofascore;openfootball;transfermarkt,4,False,False
2018-19,2018-12-08,Trabzonspor,Konyaspor,3,0,football-data.co.uk (ayna: xgabora/Club-Football-Match-Data-2000-2025),football-data;sofascore;openfootball;transfermarkt,4,False,False
2018-19,2018-12-09,Akhisarspor,Fenerbahçe,3,0,football-data.co.uk (ayna: xgabora/Club-Football-Match-Data-2000-2025),football-data;sofascore;openfootball;transfermarkt,4,False,False
2018-19,2018-12-09,Bursaspor,Antalyaspor,0,2,football-data.co.uk (ayna: xgabora/Club-Football-Match-Data-2000-2025),football-data;sofascore;openfootball;transfermarkt,4,False,False
2018-19,2018-12-09,Erzurumspor,Yeni Malatyaspor,1,3,football-data.co.uk (ayna: xgabora/Club-Football-Match-Data-2000-2025),football-data;sofascore;openfootball;transfermarkt,4,False,False
2018-19,2018-12-10,Ankaragücü,İstanbul Başakşehir,0,1,football-data.co.uk (ayna: xgabora/Club-Football-Match-Data-2000-2025),football-data;sofascore;openfootball;transfermarkt,4,False,False
2018-19,2018-12-10,Kasımpaşa,Kayserispor,0,3,football-data.co.uk (ayna: xgabora/Club-Football-Match-Data-2000-2025),football-data;sofascore;openfootball;transfermarkt,4,False,False
2018-19,2018-12-14,Göztepe,Bursaspor,0,0,football-data.co.uk (ayna: xgabora/Club-Football-Match-Data-2000-2025),football-data;sofascore;openfootball;transfermarkt,4,False,False
2018-19,2018-12-15,Konyaspor,Kasımpaşa,3,2,football-data.co.uk (ayna: xgabora/Club-Football-Match-Data-2000-2025),football-data;sofascore;openfootball;transfermarkt,4,False,False
2018-19,2018-12-15,Sivasspor,Ankaragücü,4,0,football-data.co.uk (ayna: xgabora/Club-Football-Match-Data-2000-2025),football-data;sofascore;openfootball;transfermarkt,4,False,False
2018-19,2018-12-15,Çaykur Rizespor,Alanyaspor,1,1,football-data.co.uk (ayna: xgabora/Club-Football-Match-Data-2000-2025),football-data;sofascore;openfootball;transfermarkt,4,False,False
2018-19,2018-12-15,İstanbul Başakşehir,Galatasaray,1,1,football-data.co.uk (ayna: xgabora/Club-Football-Match-Data-2000-2025),football-data;sofascore;openfootball;transfermarkt,4,False,False
2018-19,2018-12-16,Beşiktaş,Trabzonspor,2,2,football-data.co.uk (ayna: xgabora/Club-Football-Match-Data-2000-2025),football-data;sofascore;openfootball;transfermarkt,4,False,False
2018-19,2018-12-16,Kayserispor,Akhisarspor,1,0,football-data.co.uk (ayna: xgabora/Club-Football-Match-Data-2000-2025),football-data;sofascore;openfootball;transfermarkt,4,False,False
2018-19,2018-12-16,Yeni Malatyaspor,Antalyaspor,2,0,football-data.co.uk (ayna: xgabora/Club-Football-Match-Data-2000-2025),football-data;sofascore;openfootball;transfermarkt,4,False,False
2018-19,2018-12-17,Fenerbahçe,Erzurumspor,2,2,football-data.co.uk (ayna: xgabora/Club-Football-Match-Data-2000-2025),football-data;sofascore;openfootball;transfermarkt,4,False,False
2018-19,2018-12-22,Alanyaspor,İstanbul Başakşehir,1,1,football-data.co.uk (ayna: xgabora/Club-Football-Match-Data-2000-2025),football-data;sofascore;openfootball;transfermarkt,4,False,False
2018-19,2018-12-22,Ankaragücü,Göztepe,0,3,football-data.co.uk (ayna: xgabora/Club-Football-Match-Data-2000-2025),football-data;sofascore;openfootball;transfermarkt,4,False,False
2018-19,2018-12-22,Kasımpaşa,Beşiktaş,4,1,football-data.co.uk (ayna: xgabora/Club-Football-Match-Data-2000-2025),football-data;sofascore;openfootball;transfermarkt,4,False,False
2018-19,2018-12-23,Bursaspor,Yeni Malatyaspor,1,1,football-data.co.uk (ayna: xgabora/Club-Football-Match-Data-2000-2025),football-data;sofascore;openfootball;transfermarkt,4,False,False
2018-19,2018-12-23,Erzurumspor,Kayserispor,1,1,football-data.co.uk (ayna: xgabora/Club-Football-Match-Data-2000-2025),football-data;sofascore;openfootball;transfermarkt,4,False,False
2018-19,2018-12-23,Galatasaray,Sivasspor,4,2,football-data.co.uk (ayna: xgabora/Club-Football-Match-Data-2000-2025),football-data;sofascore;openfootball;transfermarkt,4,False,False
2018-19,2018-12-23,Trabzonspor,Çaykur Rizespor,4,1,football-data.co.uk (ayna: xgabora/Club-Football-Match-Data-2000-2025),football-data;sofascore;openfootball;transfermarkt,4,False,False
2018-19,2018-12-24,Akhisarspor,Konyaspor,0,0,football-data.co.uk (ayna: xgabora/Club-Football-Match-Data-2000-2025),football-data;sofascore;openfootball;transfermarkt,4,False,False
2018-19,2018-12-24,Antalyaspor,Fenerbahçe,0,0,football-data.co.uk (ayna: xgabora/Club-Football-Match-Data-2000-2025),football-data;sofascore;openfootball;transfermarkt,4,False,False
2018-19,2019-01-18,Akhisarspor,Beşiktaş,0,3,sofascore (ayna: c0ze/super-lig),sofascore;openfootball;transfermarkt,4,True,False
2018-19,2019-01-19,Antalyaspor,Kayserispor,0,0,football-data.co.uk (ayna: xgabora/Club-Football-Match-Data-2000-2025),football-data;sofascore;openfootball;transfermarkt,4,False,False
2018-19,2019-01-19,Erzurumspor,Konyaspor,1,2,football-data.co.uk (ayna: xgabora/Club-Football-Match-Data-2000-2025),football-data;sofascore;openfootball;transfermarkt,4,False,False
2018-19,2019-01-19,Galatasaray,Ankaragücü,6,0,football-data.co.uk (ayna: xgabora/Club-Football-Match-Data-2000-2025),football-data;sofascore;openfootball;transfermarkt,4,False,False
2018-19,2019-01-19,Yeni Malatyaspor,Göztepe,3,2,football-data.co.uk (ayna: xgabora/Club-Football-Match-Data-2000-2025),football-data;sofascore;openfootball;transfermarkt,4,False,False
2018-19,2019-01-20,Alanyaspor,Sivasspor,2,0,football-data.co.uk (ayna: xgabora/Club-Football-Match-Data-2000-2025),football-data;sofascore;openfootball;transfermarkt,4,False,False
2018-19,2019-01-20,Trabzonspor,İstanbul Başakşehir,2,4,football-data.co.uk (ayna: xgabora/Club-Football-Match-Data-2000-2025),football-data;sofascore;openfootball;transfermarkt,4,False,False
2018-19,2019-01-21,Bursaspor,Fenerbahçe,1,1,football-data.co.uk (ayna: xgabora/Club-Football-Match-Data-2000-2025),football-data;sofascore;openfootball;transfermarkt,4,False,False
2018-19,2019-01-21,Kasımpaşa,Çaykur Rizespor,0,1,football-data.co.uk (ayna: xgabora/Club-Football-Match-Data-2000-2025),football-data;sofascore;openfootball;transfermarkt,4,False,False
2018-19,2019-01-25,Beşiktaş,Erzurumspor,1,1,football-data.co.uk (ayna: xgabora/Club-Football-Match-Data-2000-2025),football-data;sofascore;openfootball;transfermarkt,4,False,False
2018-19,2019-01-26,Göztepe,Galatasaray,0,1,football-data.co.uk (ayna: xgabora/Club-Football-Match-Data-2000-2025),football-data;sofascore;openfootball;transfermarkt,4,False,False
2018-19,2019-01-26,Kayserispor,Bursaspor,1,1,football-data.co.uk (ayna: xgabora/Club-Football-Match-Data-2000-2025),football-data;sofascore;openfootball;transfermarkt,4,False,False
2018-19,2019-01-27,Konyaspor,Antalyaspor,2,0,football-data.co.uk (ayna: xgabora/Club-Football-Match-Data-2000-2025),football-data;sofascore;openfootball;transfermarkt,4,False,False
2018-19,2019-01-27,Sivasspor,Trabzonspor,1,1,football-data.co.uk (ayna: xgabora/Club-Football-Match-Data-2000-2025),football-data;sofascore;openfootball;transfermarkt,4,False,False
2018-19,2019-01-27,Çaykur Rizespor,Akhisarspor,3,1,football-data.co.uk (ayna: xgabora/Club-Football-Match-Data-2000-2025),football-data;sofascore;openfootball;transfermarkt,4,False,False
2018-19,2019-01-28,Ankaragücü,Alanyaspor,0,2,football-data.co.uk (ayna: xgabora/Club-Football-Match-Data-2000-2025),football-data;sofascore;openfootball;transfermarkt,4,False,False
2018-19,2019-01-28,Fenerbahçe,Yeni Malatyaspor,3,2,football-data.co.uk (ayna: xgabora/Club-Football-Match-Data-2000-2025),football-data;sofascore;openfootball;transfermarkt,4,False,False
2018-19,2019-01-28,İstanbul Başakşehir,Kasımpaşa,2,0,football-data.co.uk (ayna: xgabora/Club-Football-Match-Data-2000-2025),football-data;sofascore;openfootball;transfermarkt,4,False,False
2018-19,2019-02-01,Fenerbahçe,Göztepe,2,0,football-data.co.uk (ayna: xgabora/Club-Football-Match-Data-2000-2025),football-data;sofascore;openfootball;transfermarkt,4,False,False
2018-19,2019-02-02,Alanyaspor,Galatasaray,1,1,football-data.co.uk (ayna: xgabora/Club-Football-Match-Data-2000-2025),football-data;sofascore;openfootball;transfermarkt,4,False,False
2018-19,2019-02-02,Kasımpaşa,Sivasspor,1,3,football-data.co.uk (ayna: xgabora/Club-Football-Match-Data-2000-2025),football-data;sofascore;openfootball;transfermarkt,4,False,False
2018-19,2019-02-02,Trabzonspor,Ankaragücü,1,0,football-data.co.uk (ayna: xgabora/Club-Football-Match-Data-2000-2025),football-data;sofascore;openfootball;transfermarkt,4,False,False
2018-19,2019-02-02,Yeni Malatyaspor,Kayserispor,1,1,football-data.co.uk (ayna: xgabora/Club-Football-Match-Data-2000-2025),football-data;sofascore;openfootball;transfermarkt,4,False,False
2018-19,2019-02-03,Akhisarspor,İstanbul Başakşehir,0,3,football-data.co.uk (ayna: xgabora/Club-Football-Match-Data-2000-2025),football-data;sofascore;openfootball;transfermarkt,4,False,False
2018-19,2019-02-03,Antalyaspor,Beşiktaş,2,6,football-data.co.uk (ayna: xgabora/Club-Football-Match-Data-2000-2025),football-data;sofascore;openfootball;transfermarkt,4,False,False
2018-19,2019-02-03,Erzurumspor,Çaykur Rizespor,0,1,football-data.co.uk (ayna: xgabora/Club-Football-Match-Data-2000-2025),football-data;sofascore;openfootball;transfermarkt,4,False,False
2018-19,2019-02-04,Bursaspor,Konyaspor,0,0,football-data.co.uk (ayna: xgabora/Club-Football-Match-Data-2000-2025),football-data;sofascore;openfootball;transfermarkt,4,False,False
2018-19,2019-02-08,Kayserispor,Fenerbahçe,1,0,football-data.co.uk (ayna: xgabora/Club-Football-Match-Data-2000-2025),football-data;sofascore;openfootball;transfermarkt,4,False,False
2018-19,2019-02-09,Beşiktaş,Bursaspor,2,0,football-data.co.uk (ayna: xgabora/Club-Football-Match-Data-2000-2025),football-data;sofascore;openfootball;transfermarkt,4,False,False
2018-19,2019-02-09,Çaykur Rizespor,Antalyaspor,1,1,football-data.co.uk (ayna: xgabora/Club-Football-Match-Data-2000-2025),football-data;sofascore;openfootball;transfermarkt,4,False,False
2018-19,2019-02-09,İstanbul Başakşehir,Erzurumspor,1,1,football-data.co.uk (ayna: xgabora/Club-Football-Match-Data-2000-2025),football-data;sofascore;openfootball;transfermarkt,4,False,False
2018-19,2019-02-10,Galatasaray,Trabzonspor,3,1,football-data.co.uk (ayna: xgabora/Club-Football-Match-Data-2000-2025),football-data;sofascore;openfootball;transfermarkt,4,False,False
2018-19,2019-02-10,Göztepe,Alanyaspor,3,2,football-data.co.uk (ayna: xgabora/Club-Football-Match-Data-2000-2025),football-data;sofascore;openfootball;transfermarkt,4,False,False
2018-19,2019-02-10,Konyaspor,Yeni Malatyaspor,1,1,football-data.co.uk (ayna: xgabora/Club-Football-Match-Data-2000-2025),football-data;sofascore;openfootball;transfermarkt,4,False,False
2018-19,2019-02-11,Ankaragücü,Kasımpaşa,3,0,football-data.co.uk (ayna: xgabora/Club-Football-Match-Data-2000-2025),football-data;sofascore;openfootball;transfermarkt,4,False,False
2018-19,2019-02-11,Sivasspor,Akhisarspor,2,1,football-data.co.uk (ayna: xgabora/Club-Football-Match-Data-2000-2025),football-data;sofascore;openfootball;transfermarkt,4,False,False
2018-19,2019-02-15,Yeni Malatyaspor,Beşiktaş,1,2,football-data.co.uk (ayna: xgabora/Club-Football-Match-Data-2000-2025),football-data;sofascore;openfootball;transfermarkt,4,False,False
2018-19,2019-02-16,Akhisarspor,Ankaragücü,0,0,football-data.co.uk (ayna: xgabora/Club-Football-Match-Data-2000-2025),football-data;sofascore;openfootball;transfermarkt,4,False,False
2018-19,2019-02-16,Bursaspor,Çaykur Rizespor,0,2,football-data.co.uk (ayna: xgabora/Club-Football-Match-Data-2000-2025),football-data;sofascore;openfootball;transfermarkt,4,False,False
2018-19,2019-02-16,Fenerbahçe,Konyaspor,1,1,football-data.co.uk (ayna: xgabora/Club-Football-Match-Data-2000-2025),football-data;sofascore;openfootball;transfermarkt,4,False,False
2018-19,2019-02-17,Erzurumspor,Sivasspor,4,2,football-data.co.uk (ayna: xgabora/Club-Football-Match-Data-2000-2025),football-data;sofascore;openfootball;transfermarkt,4,False,False
2018-19,2019-02-17,Kasımpaşa,Galatasaray,1,4,football-data.co.uk (ayna: xgabora/Club-Football-Match-Data-2000-2025),football-data;sofascore;openfootball;transfermarkt,4,False,False
2018-19,2019-02-17,Kayserispor,Göztepe,2,1,football-data.co.uk (ayna: xgabora/Club-Football-Match-Data-2000-2025),football-data;sofascore;openfootball;transfermarkt,4,False,False
2018-19,2019-02-17,Trabzonspor,Alanyaspor,0,2,football-data.co.uk (ayna: xgabora/Club-Football-Match-Data-2000-2025),football-data;sofascore;openfootball;transfermarkt,4,False,False
2018-19,2019-02-18,Antalyaspor,İstanbul Başakşehir,0,1,football-data.co.uk (ayna: xgabora/Club-Football-Match-Data-2000-2025),football-data;sofascore;openfootball;transfermarkt,4,False,False
2018-19,2019-02-22,Göztepe,Trabzonspor,1,3,football-data.co.uk (ayna: xgabora/Club-Football-Match-Data-2000-2025),football-data;sofascore;openfootball;transfermarkt,4,False,False
2018-19,2019-02-22,Çaykur Rizespor,Yeni Malatyaspor,3,0,football-data.co.uk (ayna: xgabora/Club-Football-Match-Data-2000-2025),football-data;sofascore;openfootball;transfermarkt,4,False,False
2018-19,2019-02-23,Alanyaspor,Kasımpaşa,3,0,football-data.co.uk (ayna: xgabora/Club-Football-Match-Data-2000-2025),football-data;sofascore;openfootball;transfermarkt,4,False,False
2018-19,2019-02-23,Sivasspor,Antalyaspor,1,2,football-data.co.uk (ayna: xgabora/Club-Football-Match-Data-2000-2025),football-data;sofascore;openfootball;transfermarkt,4,False,False
2018-19,2019-02-23,İstanbul Başakşehir,Bursaspor,3,0,football-data.co.uk (ayna: xgabora/Club-Football-Match-Data-2000-2025),football-data;sofascore;openfootball;transfermarkt,4,False,False
2018-19,2019-02-24,Ankaragücü,Erzurumspor,2,1,football-data.co.uk (ayna: xgabora/Club-Football-Match-Data-2000-2025),football-data;sofascore;openfootball;transfermarkt,4,False,False
2018-19,2019-02-24,Galatasaray,Akhisarspor,1,0,football-data.co.uk (ayna: xgabora/Club-Football-Match-Data-2000-2025),football-data;sofascore;openfootball;transfermarkt,4,False,False
2018-19,2019-02-24,Konyaspor,Kayserispor,0,1,football-data.co.uk (ayna: xgabora/Club-Football-Match-Data-2000-2025),football-data;sofascore;openfootball;transfermarkt,4,False,False
2018-19,2019-02-25,Beşiktaş,Fenerbahçe,3,3,football-data.co.uk (ayna: xgabora/Club-Football-Match-Data-2000-2025),football-data;sofascore;openfootball;transfermarkt,4,False,False
2018-19,2019-03-01,Antalyaspor,Ankaragücü,2,4,football-data.co.uk (ayna: xgabora/Club-Football-Match-Data-2000-2025),football-data;sofascore;openfootball;transfermarkt,4,False,False
2018-19,2019-03-02,Bursaspor,Sivasspor,3,2,football-data.co.uk (ayna: xgabora/Club-Football-Match-Data-2000-2025),football-data;sofascore;openfootball;transfermarkt,4,False,False
2018-19,2019-03-02,Fenerbahçe,Çaykur Rizespor,3,2,football-data.co.uk (ayna: xgabora/Club-Football-Match-Data-2000-2025),football-data;sofascore;openfootball;transfermarkt,4,False,False
2018-19,2019-03-02,Kayserispor,Beşiktaş,2,2,football-data.co.uk (ayna: xgabora/Club-Football-Match-Data-2000-2025),football-data;sofascore;openfootball;transfermarkt,4,False,False
2018-19,2019-03-03,Erzurumspor,Galatasaray,1,1,football-data.co.uk (ayna: xgabora/Club-Football-Match-Data-2000-2025),football-data;sofascore;openfootball;transfermarkt,4,False,False
2018-19,2019-03-03,Konyaspor,Göztepe,1,1,football-data.co.uk (ayna: xgabora/Club-Football-Match-Data-2000-2025),football-data;sofascore;openfootball;transfermarkt,4,False,False
2018-19,2019-03-03,Yeni Malatyaspor,İstanbul Başakşehir,0,2,football-data.co.uk (ayna: xgabora/Club-Football-Match-Data-2000-2025),football-data;sofascore;openfootball;transfermarkt,4,False,False
2018-19,2019-03-04,Akhisarspor,Alanyaspor,3,1,football-data.co.uk (ayna: xgabora/Club-Football-Match-Data-2000-2025),football-data;sofascore;openfootball;transfermarkt,4,False,False
2018-19,2019-03-04,Kasımpaşa,Trabzonspor,2,2,football-data.co.uk (ayna: xgabora/Club-Football-Match-Data-2000-2025),football-data;sofascore;openfootball;transfermarkt,4,False,False
2018-19,2019-03-08,Sivasspor,Yeni Malatyaspor,2,0,football-data.co.uk (ayna: xgabora/Club-Football-Match-Data-2000-2025),football-data;sofascore;openfootball;transfermarkt,4,False,False
2018-19,2019-03-09,Ankaragücü,Bursaspor,0,0,football-data.co.uk (ayna: xgabora/Club-Football-Match-Data-2000-2025),football-data;sofascore;openfootball;transfermarkt,4,False,False
2018-19,2019-03-09,Trabzonspor,Akhisarspor,2,1,football-data.co.uk (ayna: xgabora/Club-Football-Match-Data-2000-2025),football-data;sofascore;openfootball;transfermarkt,4,False,False
2018-19,2019-03-09,İstanbul Başakşehir,Fenerbahçe,2,1,football-data.co.uk (ayna: xgabora/Club-Football-Match-Data-2000-2025),football-data;sofascore;openfootball;transfermarkt,4,False,False
2018-19,2019-03-10,Alanyaspor,Erzurumspor,2,1,football-data.co.uk (ayna: xgabora/Club-Football-Match-Data-2000-2025),football-data;sofascore;openfootball;transfermarkt,4,False,False
2018-19,2019-03-10,Beşiktaş,Konyaspor,3,2,football-data.co.uk (ayna: xgabora/Club-Football-Match-Data-2000-2025),football-data;sofascore;openfootball;transfermarkt,4,False,False
2018-19,2019-03-10,Göztepe,Kasımpaşa,0,0,football-data.co.uk (ayna: xgabora/Club-Football-Match-Data-2000-2025),football-data;sofascore;openfootball;transfermarkt,4,False,False
2018-19,2019-03-10,Çaykur Rizespor,Kayserispor,3,0,football-data.co.uk (ayna: xgabora/Club-Football-Match-Data-2000-2025),football-data;sofascore;openfootball;transfermarkt,4,False,False
2018-19,2019-03-11,Galatasaray,Antalyaspor,5,0,football-data.co.uk (ayna: xgabora/Club-Football-Match-Data-2000-2025),football-data;sofascore;openfootball;transfermarkt,4,False,False
2018-19,2019-03-15,Fenerbahçe,Sivasspor,2,1,football-data.co.uk (ayna: xgabora/Club-Football-Match-Data-2000-2025),football-data;sofascore;openfootball;transfermarkt,4,False,False
2018-19,2019-03-16,Akhisarspor,Kasımpaşa,2,3,football-data.co.uk (ayna: xgabora/Club-Football-Match-Data-2000-2025),football-data;sofascore;openfootball;transfermarkt,4,False,False
2018-19,2019-03-16,Antalyaspor,Alanyaspor,3,0,football-data.co.uk (ayna: xgabora/Club-Football-Match-Data-2000-2025),football-data;sofascore;openfootball;transfermarkt,4,False,False
2018-19,2019-03-16,Beşiktaş,Göztepe,1,0,football-data.co.uk (ayna: xgabora/Club-Football-Match-Data-2000-2025),football-data;sofascore;openfootball;transfermarkt,4,False,False
2018-19,2019-03-16,Erzurumspor,Trabzonspor,0,1,football-data.co.uk (ayna: xgabora/Club-Football-Match-Data-2000-2025),football-data;sofascore;openfootball;transfermarkt,4,False,False
2018-19,2019-03-16,Konyaspor,Çaykur Rizespor,0,2,football-data.co.uk (ayna: xgabora/Club-Football-Match-Data-2000-2025),football-data;sofascore;openfootball;transfermarkt,4,False,False
2018-19,2019-03-17,Bursaspor,Galatasaray,2,3,football-data.co.uk (ayna: xgabora/Club-Football-Match-Data-2000-2025),football-data;sofascore;openfootball;transfermarkt,4,False,False
2018-19,2019-03-17,Kayserispor,İstanbul Başakşehir,1,1,football-data.co.uk (ayna: xgabora/Club-Football-Match-Data-2000-2025),football-data;sofascore;openfootball;transfermarkt,4,False,False
2018-19,2019-03-17,Yeni Malatyaspor,Ankaragücü,3,1,football-data.co.uk (ayna: xgabora/Club-Football-Match-Data-2000-2025),football-data;sofascore;openfootball;transfermarkt,4,False,False
2018-19,2019-04-05,Trabzonspor,Antalyaspor,4,1,football-data.co.uk (ayna: xgabora/Club-Football-Match-Data-2000-2025),football-data;sofascore;openfootball;transfermarkt,4,False,False
2018-19,2019-04-06,Alanyaspor,Bursaspor,1,0,football-data.co.uk (ayna: xgabora/Club-Football-Match-Data-2000-2025),football-data;sofascore;openfootball;transfermarkt,4,False,False
2018-19,2019-04-06,Galatasaray,Yeni Malatyaspor,3,0,football-data.co.uk (ayna: xgabora/Club-Football-Match-Data-2000-2025),football-data;sofascore;openfootball;transfermarkt,4,False,False
2018-19,2019-04-06,Sivasspor,Kayserispor,1,3,football-data.co.uk (ayna: xgabora/Club-Football-Match-Data-2000-2025),football-data;sofascore;openfootball;transfermarkt,4,False,False
2018-19,2019-04-07,Ankaragücü,Fenerbahçe,1,1,football-data.co.uk (ayna: xgabora/Club-Football-Match-Data-2000-2025),football-data;sofascore;openfootball;transfermarkt,4,False,False
2018-19,2019-04-07,Göztepe,Akhisarspor,0,1,football-data.co.uk (ayna: xgabora/Club-Football-Match-Data-2000-2025),football-data;sofascore;openfootball;transfermarkt,4,False,False
2018-19,2019-04-07,Kasımpaşa,Erzurumspor,2,1,football-data.co.uk (ayna: xgabora/Club-Football-Match-Data-2000-2025),football-data;sofascore;openfootball;transfermarkt,4,False,False
2018-19,2019-04-07,İstanbul Başakşehir,Konyaspor,2,0,football-data.co.uk (ayna: xgabora/Club-Football-Match-Data-2000-2025),football-data;sofascore;openfootball;transfermarkt,4,False,False
2018-19,2019-04-08,Çaykur Rizespor,Beşiktaş,2,7,football-data.co.uk (ayna: xgabora/Club-Football-Match-Data-2000-2025),football-data;sofascore;openfootball;transfermarkt,4,False,False
2018-19,2019-04-12,Bursaspor,Trabzonspor,0,1,football-data.co.uk (ayna: xgabora/Club-Football-Match-Data-2000-2025),football-data;sofascore;openfootball;transfermarkt,4,False,False
2018-19,2019-04-13,Beşiktaş,İstanbul Başakşehir,2,1,football-data.co.uk (ayna: xgabora/Club-Football-Match-Data-2000-2025),football-data;sofascore;openfootball;transfermarkt,4,False,False
2018-19,2019-04-13,Konyaspor,Sivasspor,1,1,football-data.co.uk (ayna: xgabora/Club-Football-Match-Data-2000-2025),football-data;sofascore;openfootball;transfermarkt,4,False,False
2018-19,2019-04-13,Çaykur Rizespor,Göztepe,1,0,football-data.co.uk (ayna: xgabora/Club-Football-Match-Data-2000-2025),football-data;sofascore;openfootball;transfermarkt,4,False,False
2018-19,2019-04-14,Antalyaspor,Kasımpaşa,1,0,football-data.co.uk (ayna: xgabora/Club-Football-Match-Data-2000-2025),football-data;sofascore;openfootball;transfermarkt,4,False,False
2018-19,2019-04-14,Fenerbahçe,Galatasaray,1,1,football-data.co.uk (ayna: xgabora/Club-Football-Match-Data-2000-2025),football-data;sofascore;openfootball;transfermarkt,4,False,False
2018-19,2019-04-14,Kayserispor,Ankaragücü,0,2,football-data.co.uk (ayna: xgabora/Club-Football-Match-Data-2000-2025),football-data;sofascore;openfootball;transfermarkt,4,False,False
2018-19,2019-04-14,Yeni Malatyaspor,Alanyaspor,1,1,football-data.co.uk (ayna: xgabora/Club-Football-Match-Data-2000-2025),football-data;sofascore;openfootball;transfermarkt,4,False,False
2018-19,2019-04-15,Erzurumspor,Akhisarspor,2,1,football-data.co.uk (ayna: xgabora/Club-Football-Match-Data-2000-2025),football-data;sofascore;openfootball;transfermarkt,4,False,False
2018-19,2019-04-19,Kasımpaşa,Bursaspor,1,1,football-data.co.uk (ayna: xgabora/Club-Football-Match-Data-2000-2025),football-data;sofascore;openfootball;transfermarkt,4,False,False
2018-19,2019-04-20,Akhisarspor,Antalyaspor,1,2,football-data.co.uk (ayna: xgabora/Club-Football-Match-Data-2000-2025),football-data;sofascore;openfootball;transfermarkt,4,False,False
2018-19,2019-04-20,Galatasaray,Kayserispor,3,1,football-data.co.uk (ayna: xgabora/Club-Football-Match-Data-2000-2025),football-data;sofascore;openfootball;transfermarkt,4,False,False
2018-19,2019-04-20,Göztepe,Erzurumspor,0,1,football-data.co.uk (ayna: xgabora/Club-Football-Match-Data-2000-2025),football-data;sofascore;openfootball;transfermarkt,4,False,False
2018-19,2019-04-20,Trabzonspor,Yeni Malatyaspor,2,1,football-data.co.uk (ayna: xgabora/Club-Football-Match-Data-2000-2025),football-data;sofascore;openfootball;transfermarkt,4,False,False
2018-19,2019-04-21,Alanyaspor,Fenerbahçe,1,0,football-data.co.uk (ayna: xgabora/Club-Football-Match-Data-2000-2025),football-data;sofascore;openfootball;transfermarkt,4,False,False
2018-19,2019-04-21,Ankaragücü,Konyaspor,0,0,football-data.co.uk (ayna: xgabora/Club-Football-Match-Data-2000-2025),football-data;sofascore;openfootball;transfermarkt,4,False,False
2018-19,2019-04-21,İstanbul Başakşehir,Çaykur Rizespor,1,1,football-data.co.uk (ayna: xgabora/Club-Football-Match-Data-2000-2025),football-data;sofascore;openfootball;transfermarkt,4,False,False
2018-19,2019-04-22,Sivasspor,Beşiktaş,1,2,football-data.co.uk (ayna: xgabora/Club-Football-Match-Data-2000-2025),football-data;sofascore;openfootball;transfermarkt,4,False,False
2018-19,2019-04-26,İstanbul Başakşehir,Göztepe,0,2,football-data.co.uk (ayna: xgabora/Club-Football-Match-Data-2000-2025),football-data;sofascore;openfootball;transfermarkt,4,False,False
2018-19,2019-04-27,Antalyaspor,Erzurumspor,1,1,football-data.co.uk (ayna: xgabora/Club-Football-Match-Data-2000-2025),football-data;sofascore;openfootball;transfermarkt,4,False,False
2018-19,2019-04-27,Fenerbahçe,Trabzonspor,1,1,football-data.co.uk (ayna: xgabora/Club-Football-Match-Data-2000-2025),football-data;sofascore;openfootball;transfermarkt,4,False,False
2018-19,2019-04-27,Çaykur Rizespor,Sivasspor,0,0,football-data.co.uk (ayna: xgabora/Club-Football-Match-Data-2000-2025),football-data;sofascore;openfootball;transfermarkt,4,False,False
2018-19,2019-04-28,Beşiktaş,Ankaragücü,4,1,football-data.co.uk (ayna: xgabora/Club-Football-Match-Data-2000-2025),football-data;sofascore;openfootball;transfermarkt,4,False,False
2018-19,2019-04-28,Bursaspor,Akhisarspor,0,0,football-data.co.uk (ayna: xgabora/Club-Football-Match-Data-2000-2025),football-data;sofascore;openfootball;transfermarkt,4,False,False
2018-19,2019-04-28,Kayserispor,Alanyaspor,1,1,football-data.co.uk (ayna: xgabora/Club-Football-Match-Data-2000-2025),football-data;sofascore;openfootball;transfermarkt,4,False,False
2018-19,2019-04-29,Konyaspor,Galatasaray,0,0,football-data.co.uk (ayna: xgabora/Club-Football-Match-Data-2000-2025),football-data;sofascore;openfootball;transfermarkt,4,False,False
2018-19,2019-04-29,Yeni Malatyaspor,Kasımpaşa,2,1,football-data.co.uk (ayna: xgabora/Club-Football-Match-Data-2000-2025),football-data;sofascore;openfootball;transfermarkt,4,False,False
2018-19,2019-05-03,Sivasspor,İstanbul Başakşehir,0,0,football-data.co.uk (ayna: xgabora/Club-Football-Match-Data-2000-2025),football-data;sofascore;openfootball;transfermarkt,4,False,False
2018-19,2019-05-04,Ankaragücü,Çaykur Rizespor,2,2,football-data.co.uk (ayna: xgabora/Club-Football-Match-Data-2000-2025),football-data;sofascore;openfootball;transfermarkt,4,False,False
2018-19,2019-05-04,Erzurumspor,Bursaspor,2,0,football-data.co.uk (ayna: xgabora/Club-Football-Match-Data-2000-2025),football-data;sofascore;openfootball;transfermarkt,4,False,False
2018-19,2019-05-04,Kasımpaşa,Fenerbahçe,1,3,football-data.co.uk (ayna: xgabora/Club-Football-Match-Data-2000-2025),football-data;sofascore;openfootball;transfermarkt,4,False,False
2018-19,2019-05-05,Akhisarspor,Yeni Malatyaspor,0,2,football-data.co.uk (ayna: xgabora/Club-Football-Match-Data-2000-2025),football-data;sofascore;openfootball;transfermarkt,4,False,False
2018-19,2019-05-05,Galatasaray,Beşiktaş,2,0,football-data.co.uk (ayna: xgabora/Club-Football-Match-Data-2000-2025),football-data;sofascore;openfootball;transfermarkt,4,False,False
2018-19,2019-05-05,Göztepe,Antalyaspor,4,1,football-data.co.uk (ayna: xgabora/Club-Football-Match-Data-2000-2025),football-data;sofascore;openfootball;transfermarkt,4,False,False
2018-19,2019-05-06,Alanyaspor,Konyaspor,2,4,football-data.co.uk (ayna: xgabora/Club-Football-Match-Data-2000-2025),football-data;sofascore;openfootball;transfermarkt,4,False,False
2018-19,2019-05-06,Trabzonspor,Kayserispor,4,2,football-data.co.uk (ayna: xgabora/Club-Football-Match-Data-2000-2025),football-data;sofascore;openfootball;transfermarkt,4,False,False
2018-19,2019-05-10,Antalyaspor,Bursaspor,0,1,football-data.co.uk (ayna: xgabora/Club-Football-Match-Data-2000-2025),football-data;sofascore;openfootball;transfermarkt,4,False,False
2018-19,2019-05-11,Fenerbahçe,Akhisarspor,2,1,football-data.co.uk (ayna: xgabora/Club-Football-Match-Data-2000-2025),football-data;sofascore;openfootball;transfermarkt,4,False,False
2018-19,2019-05-11,Göztepe,Sivasspor,3,3,football-data.co.uk (ayna: xgabora/Club-Football-Match-Data-2000-2025),football-data;sofascore;openfootball;transfermarkt,4,False,False
2018-19,2019-05-11,Çaykur Rizespor,Galatasaray,2,3,football-data.co.uk (ayna: xgabora/Club-Football-Match-Data-2000-2025),football-data;sofascore;openfootball;transfermarkt,4,False,False
2018-19,2019-05-12,Kayserispor,Kasımpaşa,2,1,football-data.co.uk (ayna: xgabora/Club-Football-Match-Data-2000-2025),football-data;sofascore;openfootball;transfermarkt,4,False,False
2018-19,2019-05-12,Konyaspor,Trabzonspor,2,2,football-data.co.uk (ayna: xgabora/Club-Football-Match-Data-2000-2025),football-data;sofascore;openfootball;transfermarkt,4,False,False
2018-19,2019-05-12,Yeni Malatyaspor,Erzurumspor,3,1,football-data.co.uk (ayna: xgabora/Club-Football-Match-Data-2000-2025),football-data;sofascore;openfootball;transfermarkt,4,False,False
2018-19,2019-05-12,İstanbul Başakşehir,Ankaragücü,2,1,football-data.co.uk (ayna: xgabora/Club-Football-Match-Data-2000-2025),football-data;sofascore;openfootball;transfermarkt,4,False,False
2018-19,2019-05-13,Beşiktaş,Alanyaspor,2,1,football-data.co.uk (ayna: xgabora/Club-Football-Match-Data-2000-2025),football-data;sofascore;openfootball;transfermarkt,4,False,False
2018-19,2019-05-17,Kasımpaşa,Konyaspor,1,1,football-data.co.uk (ayna: xgabora/Club-Football-Match-Data-2000-2025),football-data;sofascore;openfootball;transfermarkt,4,False,False
2018-19,2019-05-18,Antalyaspor,Yeni Malatyaspor,3,0,football-data.co.uk (ayna: xgabora/Club-Football-Match-Data-2000-2025),football-data;sofascore;openfootball;transfermarkt,4,False,False
2018-19,2019-05-18,Trabzonspor,Beşiktaş,2,1,football-data.co.uk (ayna: xgabora/Club-Football-Match-Data-2000-2025),football-data;sofascore;openfootball;transfermarkt,4,False,False
2018-19,2019-05-19,Akhisarspor,Kayserispor,2,2,football-data.co.uk (ayna: xgabora/Club-Football-Match-Data-2000-2025),football-data;sofascore;openfootball;transfermarkt,4,False,False
2018-19,2019-05-19,Alanyaspor,Çaykur Rizespor,1,1,football-data.co.uk (ayna: xgabora/Club-Football-Match-Data-2000-2025),football-data;sofascore;openfootball;transfermarkt,4,False,False
2018-19,2019-05-19,Bursaspor,Göztepe,0,0,football-data.co.uk (ayna: xgabora/Club-Football-Match-Data-2000-2025),football-data;sofascore;openfootball;transfermarkt,4,False,False
2018-19,2019-05-19,Galatasaray,İstanbul Başakşehir,2,1,football-data.co.uk (ayna: xgabora/Club-Football-Match-Data-2000-2025),football-data;sofascore;openfootball;transfermarkt,4,False,False
2018-19,2019-05-20,Ankaragücü,Sivasspor,3,1,football-data.co.uk (ayna: xgabora/Club-Football-Match-Data-2000-2025),football-data;sofascore;openfootball;transfermarkt,4,False,False
2018-19,2019-05-20,Erzurumspor,Fenerbahçe,0,1,football-data.co.uk (ayna: xgabora/Club-Football-Match-Data-2000-2025),football-data;sofascore;openfootball;transfermarkt,4,False,False
2018-19,2019-05-24,Beşiktaş,Kasımpaşa,3,2,football-data.co.uk (ayna: xgabora/Club-Football-Match-Data-2000-2025),football-data;sofascore;openfootball;transfermarkt,4,False,False
2018-19,2019-05-24,Sivasspor,Galatasaray,4,3,football-data.co.uk (ayna: xgabora/Club-Football-Match-Data-2000-2025),football-data;sofascore;openfootball;transfermarkt,4,False,False
2018-19,2019-05-24,Çaykur Rizespor,Trabzonspor,2,3,football-data.co.uk (ayna: xgabora/Club-Football-Match-Data-2000-2025),football-data;sofascore;openfootball;transfermarkt,4,False,False
2018-19,2019-05-24,İstanbul Başakşehir,Alanyaspor,1,1,football-data.co.uk (ayna: xgabora/Club-Football-Match-Data-2000-2025),football-data;sofascore;openfootball;transfermarkt,4,False,False
2018-19,2019-05-25,Konyaspor,Akhisarspor,0,0,football-data.co.uk (ayna: xgabora/Club-Football-Match-Data-2000-2025),football-data;sofascore;openfootball;transfermarkt,4,False,False
2018-19,2019-05-26,Fenerbahçe,Antalyaspor,3,1,football-data.co.uk (ayna: xgabora/Club-Football-Match-Data-2000-2025),football-data;sofascore;openfootball;transfermarkt,4,False,False
2018-19,2019-05-26,Göztepe,Ankaragücü,2,1,football-data.co.uk (ayna: xgabora/Club-Football-Match-Data-2000-2025),football-data;sofascore;openfootball;transfermarkt,4,False,False
2018-19,2019-05-26,Kayserispor,Erzurumspor,0,2,football-data.co.uk (ayna: xgabora/Club-Football-Match-Data-2000-2025),football-data;sofascore;openfootball;transfermarkt,4,False,False
2018-19,2019-05-26,Yeni Malatyaspor,Bursaspor,1,2,football-data.co.uk (ayna: xgabora/Club-Football-Match-Data-2000-2025),football-data;sofascore;openfootball;transfermarkt,4,False,False
2019-20,2019-08-16,Denizlispor,Galatasaray,2,0,football-data.co.uk (ayna: xgabora/Club-Football-Match-Data-2000-2025),football-data;sofascore;openfootball;transfermarkt,4,False,False
2019-20,2019-08-17,Gençlerbirliği,Çaykur Rizespor,0,1,football-data.co.uk (ayna: xgabora/Club-Football-Match-Data-2000-2025),football-data;sofascore;openfootball;transfermarkt,4,False,False
2019-20,2019-08-17,Kayserispor,Alanyaspor,0,1,football-data.co.uk (ayna: xgabora/Club-Football-Match-Data-2000-2025),football-data;sofascore;openfootball;transfermarkt,4,False,False
2019-20,2019-08-17,Sivasspor,Beşiktaş,3,0,football-data.co.uk (ayna: xgabora/Club-Football-Match-Data-2000-2025),football-data;sofascore;openfootball;transfermarkt,4,False,False
2019-20,2019-08-18,Göztepe,Antalyaspor,0,1,football-data.co.uk (ayna: xgabora/Club-Football-Match-Data-2000-2025),football-data;sofascore;openfootball;transfermarkt,4,False,False
2019-20,2019-08-18,Kasımpaşa,Trabzonspor,1,1,football-data.co.uk (ayna: xgabora/Club-Football-Match-Data-2000-2025),football-data;sofascore;openfootball;transfermarkt,4,False,False
2019-20,2019-08-18,Konyaspor,Ankaragücü,0,0,football-data.co.uk (ayna: xgabora/Club-Football-Match-Data-2000-2025),football-data;sofascore;openfootball;transfermarkt,4,False,False
2019-20,2019-08-18,Yeni Malatyaspor,İstanbul Başakşehir,3,0,football-data.co.uk (ayna: xgabora/Club-Football-Match-Data-2000-2025),football-data;sofascore;openfootball;transfermarkt,4,False,False
2019-20,2019-08-19,Fenerbahçe,Gaziantep FK,5,0,football-data.co.uk (ayna: xgabora/Club-Football-Match-Data-2000-2025),football-data;sofascore;openfootball;transfermarkt,4,False,False
2019-20,2019-08-23,Beşiktaş,Göztepe,3,0,football-data.co.uk (ayna: xgabora/Club-Football-Match-Data-2000-2025),football-data;sofascore;openfootball;transfermarkt,4,False,False
2019-20,2019-08-24,Alanyaspor,Kasımpaşa,4,1,football-data.co.uk (ayna: xgabora/Club-Football-Match-Data-2000-2025),football-data;sofascore;openfootball;transfermarkt,4,False,False
2019-20,2019-08-24,Ankaragücü,Kayserispor,1,1,football-data.co.uk (ayna: xgabora/Club-Football-Match-Data-2000-2025),football-data;sofascore;openfootball;transfermarkt,4,False,False
2019-20,2019-08-24,İstanbul Başakşehir,Fenerbahçe,1,2,football-data.co.uk (ayna: xgabora/Club-Football-Match-Data-2000-2025),football-data;sofascore;openfootball;transfermarkt,4,False,False
2019-20,2019-08-25,Antalyaspor,Denizlispor,0,2,football-data.co.uk (ayna: xgabora/Club-Football-Match-Data-2000-2025),football-data;sofascore;openfootball;transfermarkt,4,False,False
2019-20,2019-08-25,Galatasaray,Konyaspor,1,1,football-data.co.uk (ayna: xgabora/Club-Football-Match-Data-2000-2025),football-data;sofascore;openfootball;transfermarkt,4,False,False
2019-20,2019-08-25,Trabzonspor,Yeni Malatyaspor,2,1,football-data.co.uk (ayna: xgabora/Club-Football-Match-Data-2000-2025),football-data;sofascore;openfootball;transfermarkt,4,False,False
2019-20,2019-08-25,Çaykur Rizespor,Sivasspor,2,1,football-data.co.uk (ayna: xgabora/Club-Football-Match-Data-2000-2025),football-data;sofascore;openfootball;transfermarkt,4,False,False
2019-20,2019-08-26,Gaziantep FK,Gençlerbirliği,4,1,football-data.co.uk (ayna: xgabora/Club-Football-Match-Data-2000-2025),football-data;sofascore;openfootball;transfermarkt,4,False,False
2019-20,2019-08-30,Kasımpaşa,Ankaragücü,0,1,football-data.co.uk (ayna: xgabora/Club-Football-Match-Data-2000-2025),football-data;sofascore;openfootball;transfermarkt,4,False,False
2019-20,2019-08-30,Kayserispor,Galatasaray,2,3,football-data.co.uk (ayna: xgabora/Club-Football-Match-Data-2000-2025),football-data;sofascore;openfootball;transfermarkt,4,False,False
2019-20,2019-08-31,Beşiktaş,Çaykur Rizespor,1,1,football-data.co.uk (ayna: xgabora/Club-Football-Match-Data-2000-2025),football-data;sofascore;openfootball;transfermarkt,4,False,False
2019-20,2019-08-31,Göztepe,Denizlispor,0,0,football-data.co.uk (ayna: xgabora/Club-Football-Match-Data-2000-2025),football-data;sofascore;openfootball;transfermarkt,4,False,False
2019-20,2019-08-31,Konyaspor,Antalyaspor,2,2,football-data.co.uk (ayna: xgabora/Club-Football-Match-Data-2000-2025),football-data;sofascore;openfootball;transfermarkt,4,False,False
2019-20,2019-09-01,Fenerbahçe,Trabzonspor,1,1,football-data.co.uk (ayna: xgabora/Club-Football-Match-Data-2000-2025),football-data;sofascore;openfootball;transfermarkt,4,False,False
2019-20,2019-09-01,Gençlerbirliği,İstanbul Başakşehir,1,2,football-data.co.uk (ayna: xgabora/Club-Football-Match-Data-2000-2025),football-data;sofascore;openfootball;transfermarkt,4,False,False
2019-20,2019-09-01,Sivasspor,Gaziantep FK,1,1,football-data.co.uk (ayna: xgabora/Club-Football-Match-Data-2000-2025),football-data;sofascore;openfootball;transfermarkt,4,False,False
2019-20,2019-09-01,Yeni Malatyaspor,Alanyaspor,2,3,football-data.co.uk (ayna: xgabora/Club-Football-Match-Data-2000-2025),football-data;sofascore;openfootball;transfermarkt,4,False,False
2019-20,2019-09-13,Galatasaray,Kasımpaşa,1,0,football-data.co.uk (ayna: xgabora/Club-Football-Match-Data-2000-2025),football-data;sofascore;openfootball;transfermarkt,4,False,False
2019-20,2019-09-14,Antalyaspor,Kayserispor,2,2,football-data.co.uk (ayna: xgabora/Club-Football-Match-Data-2000-2025),football-data;sofascore;openfootball;transfermarkt,4,False,False
2019-20,2019-09-14,Gaziantep FK,Beşiktaş,3,2,football-data.co.uk (ayna: xgabora/Club-Football-Match-Data-2000-2025),football-data;sofascore;openfootball;transfermarkt,4,False,False
2019-20,2019-09-14,İstanbul Başakşehir,Sivasspor,1,1,football-data.co.uk (ayna: xgabora/Club-Football-Match-Data-2000-2025),football-data;sofascore;openfootball;transfermarkt,4,False,False
2019-20,2019-09-15,Ankaragücü,Yeni Malatyaspor,0,4,football-data.co.uk (ayna: xgabora/Club-Football-Match-Data-2000-2025),football-data;sofascore;openfootball;transfermarkt,4,False,False
2019-20,2019-09-15,Denizlispor,Konyaspor,0,1,football-data.co.uk (ayna: xgabora/Club-Football-Match-Data-2000-2025),football-data;sofascore;openfootball;transfermarkt,4,False,False
2019-20,2019-09-15,Trabzonspor,Gençlerbirliği,2,2,football-data.co.uk (ayna: xgabora/Club-Football-Match-Data-2000-2025),football-data;sofascore;openfootball;transfermarkt,4,False,False
2019-20,2019-09-15,Çaykur Rizespor,Göztepe,0,0,football-data.co.uk (ayna: xgabora/Club-Football-Match-Data-2000-2025),football-data;sofascore;openfootball;transfermarkt,4,False,False
2019-20,2019-09-16,Alanyaspor,Fenerbahçe,3,1,football-data.co.uk (ayna: xgabora/Club-Football-Match-Data-2000-2025),football-data;sofascore;openfootball;transfermarkt,4,False,False
2019-20,2019-09-20,Göztepe,Konyaspor,1,0,football-data.co.uk (ayna: xgabora/Club-Football-Match-Data-2000-2025),football-data;sofascore;openfootball;transfermarkt,4,False,False
2019-20,2019-09-21,Fenerbahçe,Ankaragücü,2,1,football-data.co.uk (ayna: xgabora/Club-Football-Match-Data-2000-2025),football-data;sofascore;openfootball;transfermarkt,4,False,False
2019-20,2019-09-21,Kasımpaşa,Antalyaspor,3,0,football-data.co.uk (ayna: xgabora/Club-Football-Match-Data-2000-2025),football-data;sofascore;openfootball;transfermarkt,4,False,False
2019-20,2019-09-21,Kayserispor,Denizlispor,1,1,football-data.co.uk (ayna: xgabora/Club-Football-Match-Data-2000-2025),football-data;sofascore;openfootball;transfermarkt,4,False,False
2019-20,2019-09-22,Gençlerbirliği,Alanyaspor,1,1,football-data.co.uk (ayna: xgabora/Club-Football-Match-Data-2000-2025),football-data;sofascore;openfootball;transfermarkt,4,False,False
2019-20,2019-09-22,Yeni Malatyaspor,Galatasaray,1,1,football-data.co.uk (ayna: xgabora/Club-Football-Match-Data-2000-2025),football-data;sofascore;openfootball;transfermarkt,4,False,False
2019-20,2019-09-22,Çaykur Rizespor,Gaziantep FK,1,2,football-data.co.uk (ayna: xgabora/Club-Football-Match-Data-2000-2025),football-data;sofascore;openfootball;transfermarkt,4,False,False
2019-20,2019-09-23,Beşiktaş,İstanbul Başakşehir,1,1,football-data.co.uk (ayna: xgabora/Club-Football-Match-Data-2000-2025),football-data;sofascore;openfootball;transfermarkt,4,False,False
2019-20,2019-09-23,Sivasspor,Trabzonspor,2,1,football-data.co.uk (ayna: xgabora/Club-Football-Match-Data-2000-2025),football-data;sofascore;openfootball;transfermarkt,4,False,False
2019-20,2019-09-27,İstanbul Başakşehir,Çaykur Rizespor,5,0,football-data.co.uk (ayna: xgabora/Club-Football-Match-Data-2000-2025),football-data;sofascore;openfootball;transfermarkt,4,False,False
2019-20,2019-09-28,Alanyaspor,Sivasspor,1,1,football-data.co.uk (ayna: xgabora/Club-Football-Match-Data-2000-2025),football-data;sofascore;openfootball;transfermarkt,4,False,False
2019-20,2019-09-28,Denizlispor,Kasımpaşa,0,1,football-data.co.uk (ayna: xgabora/Club-Football-Match-Data-2000-2025),football-data;sofascore;openfootball;transfermarkt,4,False,False
2019-20,2019-09-28,Galatasaray,Fenerbahçe,0,0,football-data.co.uk (ayna: xgabora/Club-Football-Match-Data-2000-2025),football-data;sofascore;openfootball;transfermarkt,4,False,False
2019-20,2019-09-29,Ankaragücü,Gençlerbirliği,2,1,football-data.co.uk (ayna: xgabora/Club-Football-Match-Data-2000-2025),football-data;sofascore;openfootball;transfermarkt,4,False,False
2019-20,2019-09-29,Antalyaspor,Yeni Malatyaspor,3,0,football-data.co.uk (ayna: xgabora/Club-Football-Match-Data-2000-2025),football-data;sofascore;openfootball;transfermarkt,4,False,False
2019-20,2019-09-29,Konyaspor,Kayserispor,2,1,football-data.co.uk (ayna: xgabora/Club-Football-Match-Data-2000-2025),football-data;sofascore;openfootball;transfermarkt,4,False,False
2019-20,2019-09-29,Trabzonspor,Beşiktaş,4,1,football-data.co.uk (ayna: xgabora/Club-Football-Match-Data-2000-2025),football-data;sofascore;openfootball;transfermarkt,4,False,False
2019-20,2019-09-30,Gaziantep FK,Göztepe,1,1,football-data.co.uk (ayna: xgabora/Club-Football-Match-Data-2000-2025),football-data;sofascore;openfootball;transfermarkt,4,False,False
2019-20,2019-10-04,Fenerbahçe,Antalyaspor,0,1,football-data.co.uk (ayna: xgabora/Club-Football-Match-Data-2000-2025),football-data;sofascore;openfootball;transfermarkt,4,False,False
2019-20,2019-10-04,Yeni Malatyaspor,Denizlispor,5,1,football-data.co.uk (ayna: xgabora/Club-Football-Match-Data-2000-2025),football-data;sofascore;openfootball;transfermarkt,4,False,False
2019-20,2019-10-05,Gençlerbirliği,Galatasaray,0,0,football-data.co.uk (ayna: xgabora/Club-Football-Match-Data-2000-2025),football-data;sofascore;openfootball;transfermarkt,4,False,False
2019-20,2019-10-05,Göztepe,Kayserispor,4,0,football-data.co.uk (ayna: xgabora/Club-Football-Match-Data-2000-2025),football-data;sofascore;openfootball;transfermarkt,4,False,False
2019-20,2019-10-05,Kasımpaşa,Konyaspor,1,4,football-data.co.uk (ayna: xgabora/Club-Football-Match-Data-2000-2025),football-data;sofascore;openfootball;transfermarkt,4,False,False
2019-20,2019-10-06,Beşiktaş,Alanyaspor,2,0,football-data.co.uk (ayna: xgabora/Club-Football-Match-Data-2000-2025),football-data;sofascore;openfootball;transfermarkt,4,False,False
2019-20,2019-10-06,Gaziantep FK,İstanbul Başakşehir,1,2,football-data.co.uk (ayna: xgabora/Club-Football-Match-Data-2000-2025),football-data;sofascore;openfootball;transfermarkt,4,False,False
2019-20,2019-10-06,Sivasspor,Ankaragücü,3,1,football-data.co.uk (ayna: xgabora/Club-Football-Match-Data-2000-2025),football-data;sofascore;openfootball;transfermarkt,4,False,False
2019-20,2019-10-06,Çaykur Rizespor,Trabzonspor,1,2,football-data.co.uk (ayna: xgabora/Club-Football-Match-Data-2000-2025),football-data;sofascore;openfootball;transfermarkt,4,False,False
2019-20,2019-10-18,Galatasaray,Sivasspor,3,2,football-data.co.uk (ayna: xgabora/Club-Football-Match-Data-2000-2025),football-data;sofascore;openfootball;transfermarkt,4,False,False
2019-20,2019-10-19,Ankaragücü,Beşiktaş,0,0,football-data.co.uk (ayna: xgabora/Club-Football-Match-Data-2000-2025),football-data;sofascore;openfootball;transfermarkt,4,False,False
2019-20,2019-10-19,Antalyaspor,Gençlerbirliği,0,6,football-data.co.uk (ayna: xgabora/Club-Football-Match-Data-2000-2025),football-data;sofascore;openfootball;transfermarkt,4,False,False
2019-20,2019-10-19,Trabzonspor,Gaziantep FK,4,1,football-data.co.uk (ayna: xgabora/Club-Football-Match-Data-2000-2025),football-data;sofascore;openfootball;transfermarkt,4,False,False
2019-20,2019-10-19,İstanbul Başakşehir,Göztepe,2,1,football-data.co.uk (ayna: xgabora/Club-Football-Match-Data-2000-2025),football-data;sofascore;openfootball;transfermarkt,4,False,False
2019-20,2019-10-20,Alanyaspor,Çaykur Rizespor,5,2,football-data.co.uk (ayna: xgabora/Club-Football-Match-Data-2000-2025),football-data;sofascore;openfootball;transfermarkt,4,False,False
2019-20,2019-10-20,Denizlispor,Fenerbahçe,1,2,football-data.co.uk (ayna: xgabora/Club-Football-Match-Data-2000-2025),football-data;sofascore;openfootball;transfermarkt,4,False,False
2019-20,2019-10-20,Kayserispor,Kasımpaşa,1,1,football-data.co.uk (ayna: xgabora/Club-Football-Match-Data-2000-2025),football-data;sofascore;openfootball;transfermarkt,4,False,False
2019-20,2019-10-21,Konyaspor,Yeni Malatyaspor,0,2,football-data.co.uk (ayna: xgabora/Club-Football-Match-Data-2000-2025),football-data;sofascore;openfootball;transfermarkt,4,False,False
2019-20,2019-10-25,Çaykur Rizespor,Ankaragücü,2,0,football-data.co.uk (ayna: xgabora/Club-Football-Match-Data-2000-2025),football-data;sofascore;openfootball;transfermarkt,4,False,False
2019-20,2019-10-26,Fenerbahçe,Konyaspor,5,1,football-data.co.uk (ayna: xgabora/Club-Football-Match-Data-2000-2025),football-data;sofascore;openfootball;transfermarkt,4,False,False
2019-20,2019-10-26,Gaziantep FK,Alanyaspor,1,1,football-data.co.uk (ayna: xgabora/Club-Football-Match-Data-2000-2025),football-data;sofascore;openfootball;transfermarkt,4,False,False
2019-20,2019-10-26,Sivasspor,Antalyaspor,2,1,football-data.co.uk (ayna: xgabora/Club-Football-Match-Data-2000-2025),football-data;sofascore;openfootball;transfermarkt,4,False,False
2019-20,2019-10-27,Beşiktaş,Galatasaray,1,0,football-data.co.uk (ayna: xgabora/Club-Football-Match-Data-2000-2025),football-data;sofascore;openfootball;transfermarkt,4,False,False
2019-20,2019-10-27,Gençlerbirliği,Denizlispor,0,2,football-data.co.uk (ayna: xgabora/Club-Football-Match-Data-2000-2025),football-data;sofascore;openfootball;transfermarkt,4,False,False
2019-20,2019-10-27,Göztepe,Kasımpaşa,1,4,football-data.co.uk (ayna: xgabora/Club-Football-Match-Data-2000-2025),football-data;sofascore;openfootball;transfermarkt,4,False,False
2019-20,2019-10-27,Yeni Malatyaspor,Kayserispor,4,0,football-data.co.uk (ayna: xgabora/Club-Football-Match-Data-2000-2025),football-data;sofascore;openfootball;transfermarkt,4,False,False
2019-20,2019-10-28,İstanbul Başakşehir,Trabzonspor,2,2,football-data.co.uk (ayna: xgabora/Club-Football-Match-Data-2000-2025),football-data;sofascore;openfootball;transfermarkt,4,False,False
2019-20,2019-11-01,Galatasaray,Çaykur Rizespor,2,0,football-data.co.uk (ayna: xgabora/Club-Football-Match-Data-2000-2025),football-data;sofascore;openfootball;transfermarkt,4,False,False
2019-20,2019-11-02,Alanyaspor,İstanbul Başakşehir,0,0,football-data.co.uk (ayna: xgabora/Club-Football-Match-Data-2000-2025),football-data;sofascore;openfootball;transfermarkt,4,False,False
2019-20,2019-11-02,Antalyaspor,Beşiktaş,1,2,football-data.co.uk (ayna: xgabora/Club-Football-Match-Data-2000-2025),football-data;sofascore;openfootball;transfermarkt,4,False,False
2019-20,2019-11-02,Konyaspor,Gençlerbirliği,1,1,football-data.co.uk (ayna: xgabora/Club-Football-Match-Data-2000-2025),football-data;sofascore;openfootball;transfermarkt,4,False,False
2019-20,2019-11-02,Trabzonspor,Göztepe,0,1,football-data.co.uk (ayna: xgabora/Club-Football-Match-Data-2000-2025),football-data;sofascore;openfootball;transfermarkt,4,False,False
2019-20,2019-11-03,Denizlispor,Sivasspor,0,2,football-data.co.uk (ayna: xgabora/Club-Football-Match-Data-2000-2025),football-data;sofascore;openfootball;transfermarkt,4,False,False
2019-20,2019-11-03,Kasımpaşa,Yeni Malatyaspor,2,2,football-data.co.uk (ayna: xgabora/Club-Football-Match-Data-2000-2025),football-data;sofascore;openfootball;transfermarkt,4,False,False
2019-20,2019-11-03,Kayserispor,Fenerbahçe,1,0,football-data.co.uk (ayna: xgabora/Club-Football-Match-Data-2000-2025),football-data;sofascore;openfootball;transfermarkt,4,False,False
2019-20,2019-11-04,Ankaragücü,Gaziantep FK,1,2,football-data.co.uk (ayna: xgabora/Club-Football-Match-Data-2000-2025),football-data;sofascore;openfootball;transfermarkt,4,False,False
2019-20,2019-11-08,Fenerbahçe,Kasımpaşa,3,2,football-data.co.uk (ayna: xgabora/Club-Football-Match-Data-2000-2025),football-data;sofascore;openfootball;transfermarkt,4,False,False
2019-20,2019-11-09,Gaziantep FK,Galatasaray,0,2,football-data.co.uk (ayna: xgabora/Club-Football-Match-Data-2000-2025),football-data;sofascore;openfootball;transfermarkt,4,False,False
2019-20,2019-11-09,Gençlerbirliği,Kayserispor,2,1,football-data.co.uk (ayna: xgabora/Club-Football-Match-Data-2000-2025),football-data;sofascore;openfootball;transfermarkt,4,False,False
2019-20,2019-11-09,Sivasspor,Konyaspor,2,0,football-data.co.uk (ayna: xgabora/Club-Football-Match-Data-2000-2025),football-data;sofascore;openfootball;transfermarkt,4,False,False
2019-20,2019-11-09,Çaykur Rizespor,Antalyaspor,1,0,football-data.co.uk (ayna: xgabora/Club-Football-Match-Data-2000-2025),football-data;sofascore;openfootball;transfermarkt,4,False,False
2019-20,2019-11-10,Beşiktaş,Denizlispor,1,0,football-data.co.uk (ayna: xgabora/Club-Football-Match-Data-2000-2025),football-data;sofascore;openfootball;transfermarkt,4,False,False
2019-20,2019-11-10,Göztepe,Yeni Malatyaspor,1,1,football-data.co.uk (ayna: xgabora/Club-Football-Match-Data-2000-2025),football-data;sofascore;openfootball;transfermarkt,4,False,False
2019-20,2019-11-10,Trabzonspor,Alanyaspor,1,0,football-data.co.uk (ayna: xgabora/Club-Football-Match-Data-2000-2025),football-data;sofascore;openfootball;transfermarkt,4,False,False
2019-20,2019-11-10,İstanbul Başakşehir,Ankaragücü,2,1,football-data.co.uk (ayna: xgabora/Club-Football-Match-Data-2000-2025),football-data;sofascore;openfootball;transfermarkt,4,False,False
2019-20,2019-11-22,Galatasaray,İstanbul Başakşehir,0,1,football-data.co.uk (ayna: xgabora/Club-Football-Match-Data-2000-2025),football-data;sofascore;openfootball;transfermarkt,4,False,False
2019-20,2019-11-23,Ankaragücü,Trabzonspor,0,3,football-data.co.uk (ayna: xgabora/Club-Football-Match-Data-2000-2025),football-data;sofascore;openfootball;transfermarkt,4,False,False
2019-20,2019-11-23,Denizlispor,Çaykur Rizespor,2,0,football-data.co.uk (ayna: xgabora/Club-Football-Match-Data-2000-2025),football-data;sofascore;openfootball;transfermarkt,4,False,False
2019-20,2019-11-23,Konyaspor,Beşiktaş,0,1,football-data.co.uk (ayna: xgabora/Club-Football-Match-Data-2000-2025),football-data;sofascore;openfootball;transfermarkt,4,False,False
2019-20,2019-11-24,Alanyaspor,Göztepe,0,1,football-data.co.uk (ayna: xgabora/Club-Football-Match-Data-2000-2025),football-data;sofascore;openfootball;transfermarkt,4,False,False
2019-20,2019-11-24,Kasımpaşa,Gençlerbirliği,1,2,football-data.co.uk (ayna: xgabora/Club-Football-Match-Data-2000-2025),football-data;sofascore;openfootball;transfermarkt,4,False,False
2019-20,2019-11-24,Kayserispor,Sivasspor,1,4,football-data.co.uk (ayna: xgabora/Club-Football-Match-Data-2000-2025),football-data;sofascore;openfootball;transfermarkt,4,False,False
2019-20,2019-11-24,Yeni Malatyaspor,Fenerbahçe,0,0,football-data.co.uk (ayna: xgabora/Club-Football-Match-Data-2000-2025),football-data;sofascore;openfootball;transfermarkt,4,False,False
2019-20,2019-11-25,Antalyaspor,Gaziantep FK,1,1,football-data.co.uk (ayna: xgabora/Club-Football-Match-Data-2000-2025),football-data;sofascore;openfootball;transfermarkt,4,False,False
2019-20,2019-11-29,Gençlerbirliği,Yeni Malatyaspor,3,3,football-data.co.uk (ayna: xgabora/Club-Football-Match-Data-2000-2025),football-data;sofascore;openfootball;transfermarkt,4,False,False
2019-20,2019-11-30,Alanyaspor,Ankaragücü,5,0,football-data.co.uk (ayna: xgabora/Club-Football-Match-Data-2000-2025),football-data;sofascore;openfootball;transfermarkt,4,False,False
2019-20,2019-11-30,Göztepe,Fenerbahçe,2,2,football-data.co.uk (ayna: xgabora/Club-Football-Match-Data-2000-2025),football-data;sofascore;openfootball;transfermarkt,4,False,False
2019-20,2019-11-30,Sivasspor,Kasımpaşa,2,0,football-data.co.uk (ayna: xgabora/Club-Football-Match-Data-2000-2025),football-data;sofascore;openfootball;transfermarkt,4,False,False
2019-20,2019-11-30,Çaykur Rizespor,Konyaspor,3,1,football-data.co.uk (ayna: xgabora/Club-Football-Match-Data-2000-2025),football-data;sofascore;openfootball;transfermarkt,4,False,False
2019-20,2019-12-01,Gaziantep FK,Denizlispor,1,2,football-data.co.uk (ayna: xgabora/Club-Football-Match-Data-2000-2025),football-data;sofascore;openfootball;transfermarkt,4,False,False
2019-20,2019-12-01,Trabzonspor,Galatasaray,1,1,football-data.co.uk (ayna: xgabora/Club-Football-Match-Data-2000-2025),football-data;sofascore;openfootball;transfermarkt,4,False,False
2019-20,2019-12-01,İstanbul Başakşehir,Antalyaspor,2,0,football-data.co.uk (ayna: xgabora/Club-Football-Match-Data-2000-2025),football-data;sofascore;openfootball;transfermarkt,4,False,False
2019-20,2019-12-02,Beşiktaş,Kayserispor,4,1,football-data.co.uk (ayna: xgabora/Club-Football-Match-Data-2000-2025),football-data;sofascore;openfootball;transfermarkt,4,False,False
2019-20,2019-12-06,Fenerbahçe,Gençlerbirliği,5,2,football-data.co.uk (ayna: xgabora/Club-Football-Match-Data-2000-2025),football-data;sofascore;openfootball;transfermarkt,4,False,False
2019-20,2019-12-07,Ankaragücü,Göztepe,1,3,football-data.co.uk (ayna: xgabora/Club-Football-Match-Data-2000-2025),football-data;sofascore;openfootball;transfermarkt,4,False,False
2019-20,2019-12-07,Galatasaray,Alanyaspor,1,0,football-data.co.uk (ayna: xgabora/Club-Football-Match-Data-2000-2025),football-data;sofascore;openfootball;transfermarkt,4,False,False
2019-20,2019-12-07,Yeni Malatyaspor,Sivasspor,1,3,football-data.co.uk (ayna: xgabora/Club-Football-Match-Data-2000-2025),football-data;sofascore;openfootball;transfermarkt,4,False,False
2019-20,2019-12-08,Antalyaspor,Trabzonspor,1,3,football-data.co.uk (ayna: xgabora/Club-Football-Match-Data-2000-2025),football-data;sofascore;openfootball;transfermarkt,4,False,False
2019-20,2019-12-08,Denizlispor,İstanbul Başakşehir,1,1,football-data.co.uk (ayna: xgabora/Club-Football-Match-Data-2000-2025),football-data;sofascore;openfootball;transfermarkt,4,False,False
2019-20,2019-12-08,Kasımpaşa,Beşiktaş,2,3,football-data.co.uk (ayna: xgabora/Club-Football-Match-Data-2000-2025),football-data;sofascore;openfootball;transfermarkt,4,False,False
2019-20,2019-12-08,Konyaspor,Gaziantep FK,0,0,football-data.co.uk (ayna: xgabora/Club-Football-Match-Data-2000-2025),football-data;sofascore;openfootball;transfermarkt,4,False,False
2019-20,2019-12-09,Kayserispor,Çaykur Rizespor,1,0,football-data.co.uk (ayna: xgabora/Club-Football-Match-Data-2000-2025),football-data;sofascore;openfootball;transfermarkt,4,False,False
2019-20,2019-12-13,Alanyaspor,Antalyaspor,0,0,football-data.co.uk (ayna: xgabora/Club-Football-Match-Data-2000-2025),football-data;sofascore;openfootball;transfermarkt,4,False,False
2019-20,2019-12-14,Galatasaray,Ankaragücü,2,2,football-data.co.uk (ayna: xgabora/Club-Football-Match-Data-2000-2025),football-data;sofascore;openfootball;transfermarkt,4,False,False
2019-20,2019-12-14,Gençlerbirliği,Göztepe,3,1,football-data.co.uk (ayna: xgabora/Club-Football-Match-Data-2000-2025),football-data;sofascore;openfootball;transfermarkt,4,False,False
2019-20,2019-12-14,Çaykur Rizespor,Kasımpaşa,0,3,football-data.co.uk (ayna: xgabora/Club-Football-Match-Data-2000-2025),football-data;sofascore;openfootball;transfermarkt,4,False,False
2019-20,2019-12-15,Beşiktaş,Yeni Malatyaspor,0,2,football-data.co.uk (ayna: xgabora/Club-Football-Match-Data-2000-2025),football-data;sofascore;openfootball;transfermarkt,4,False,False
2019-20,2019-12-15,Gaziantep FK,Kayserispor,3,0,football-data.co.uk (ayna: xgabora/Club-Football-Match-Data-2000-2025),football-data;sofascore;openfootball;transfermarkt,4,False,False
2019-20,2019-12-15,Sivasspor,Fenerbahçe,3,1,football-data.co.uk (ayna: xgabora/Club-Football-Match-Data-2000-2025),football-data;sofascore;openfootball;transfermarkt,4,False,False
2019-20,2019-12-16,Trabzonspor,Denizlispor,1,2,football-data.co.uk (ayna: xgabora/Club-Football-Match-Data-2000-2025),football-data;sofascore;openfootball;transfermarkt,4,False,False
2019-20,2019-12-16,İstanbul Başakşehir,Konyaspor,1,1,football-data.co.uk (ayna: xgabora/Club-Football-Match-Data-2000-2025),football-data;sofascore;openfootball;transfermarkt,4,False,False
2019-20,2019-12-20,Antalyaspor,Ankaragücü,2,2,football-data.co.uk (ayna: xgabora/Club-Football-Match-Data-2000-2025),football-data;sofascore;openfootball;transfermarkt,4,False,False
2019-20,2019-12-21,Göztepe,Galatasaray,2,1,football-data.co.uk (ayna: xgabora/Club-Football-Match-Data-2000-2025),football-data;sofascore;openfootball;transfermarkt,4,False,False
2019-20,2019-12-21,Kasımpaşa,Gaziantep FK,3,4,football-data.co.uk (ayna: xgabora/Club-Football-Match-Data-2000-2025),football-data;sofascore;openfootball;transfermarkt,4,False,False
2019-20,2019-12-21,Yeni Malatyaspor,Çaykur Rizespor,0,2,football-data.co.uk (ayna: xgabora/Club-Football-Match-Data-2000-2025),football-data;sofascore;openfootball;transfermarkt,4,False,False
2019-20,2019-12-22,Fenerbahçe,Beşiktaş,3,1,football-data.co.uk (ayna: xgabora/Club-Football-Match-Data-2000-2025),football-data;sofascore;openfootball;transfermarkt,4,False,False
2019-20,2019-12-22,Gençlerbirliği,Sivasspor,2,2,football-data.co.uk (ayna: xgabora/Club-Football-Match-Data-2000-2025),football-data;sofascore;openfootball;transfermarkt,4,False,False
2019-20,2019-12-22,Kayserispor,İstanbul Başakşehir,1,4,football-data.co.uk (ayna: xgabora/Club-Football-Match-Data-2000-2025),football-data;sofascore;openfootball;transfermarkt,4,False,False
2019-20,2019-12-23,Denizlispor,Alanyaspor,1,5,football-data.co.uk (ayna: xgabora/Club-Football-Match-Data-2000-2025),football-data;sofascore;openfootball;transfermarkt,4,False,False
2019-20,2019-12-23,Konyaspor,Trabzonspor,0,1,football-data.co.uk (ayna: xgabora/Club-Football-Match-Data-2000-2025),football-data;sofascore;openfootball;transfermarkt,4,False,False
2019-20,2019-12-27,Beşiktaş,Gençlerbirliği,4,1,football-data.co.uk (ayna: xgabora/Club-Football-Match-Data-2000-2025),football-data;sofascore;openfootball;transfermarkt,4,False,False
2019-20,2019-12-28,Ankaragücü,Denizlispor,2,2,football-data.co.uk (ayna: xgabora/Club-Football-Match-Data-2000-2025),football-data;sofascore;openfootball;transfermarkt,4,False,False
2019-20,2019-12-28,Galatasaray,Antalyaspor,5,0,football-data.co.uk (ayna: xgabora/Club-Football-Match-Data-2000-2025),football-data;sofascore;openfootball;transfermarkt,4,False,False
2019-20,2019-12-28,Trabzonspor,Kayserispor,6,2,football-data.co.uk (ayna: xgabora/Club-Football-Match-Data-2000-2025),football-data;sofascore;openfootball;transfermarkt,4,False,False
2019-20,2019-12-28,İstanbul Başakşehir,Kasımpaşa,5,1,football-data.co.uk (ayna: xgabora/Club-Football-Match-Data-2000-2025),football-data;sofascore;openfootball;transfermarkt,4,False,False
2019-20,2019-12-29,Alanyaspor,Konyaspor,2,1,football-data.co.uk (ayna: xgabora/Club-Football-Match-Data-2000-2025),football-data;sofascore;openfootball;transfermarkt,4,False,False
2019-20,2019-12-29,Gaziantep FK,Yeni Malatyaspor,1,1,football-data.co.uk (ayna: xgabora/Club-Football-Match-Data-2000-2025),football-data;sofascore;openfootball;transfermarkt,4,False,False
2019-20,2019-12-29,Sivasspor,Göztepe,1,0,football-data.co.uk (ayna: xgabora/Club-Football-Match-Data-2000-2025),football-data;sofascore;openfootball;transfermarkt,4,False,False
2019-20,2019-12-29,Çaykur Rizespor,Fenerbahçe,1,2,football-data.co.uk (ayna: xgabora/Club-Football-Match-Data-2000-2025),football-data;sofascore;openfootball;transfermarkt,4,False,False
2019-20,2020-01-17,Ankaragücü,Konyaspor,0,1,football-data.co.uk (ayna: xgabora/Club-Football-Match-Data-2000-2025),football-data;sofascore;openfootball;transfermarkt,4,False,False
2019-20,2020-01-18,Alanyaspor,Kayserispor,5,1,football-data.co.uk (ayna: xgabora/Club-Football-Match-Data-2000-2025),football-data;sofascore;openfootball;transfermarkt,4,False,False
2019-20,2020-01-18,Gaziantep FK,Fenerbahçe,0,2,football-data.co.uk (ayna: xgabora/Club-Football-Match-Data-2000-2025),football-data;sofascore;openfootball;transfermarkt,4,False,False
2019-20,2020-01-18,İstanbul Başakşehir,Yeni Malatyaspor,4,1,football-data.co.uk (ayna: xgabora/Club-Football-Match-Data-2000-2025),football-data;sofascore;openfootball;transfermarkt,4,False,False
2019-20,2020-01-19,Antalyaspor,Göztepe,0,3,football-data.co.uk (ayna: xgabora/Club-Football-Match-Data-2000-2025),football-data;sofascore;openfootball;transfermarkt,4,False,False
2019-20,2020-01-19,Beşiktaş,Sivasspor,1,2,football-data.co.uk (ayna: xgabora/Club-Football-Match-Data-2000-2025),football-data;sofascore;openfootball;transfermarkt,4,False,False
2019-20,2020-01-19,Galatasaray,Denizlispor,2,1,football-data.co.uk (ayna: xgabora/Club-Football-Match-Data-2000-2025),football-data;sofascore;openfootball;transfermarkt,4,False,False
2019-20,2020-01-19,Trabzonspor,Kasımpaşa,6,0,football-data.co.uk (ayna: xgabora/Club-Football-Match-Data-2000-2025),football-data;sofascore;openfootball;transfermarkt,4,False,False
2019-20,2020-01-20,Çaykur Rizespor,Gençlerbirliği,2,0,football-data.co.uk (ayna: xgabora/Club-Football-Match-Data-2000-2025),football-data;sofascore;openfootball;transfermarkt,4,False,False
2019-20,2020-01-24,Gençlerbirliği,Gaziantep FK,1,0,football-data.co.uk (ayna: xgabora/Club-Football-Match-Data-2000-2025),football-data;sofascore;openfootball;transfermarkt,4,False,False
2019-20,2020-01-25,Fenerbahçe,İstanbul Başakşehir,2,0,football-data.co.uk (ayna: xgabora/Club-Football-Match-Data-2000-2025),football-data;sofascore;openfootball;transfermarkt,4,False,False
2019-20,2020-01-25,Kasımpaşa,Alanyaspor,1,2,football-data.co.uk (ayna: xgabora/Club-Football-Match-Data-2000-2025),football-data;sofascore;openfootball;transfermarkt,4,False,False
2019-20,2020-01-25,Kayserispor,Ankaragücü,1,1,football-data.co.uk (ayna: xgabora/Club-Football-Match-Data-2000-2025),football-data;sofascore;openfootball;transfermarkt,4,False,False
2019-20,2020-01-26,Denizlispor,Antalyaspor,0,3,football-data.co.uk (ayna: xgabora/Club-Football-Match-Data-2000-2025),football-data;sofascore;openfootball;transfermarkt,4,False,False
2019-20,2020-01-26,Göztepe,Beşiktaş,2,1,football-data.co.uk (ayna: xgabora/Club-Football-Match-Data-2000-2025),football-data;sofascore;openfootball;transfermarkt,4,False,False
2019-20,2020-01-26,Konyaspor,Galatasaray,0,3,football-data.co.uk (ayna: xgabora/Club-Football-Match-Data-2000-2025),football-data;sofascore;openfootball;transfermarkt,4,False,False
2019-20,2020-01-27,Sivasspor,Çaykur Rizespor,1,1,football-data.co.uk (ayna: xgabora/Club-Football-Match-Data-2000-2025),football-data;sofascore;openfootball;transfermarkt,4,False,False
2019-20,2020-01-31,İstanbul Başakşehir,Gençlerbirliği,3,1,football-data.co.uk (ayna: xgabora/Club-Football-Match-Data-2000-2025),football-data;sofascore;openfootball;transfermarkt,4,False,False
2019-20,2020-02-01,Antalyaspor,Konyaspor,0,0,football-data.co.uk (ayna: xgabora/Club-Football-Match-Data-2000-2025),football-data;sofascore;openfootball;transfermarkt,4,False,False
2019-20,2020-02-01,Trabzonspor,Fenerbahçe,2,1,football-data.co.uk (ayna: xgabora/Club-Football-Match-Data-2000-2025),football-data;sofascore;openfootball;transfermarkt,4,False,False
2019-20,2020-02-01,Çaykur Rizespor,Beşiktaş,1,2,football-data.co.uk (ayna: xgabora/Club-Football-Match-Data-2000-2025),football-data;sofascore;openfootball;transfermarkt,4,False,False
2019-20,2020-02-02,Alanyaspor,Yeni Malatyaspor,2,1,football-data.co.uk (ayna: xgabora/Club-Football-Match-Data-2000-2025),football-data;sofascore;openfootball;transfermarkt,4,False,False
2019-20,2020-02-02,Ankaragücü,Kasımpaşa,1,1,football-data.co.uk (ayna: xgabora/Club-Football-Match-Data-2000-2025),football-data;sofascore;openfootball;transfermarkt,4,False,False
2019-20,2020-02-02,Galatasaray,Kayserispor,4,1,football-data.co.uk (ayna: xgabora/Club-Football-Match-Data-2000-2025),football-data;sofascore;openfootball;transfermarkt,4,False,False
2019-20,2020-02-02,Gaziantep FK,Sivasspor,5,1,football-data.co.uk (ayna: xgabora/Club-Football-Match-Data-2000-2025),football-data;sofascore;openfootball;transfermarkt,4,False,False
2019-20,2020-02-03,Denizlispor,Göztepe,1,1,football-data.co.uk (ayna: xgabora/Club-Football-Match-Data-2000-2025),football-data;sofascore;openfootball;transfermarkt,4,False,False
2019-20,2020-02-07,Yeni Malatyaspor,Ankaragücü,0,1,football-data.co.uk (ayna: xgabora/Club-Football-Match-Data-2000-2025),football-data;sofascore;openfootball;transfermarkt,4,False,False
2019-20,2020-02-08,Beşiktaş,Gaziantep FK,3,0,football-data.co.uk (ayna: xgabora/Club-Football-Match-Data-2000-2025),football-data;sofascore;openfootball;transfermarkt,4,False,False
2019-20,2020-02-08,Fenerbahçe,Alanyaspor,1,1,football-data.co.uk (ayna: xgabora/Club-Football-Match-Data-2000-2025),football-data;sofascore;openfootball;transfermarkt,4,False,False
2019-20,2020-02-08,Gençlerbirliği,Trabzonspor,0,2,football-data.co.uk (ayna: xgabora/Club-Football-Match-Data-2000-2025),football-data;sofascore;openfootball;transfermarkt,4,False,False
2019-20,2020-02-08,Konyaspor,Denizlispor,0,0,football-data.co.uk (ayna: xgabora/Club-Football-Match-Data-2000-2025),football-data;sofascore;openfootball;transfermarkt,4,False,False
2019-20,2020-02-09,Kasımpaşa,Galatasaray,0,3,football-data.co.uk (ayna: xgabora/Club-Football-Match-Data-2000-2025),football-data;sofascore;openfootball;transfermarkt,4,False,False
2019-20,2020-02-09,Kayserispor,Antalyaspor,2,2,football-data.co.uk (ayna: xgabora/Club-Football-Match-Data-2000-2025),football-data;sofascore;openfootball;transfermarkt,4,False,False
2019-20,2020-02-09,Sivasspor,İstanbul Başakşehir,1,1,football-data.co.uk (ayna: xgabora/Club-Football-Match-Data-2000-2025),football-data;sofascore;openfootball;transfermarkt,4,False,False
2019-20,2020-02-14,İstanbul Başakşehir,Beşiktaş,1,0,football-data.co.uk (ayna: xgabora/Club-Football-Match-Data-2000-2025),football-data;sofascore;openfootball;transfermarkt,4,False,False
2019-20,2020-02-15,Ankaragücü,Fenerbahçe,2,1,football-data.co.uk (ayna: xgabora/Club-Football-Match-Data-2000-2025),football-data;sofascore;openfootball;transfermarkt,4,False,False
2019-20,2020-02-15,Denizlispor,Kayserispor,0,1,football-data.co.uk (ayna: xgabora/Club-Football-Match-Data-2000-2025),football-data;sofascore;openfootball;transfermarkt,4,False,False
2019-20,2020-02-15,Konyaspor,Göztepe,1,3,football-data.co.uk (ayna: xgabora/Club-Football-Match-Data-2000-2025),football-data;sofascore;openfootball;transfermarkt,4,False,False
2019-20,2020-02-16,Alanyaspor,Gençlerbirliği,0,1,football-data.co.uk (ayna: xgabora/Club-Football-Match-Data-2000-2025),football-data;sofascore;openfootball;transfermarkt,4,False,False
2019-20,2020-02-16,Galatasaray,Yeni Malatyaspor,1,0,football-data.co.uk (ayna: xgabora/Club-Football-Match-Data-2000-2025),football-data;sofascore;openfootball;transfermarkt,4,False,False
2019-20,2020-02-16,Trabzonspor,Sivasspor,2,1,football-data.co.uk (ayna: xgabora/Club-Football-Match-Data-2000-2025),football-data;sofascore;openfootball;transfermarkt,4,False,False
2019-20,2020-02-17,Antalyaspor,Kasımpaşa,3,1,football-data.co.uk (ayna: xgabora/Club-Football-Match-Data-2000-2025),football-data;sofascore;openfootball;transfermarkt,4,False,False
2019-20,2020-02-17,Gaziantep FK,Çaykur Rizespor,2,0,football-data.co.uk (ayna: xgabora/Club-Football-Match-Data-2000-2025),football-data;sofascore;openfootball;transfermarkt,4,False,False
2019-20,2020-02-21,Sivasspor,Alanyaspor,1,0,football-data.co.uk (ayna: xgabora/Club-Football-Match-Data-2000-2025),football-data;sofascore;openfootball;transfermarkt,4,False,False
2019-20,2020-02-22,Beşiktaş,Trabzonspor,2,2,football-data.co.uk (ayna: xgabora/Club-Football-Match-Data-2000-2025),football-data;sofascore;openfootball;transfermarkt,4,False,False
2019-20,2020-02-22,Göztepe,Gaziantep FK,1,1,football-data.co.uk (ayna: xgabora/Club-Football-Match-Data-2000-2025),football-data;sofascore;openfootball;transfermarkt,4,False,False
2019-20,2020-02-22,Kayserispor,Konyaspor,2,2,football-data.co.uk (ayna: xgabora/Club-Football-Match-Data-2000-2025),football-data;sofascore;openfootball;transfermarkt,4,False,False
2019-20,2020-02-23,Fenerbahçe,Galatasaray,1,3,football-data.co.uk (ayna: xgabora/Club-Football-Match-Data-2000-2025),football-data;sofascore;openfootball;transfermarkt,4,False,False
2019-20,2020-02-23,Gençlerbirliği,Ankaragücü,1,0,football-data.co.uk (ayna: xgabora/Club-Football-Match-Data-2000-2025),football-data;sofascore;openfootball;transfermarkt,4,False,False
2019-20,2020-02-23,Yeni Malatyaspor,Antalyaspor,1,2,football-data.co.uk (ayna: xgabora/Club-Football-Match-Data-2000-2025),football-data;sofascore;openfootball;transfermarkt,4,False,False
2019-20,2020-02-24,Kasımpaşa,Denizlispor,2,0,football-data.co.uk (ayna: xgabora/Club-Football-Match-Data-2000-2025),football-data;sofascore;openfootball;transfermarkt,4,False,False
2019-20,2020-02-24,Çaykur Rizespor,İstanbul Başakşehir,1,2,football-data.co.uk (ayna: xgabora/Club-Football-Match-Data-2000-2025),football-data;sofascore;openfootball;transfermarkt,4,False,False
2019-20,2020-02-28,Alanyaspor,Beşiktaş,1,2,football-data.co.uk (ayna: xgabora/Club-Football-Match-Data-2000-2025),football-data;sofascore;openfootball;transfermarkt,4,False,False
2019-20,2020-02-29,Antalyaspor,Fenerbahçe,2,2,football-data.co.uk (ayna: xgabora/Club-Football-Match-Data-2000-2025),football-data;sofascore;openfootball;transfermarkt,4,False,False
2019-20,2020-02-29,Konyaspor,Kasımpaşa,0,0,football-data.co.uk (ayna: xgabora/Club-Football-Match-Data-2000-2025),football-data;sofascore;openfootball;transfermarkt,4,False,False
2019-20,2020-02-29,Trabzonspor,Çaykur Rizespor,5,2,football-data.co.uk (ayna: xgabora/Club-Football-Match-Data-2000-2025),football-data;sofascore;openfootball;transfermarkt,4,False,False
2019-20,2020-03-01,Ankaragücü,Sivasspor,0,3,football-data.co.uk (ayna: xgabora/Club-Football-Match-Data-2000-2025),football-data;sofascore;openfootball;transfermarkt,4,False,False
2019-20,2020-03-01,Denizlispor,Yeni Malatyaspor,2,0,football-data.co.uk (ayna: xgabora/Club-Football-Match-Data-2000-2025),football-data;sofascore;openfootball;transfermarkt,4,False,False
2019-20,2020-03-01,Galatasaray,Gençlerbirliği,3,0,football-data.co.uk (ayna: xgabora/Club-Football-Match-Data-2000-2025),football-data;sofascore;openfootball;transfermarkt,4,False,False
2019-20,2020-03-02,Kayserispor,Göztepe,1,0,football-data.co.uk (ayna: xgabora/Club-Football-Match-Data-2000-2025),football-data;sofascore;openfootball;transfermarkt,4,False,False
2019-20,2020-03-02,İstanbul Başakşehir,Gaziantep FK,3,1,football-data.co.uk (ayna: xgabora/Club-Football-Match-Data-2000-2025),football-data;sofascore;openfootball;transfermarkt,4,False,False
2019-20,2020-03-06,Beşiktaş,Ankaragücü,2,1,football-data.co.uk (ayna: xgabora/Club-Football-Match-Data-2000-2025),football-data;sofascore;openfootball;transfermarkt,4,False,False
2019-20,2020-03-07,Fenerbahçe,Denizlispor,2,2,football-data.co.uk (ayna: xgabora/Club-Football-Match-Data-2000-2025),football-data;sofascore;openfootball;transfermarkt,4,False,False
2019-20,2020-03-07,Gaziantep FK,Trabzonspor,1,1,football-data.co.uk (ayna: xgabora/Club-Football-Match-Data-2000-2025),football-data;sofascore;openfootball;transfermarkt,4,False,False
2019-20,2020-03-07,Göztepe,İstanbul Başakşehir,0,3,football-data.co.uk (ayna: xgabora/Club-Football-Match-Data-2000-2025),football-data;sofascore;openfootball;transfermarkt,4,False,False
2019-20,2020-03-07,Yeni Malatyaspor,Konyaspor,1,1,football-data.co.uk (ayna: xgabora/Club-Football-Match-Data-2000-2025),football-data;sofascore;openfootball;transfermarkt,4,False,False
2019-20,2020-03-08,Kasımpaşa,Kayserispor,5,1,football-data.co.uk (ayna: xgabora/Club-Football-Match-Data-2000-2025),football-data;sofascore;openfootball;transfermarkt,4,False,False
2019-20,2020-03-08,Sivasspor,Galatasaray,2,2,football-data.co.uk (ayna: xgabora/Club-Football-Match-Data-2000-2025),football-data;sofascore;openfootball;transfermarkt,4,False,False
2019-20,2020-03-08,Çaykur Rizespor,Alanyaspor,1,1,football-data.co.uk (ayna: xgabora/Club-Football-Match-Data-2000-2025),football-data;sofascore;openfootball;transfermarkt,4,False,False
2019-20,2020-03-09,Gençlerbirliği,Antalyaspor,1,1,football-data.co.uk (ayna: xgabora/Club-Football-Match-Data-2000-2025),football-data;sofascore;openfootball;transfermarkt,4,False,False
2019-20,2020-03-11,Yeni Malatyaspor,Trabzonspor,1,3,football-data.co.uk (ayna: xgabora/Club-Football-Match-Data-2000-2025),football-data;sofascore;openfootball;transfermarkt,4,False,False
2019-20,2020-03-13,Ankaragücü,Çaykur Rizespor,2,1,football-data.co.uk (ayna: xgabora/Club-Football-Match-Data-2000-2025),football-data;sofascore;openfootball;transfermarkt,4,False,False
2019-20,2020-03-13,Kasımpaşa,Göztepe,2,0,football-data.co.uk (ayna: xgabora/Club-Football-Match-Data-2000-2025),football-data;sofascore;openfootball;transfermarkt,4,False,False
2019-20,2020-03-14,Alanyaspor,Gaziantep FK,1,0,football-data.co.uk (ayna: xgabora/Club-Football-Match-Data-2000-2025),football-data;sofascore;openfootball;transfermarkt,4,False,False
2019-20,2020-03-14,Denizlispor,Gençlerbirliği,1,0,football-data.co.uk (ayna: xgabora/Club-Football-Match-Data-2000-2025),football-data;sofascore;openfootball;transfermarkt,4,False,False
2019-20,2020-03-14,Konyaspor,Fenerbahçe,1,0,football-data.co.uk (ayna: xgabora/Club-Football-Match-Data-2000-2025),football-data;sofascore;openfootball;transfermarkt,4,False,False
2019-20,2020-03-15,Galatasaray,Beşiktaş,0,0,football-data.co.uk (ayna: xgabora/Club-Football-Match-Data-2000-2025),football-data;sofascore;openfootball;transfermarkt,4,False,False
2019-20,2020-03-15,Kayserispor,Yeni Malatyaspor,2,1,football-data.co.uk (ayna: xgabora/Club-Football-Match-Data-2000-2025),football-data;sofascore;openfootball;transfermarkt,4,False,False
2019-20,2020-03-15,Trabzonspor,İstanbul Başakşehir,1,1,football-data.co.uk (ayna: xgabora/Club-Football-Match-Data-2000-2025),football-data;sofascore;openfootball;transfermarkt,4,False,False
2019-20,2020-03-16,Antalyaspor,Sivasspor,1,0,football-data.co.uk (ayna: xgabora/Club-Football-Match-Data-2000-2025),football-data;sofascore;openfootball;transfermarkt,4,False,False
2019-20,2020-03-17,Göztepe,Çaykur Rizespor,2,0,football-data.co.uk (ayna: xgabora/Club-Football-Match-Data-2000-2025),football-data;sofascore;openfootball;transfermarkt,4,False,False
2019-20,2020-06-12,Fenerbahçe,Kayserispor,2,1,football-data.co.uk (ayna: xgabora/Club-Football-Match-Data-2000-2025),football-data;sofascore;openfootball;transfermarkt,4,False,False
2019-20,2020-06-12,Göztepe,Trabzonspor,1,3,football-data.co.uk (ayna: xgabora/Club-Football-Match-Data-2000-2025),football-data;sofascore;openfootball;transfermarkt,4,False,False
2019-20,2020-06-13,Beşiktaş,Antalyaspor,1,2,football-data.co.uk (ayna: xgabora/Club-Football-Match-Data-2000-2025),football-data;sofascore;openfootball;transfermarkt,4,False,False
2019-20,2020-06-13,Yeni Malatyaspor,Kasımpaşa,1,2,football-data.co.uk (ayna: xgabora/Club-Football-Match-Data-2000-2025),football-data;sofascore;openfootball;transfermarkt,4,False,False
2019-20,2020-06-13,İstanbul Başakşehir,Alanyaspor,2,0,football-data.co.uk (ayna: xgabora/Club-Football-Match-Data-2000-2025),football-data;sofascore;openfootball;transfermarkt,4,False,False
2019-20,2020-06-14,Gaziantep FK,Ankaragücü,1,1,football-data.co.uk (ayna: xgabora/Club-Football-Match-Data-2000-2025),football-data;sofascore;openfootball;transfermarkt,4,False,False
2019-20,2020-06-14,Gençlerbirliği,Konyaspor,2,1,football-data.co.uk (ayna: xgabora/Club-Football-Match-Data-2000-2025),football-data;sofascore;openfootball;transfermarkt,4,False,False
2019-20,2020-06-14,Çaykur Rizespor,Galatasaray,2,0,football-data.co.uk (ayna: xgabora/Club-Football-Match-Data-2000-2025),football-data;sofascore;openfootball;transfermarkt,4,False,False
2019-20,2020-06-15,Sivasspor,Denizlispor,1,0,football-data.co.uk (ayna: xgabora/Club-Football-Match-Data-2000-2025),football-data;sofascore;openfootball;transfermarkt,4,False,False
2019-20,2020-06-19,Ankaragücü,İstanbul Başakşehir,1,2,football-data.co.uk (ayna: xgabora/Club-Football-Match-Data-2000-2025),football-data;sofascore;openfootball;transfermarkt,4,False,False
2019-20,2020-06-20,Denizlispor,Beşiktaş,1,5,football-data.co.uk (ayna: xgabora/Club-Football-Match-Data-2000-2025),football-data;sofascore;openfootball;transfermarkt,4,False,False
2019-20,2020-06-20,Kayserispor,Gençlerbirliği,2,0,football-data.co.uk (ayna: xgabora/Club-Football-Match-Data-2000-2025),football-data;sofascore;openfootball;transfermarkt,4,False,False
2019-20,2020-06-20,Yeni Malatyaspor,Göztepe,2,1,football-data.co.uk (ayna: xgabora/Club-Football-Match-Data-2000-2025),football-data;sofascore;openfootball;transfermarkt,4,False,False
2019-20,2020-06-21,Galatasaray,Gaziantep FK,3,3,football-data.co.uk (ayna: xgabora/Club-Football-Match-Data-2000-2025),football-data;sofascore;openfootball;transfermarkt,4,False,False
2019-20,2020-06-21,Kasımpaşa,Fenerbahçe,2,0,football-data.co.uk (ayna: xgabora/Club-Football-Match-Data-2000-2025),football-data;sofascore;openfootball;transfermarkt,4,False,False
2019-20,2020-06-21,Konyaspor,Sivasspor,2,2,football-data.co.uk (ayna: xgabora/Club-Football-Match-Data-2000-2025),football-data;sofascore;openfootball;transfermarkt,4,False,False
2019-20,2020-06-22,Alanyaspor,Trabzonspor,2,2,football-data.co.uk (ayna: xgabora/Club-Football-Match-Data-2000-2025),football-data;sofascore;openfootball;transfermarkt,4,False,False
2019-20,2020-06-22,Antalyaspor,Çaykur Rizespor,3,1,football-data.co.uk (ayna: xgabora/Club-Football-Match-Data-2000-2025),football-data;sofascore;openfootball;transfermarkt,4,False,False
2019-20,2020-06-26,Beşiktaş,Konyaspor,3,0,football-data.co.uk (ayna: xgabora/Club-Football-Match-Data-2000-2025),football-data;sofascore;openfootball;transfermarkt,4,False,False
2019-20,2020-06-27,Fenerbahçe,Yeni Malatyaspor,3,2,football-data.co.uk (ayna: xgabora/Club-Football-Match-Data-2000-2025),football-data;sofascore;openfootball;transfermarkt,4,False,False
2019-20,2020-06-27,Göztepe,Alanyaspor,3,3,football-data.co.uk (ayna: xgabora/Club-Football-Match-Data-2000-2025),football-data;sofascore;openfootball;transfermarkt,4,False,False
2019-20,2020-06-27,Trabzonspor,Ankaragücü,1,1,football-data.co.uk (ayna: xgabora/Club-Football-Match-Data-2000-2025),football-data;sofascore;openfootball;transfermarkt,4,False,False
2019-20,2020-06-28,Gaziantep FK,Antalyaspor,1,1,football-data.co.uk (ayna: xgabora/Club-Football-Match-Data-2000-2025),football-data;sofascore;openfootball;transfermarkt,4,False,False
2019-20,2020-06-28,Sivasspor,Kayserispor,0,2,football-data.co.uk (ayna: xgabora/Club-Football-Match-Data-2000-2025),football-data;sofascore;openfootball;transfermarkt,4,False,False
2019-20,2020-06-28,Çaykur Rizespor,Denizlispor,2,2,football-data.co.uk (ayna: xgabora/Club-Football-Match-Data-2000-2025),football-data;sofascore;openfootball;transfermarkt,4,False,False
2019-20,2020-06-28,İstanbul Başakşehir,Galatasaray,1,1,football-data.co.uk (ayna: xgabora/Club-Football-Match-Data-2000-2025),football-data;sofascore;openfootball;transfermarkt,4,False,False
2019-20,2020-06-29,Gençlerbirliği,Kasımpaşa,0,2,football-data.co.uk (ayna: xgabora/Club-Football-Match-Data-2000-2025),football-data;sofascore;openfootball;transfermarkt,4,False,False
2019-20,2020-07-03,Denizlispor,Gaziantep FK,0,1,football-data.co.uk (ayna: xgabora/Club-Football-Match-Data-2000-2025),football-data;sofascore;openfootball;transfermarkt,4,False,False
2019-20,2020-07-04,Ankaragücü,Alanyaspor,1,4,football-data.co.uk (ayna: xgabora/Club-Football-Match-Data-2000-2025),football-data;sofascore;openfootball;transfermarkt,4,False,False
2019-20,2020-07-04,Antalyaspor,İstanbul Başakşehir,0,2,football-data.co.uk (ayna: xgabora/Club-Football-Match-Data-2000-2025),football-data;sofascore;openfootball;transfermarkt,4,False,False
2019-20,2020-07-04,Fenerbahçe,Göztepe,2,1,football-data.co.uk (ayna: xgabora/Club-Football-Match-Data-2000-2025),football-data;sofascore;openfootball;transfermarkt,4,False,False
2019-20,2020-07-04,Yeni Malatyaspor,Gençlerbirliği,0,0,football-data.co.uk (ayna: xgabora/Club-Football-Match-Data-2000-2025),football-data;sofascore;openfootball;transfermarkt,4,False,False
2019-20,2020-07-05,Galatasaray,Trabzonspor,1,3,football-data.co.uk (ayna: xgabora/Club-Football-Match-Data-2000-2025),football-data;sofascore;openfootball;transfermarkt,4,False,False
2019-20,2020-07-05,Kasımpaşa,Sivasspor,0,0,football-data.co.uk (ayna: xgabora/Club-Football-Match-Data-2000-2025),football-data;sofascore;openfootball;transfermarkt,4,False,False
2019-20,2020-07-05,Konyaspor,Çaykur Rizespor,1,0,football-data.co.uk (ayna: xgabora/Club-Football-Match-Data-2000-2025),football-data;sofascore;openfootball;transfermarkt,4,False,False
2019-20,2020-07-06,Kayserispor,Beşiktaş,3,1,football-data.co.uk (ayna: xgabora/Club-Football-Match-Data-2000-2025),football-data;sofascore;openfootball;transfermarkt,4,False,False
2019-20,2020-07-07,Gençlerbirliği,Fenerbahçe,1,1,football-data.co.uk (ayna: xgabora/Club-Football-Match-Data-2000-2025),football-data;sofascore;openfootball;transfermarkt,4,False,False
2019-20,2020-07-07,İstanbul Başakşehir,Denizlispor,2,0,football-data.co.uk (ayna: xgabora/Club-Football-Match-Data-2000-2025),football-data;sofascore;openfootball;transfermarkt,4,False,False
2019-20,2020-07-08,Alanyaspor,Galatasaray,4,1,football-data.co.uk (ayna: xgabora/Club-Football-Match-Data-2000-2025),football-data;sofascore;openfootball;transfermarkt,4,False,False
2019-20,2020-07-08,Göztepe,Ankaragücü,2,2,football-data.co.uk (ayna: xgabora/Club-Football-Match-Data-2000-2025),football-data;sofascore;openfootball;transfermarkt,4,False,False
2019-20,2020-07-08,Sivasspor,Yeni Malatyaspor,0,1,football-data.co.uk (ayna: xgabora/Club-Football-Match-Data-2000-2025),football-data;sofascore;openfootball;transfermarkt,4,False,False
2019-20,2020-07-08,Trabzonspor,Antalyaspor,2,2,football-data.co.uk (ayna: xgabora/Club-Football-Match-Data-2000-2025),football-data;sofascore;openfootball;transfermarkt,4,False,False
2019-20,2020-07-09,Beşiktaş,Kasımpaşa,3,2,football-data.co.uk (ayna: xgabora/Club-Football-Match-Data-2000-2025),football-data;sofascore;openfootball;transfermarkt,4,False,False
2019-20,2020-07-09,Gaziantep FK,Konyaspor,3,1,football-data.co.uk (ayna: xgabora/Club-Football-Match-Data-2000-2025),football-data;sofascore;openfootball;transfermarkt,4,False,False
2019-20,2020-07-09,Çaykur Rizespor,Kayserispor,3,2,football-data.co.uk (ayna: xgabora/Club-Football-Match-Data-2000-2025),football-data;sofascore;openfootball;transfermarkt,4,False,False
2019-20,2020-07-11,Göztepe,Gençlerbirliği,1,3,football-data.co.uk (ayna: xgabora/Club-Football-Match-Data-2000-2025),football-data;sofascore;openfootball;transfermarkt,4,False,False
2019-20,2020-07-12,Ankaragücü,Galatasaray,1,0,football-data.co.uk (ayna: xgabora/Club-Football-Match-Data-2000-2025),football-data;sofascore;openfootball;transfermarkt,4,False,False
2019-20,2020-07-12,Antalyaspor,Alanyaspor,1,0,football-data.co.uk (ayna: xgabora/Club-Football-Match-Data-2000-2025),football-data;sofascore;openfootball;transfermarkt,4,False,False
2019-20,2020-07-12,Fenerbahçe,Sivasspor,1,2,football-data.co.uk (ayna: xgabora/Club-Football-Match-Data-2000-2025),football-data;sofascore;openfootball;transfermarkt,4,False,False
2019-20,2020-07-13,Denizlispor,Trabzonspor,2,1,football-data.co.uk (ayna: xgabora/Club-Football-Match-Data-2000-2025),football-data;sofascore;openfootball;transfermarkt,4,False,False
2019-20,2020-07-13,Kasımpaşa,Çaykur Rizespor,2,0,football-data.co.uk (ayna: xgabora/Club-Football-Match-Data-2000-2025),football-data;sofascore;openfootball;transfermarkt,4,False,False
2019-20,2020-07-13,Kayserispor,Gaziantep FK,1,1,football-data.co.uk (ayna: xgabora/Club-Football-Match-Data-2000-2025),football-data;sofascore;openfootball;transfermarkt,4,False,False
2019-20,2020-07-13,Konyaspor,İstanbul Başakşehir,4,3,football-data.co.uk (ayna: xgabora/Club-Football-Match-Data-2000-2025),football-data;sofascore;openfootball;transfermarkt,4,False,False
2019-20,2020-07-13,Yeni Malatyaspor,Beşiktaş,0,1,football-data.co.uk (ayna: xgabora/Club-Football-Match-Data-2000-2025),football-data;sofascore;openfootball;transfermarkt,4,False,False
2019-20,2020-07-18,Galatasaray,Göztepe,3,1,football-data.co.uk (ayna: xgabora/Club-Football-Match-Data-2000-2025),football-data;sofascore;openfootball;transfermarkt,4,False,False
2019-20,2020-07-18,Gaziantep FK,Kasımpaşa,2,2,football-data.co.uk (ayna: xgabora/Club-Football-Match-Data-2000-2025),football-data;sofascore;openfootball;transfermarkt,4,False,False
2019-20,2020-07-19,Alanyaspor,Denizlispor,1,0,football-data.co.uk (ayna: xgabora/Club-Football-Match-Data-2000-2025),football-data;sofascore;openfootball;transfermarkt,4,False,False
2019-20,2020-07-19,Ankaragücü,Antalyaspor,0,1,football-data.co.uk (ayna: xgabora/Club-Football-Match-Data-2000-2025),football-data;sofascore;openfootball;transfermarkt,4,False,False
2019-20,2020-07-19,Beşiktaş,Fenerbahçe,2,0,football-data.co.uk (ayna: xgabora/Club-Football-Match-Data-2000-2025),football-data;sofascore;openfootball;transfermarkt,4,False,False
2019-20,2020-07-19,Sivasspor,Gençlerbirliği,2,0,football-data.co.uk (ayna: xgabora/Club-Football-Match-Data-2000-2025),football-data;sofascore;openfootball;transfermarkt,4,False,False
2019-20,2020-07-19,Trabzonspor,Konyaspor,3,4,football-data.co.uk (ayna: xgabora/Club-Football-Match-Data-2000-2025),football-data;sofascore;openfootball;transfermarkt,4,False,False
2019-20,2020-07-19,Çaykur Rizespor,Yeni Malatyaspor,3,0,football-data.co.uk (ayna: xgabora/Club-Football-Match-Data-2000-2025),football-data;sofascore;openfootball;transfermarkt,4,False,False
2019-20,2020-07-19,İstanbul Başakşehir,Kayserispor,1,0,football-data.co.uk (ayna: xgabora/Club-Football-Match-Data-2000-2025),football-data;sofascore;openfootball;transfermarkt,4,False,False
2019-20,2020-07-24,Antalyaspor,Galatasaray,2,2,football-data.co.uk (ayna: xgabora/Club-Football-Match-Data-2000-2025),football-data;sofascore;openfootball;transfermarkt,4,False,False
2019-20,2020-07-25,Denizlispor,Ankaragücü,0,1,football-data.co.uk (ayna: xgabora/Club-Football-Match-Data-2000-2025),football-data;sofascore;openfootball;transfermarkt,4,False,False
2019-20,2020-07-25,Fenerbahçe,Çaykur Rizespor,3,1,football-data.co.uk (ayna: xgabora/Club-Football-Match-Data-2000-2025),football-data;sofascore;openfootball;transfermarkt,4,False,False
2019-20,2020-07-25,Gençlerbirliği,Beşiktaş,0,3,football-data.co.uk (ayna: xgabora/Club-Football-Match-Data-2000-2025),football-data;sofascore;openfootball;transfermarkt,4,False,False
2019-20,2020-07-25,Göztepe,Sivasspor,3,1,football-data.co.uk (ayna: xgabora/Club-Football-Match-Data-2000-2025),football-data;sofascore;openfootball;transfermarkt,4,False,False
2019-20,2020-07-25,Kayserispor,Trabzonspor,1,2,football-data.co.uk (ayna: xgabora/Club-Football-Match-Data-2000-2025),football-data;sofascore;openfootball;transfermarkt,4,False,False
2019-20,2020-07-25,Konyaspor,Alanyaspor,2,3,football-data.co.uk (ayna: xgabora/Club-Football-Match-Data-2000-2025),football-data;sofascore;openfootball;transfermarkt,4,False,False
2019-20,2020-07-25,Yeni Malatyaspor,Gaziantep FK,0,1,football-data.co.uk (ayna: xgabora/Club-Football-Match-Data-2000-2025),football-data;sofascore;openfootball;transfermarkt,4,False,False
2019-20,2020-07-26,Kasımpaşa,İstanbul Başakşehir,3,2,football-data.co.uk (ayna: xgabora/Club-Football-Match-Data-2000-2025),football-data;sofascore;openfootball;transfermarkt,4,False,False
2020-21,2020-09-11,Çaykur Rizespor,Fenerbahçe,1,2,football-data.co.uk (ayna: xgabora/Club-Football-Match-Data-2000-2025),football-data;sofascore;openfootball;transfermarkt,4,False,False
2020-21,2020-09-12,Fatih Karagümrük,Yeni Malatyaspor,3,0,football-data.co.uk (ayna: xgabora/Club-Football-Match-Data-2000-2025),football-data;sofascore;openfootball;transfermarkt,4,False,False
2020-21,2020-09-12,Galatasaray,Gaziantep FK,3,1,football-data.co.uk (ayna: xgabora/Club-Football-Match-Data-2000-2025),football-data;sofascore;openfootball;transfermarkt,4,False,False
2020-21,2020-09-12,Göztepe,Denizlispor,5,1,football-data.co.uk (ayna: xgabora/Club-Football-Match-Data-2000-2025),football-data;sofascore;openfootball;transfermarkt,4,False,False
2020-21,2020-09-12,Sivasspor,Alanyaspor,0,2,football-data.co.uk (ayna: xgabora/Club-Football-Match-Data-2000-2025),football-data;sofascore;openfootball;transfermarkt,4,False,False
2020-21,2020-09-13,Ankaragücü,Erzurumspor,1,2,football-data.co.uk (ayna: xgabora/Club-Football-Match-Data-2000-2025),football-data;sofascore;openfootball;transfermarkt,4,False,False
2020-21,2020-09-13,Antalyaspor,Gençlerbirliği,2,0,football-data.co.uk (ayna: xgabora/Club-Football-Match-Data-2000-2025),football-data;sofascore;openfootball;transfermarkt,4,False,False
2020-21,2020-09-13,Kayserispor,Kasımpaşa,1,0,football-data.co.uk (ayna: xgabora/Club-Football-Match-Data-2000-2025),football-data;sofascore;openfootball;transfermarkt,4,False,False
2020-21,2020-09-13,Trabzonspor,Beşiktaş,1,3,football-data.co.uk (ayna: xgabora/Club-Football-Match-Data-2000-2025),football-data;sofascore;openfootball;transfermarkt,4,False,False
2020-21,2020-09-14,Hatayspor,İstanbul Başakşehir,2,0,football-data.co.uk (ayna: xgabora/Club-Football-Match-Data-2000-2025),football-data;sofascore;openfootball;transfermarkt,4,False,False
2020-21,2020-09-18,Yeni Malatyaspor,Göztepe,1,1,football-data.co.uk (ayna: xgabora/Club-Football-Match-Data-2000-2025),football-data;sofascore;openfootball;transfermarkt,4,False,False
2020-21,2020-09-19,Alanyaspor,Kayserispor,2,0,football-data.co.uk (ayna: xgabora/Club-Football-Match-Data-2000-2025),football-data;sofascore;openfootball;transfermarkt,4,False,False
2020-21,2020-09-19,Beşiktaş,Antalyaspor,1,1,football-data.co.uk (ayna: xgabora/Club-Football-Match-Data-2000-2025),football-data;sofascore;openfootball;transfermarkt,4,False,False
2020-21,2020-09-19,Denizlispor,Trabzonspor,0,0,football-data.co.uk (ayna: xgabora/Club-Football-Match-Data-2000-2025),football-data;sofascore;openfootball;transfermarkt,4,False,False
2020-21,2020-09-19,Gençlerbirliği,Konyaspor,0,0,football-data.co.uk (ayna: xgabora/Club-Football-Match-Data-2000-2025),football-data;sofascore;openfootball;transfermarkt,4,False,False
2020-21,2020-09-20,Erzurumspor,Sivasspor,1,2,football-data.co.uk (ayna: xgabora/Club-Football-Match-Data-2000-2025),football-data;sofascore;openfootball;transfermarkt,4,False,False
2020-21,2020-09-20,Gaziantep FK,Fatih Karagümrük,2,2,football-data.co.uk (ayna: xgabora/Club-Football-Match-Data-2000-2025),football-data;sofascore;openfootball;transfermarkt,4,False,False
2020-21,2020-09-20,Kasımpaşa,Çaykur Rizespor,2,0,football-data.co.uk (ayna: xgabora/Club-Football-Match-Data-2000-2025),football-data;sofascore;openfootball;transfermarkt,4,False,False
2020-21,2020-09-20,İstanbul Başakşehir,Galatasaray,0,2,football-data.co.uk (ayna: xgabora/Club-Football-Match-Data-2000-2025),football-data;sofascore;openfootball;transfermarkt,4,False,False
2020-21,2020-09-21,Fenerbahçe,Hatayspor,0,0,football-data.co.uk (ayna: xgabora/Club-Football-Match-Data-2000-2025),football-data;sofascore;openfootball;transfermarkt,4,False,False
2020-21,2020-09-25,Fatih Karagümrük,İstanbul Başakşehir,2,0,football-data.co.uk (ayna: xgabora/Club-Football-Match-Data-2000-2025),football-data;sofascore;openfootball;transfermarkt,4,False,False
2020-21,2020-09-26,Göztepe,Gaziantep FK,2,2,football-data.co.uk (ayna: xgabora/Club-Football-Match-Data-2000-2025),football-data;sofascore;openfootball;transfermarkt,4,False,False
2020-21,2020-09-26,Hatayspor,Kasımpaşa,1,0,football-data.co.uk (ayna: xgabora/Club-Football-Match-Data-2000-2025),football-data;sofascore;openfootball;transfermarkt,4,False,False
2020-21,2020-09-26,Kayserispor,Erzurumspor,1,3,football-data.co.uk (ayna: xgabora/Club-Football-Match-Data-2000-2025),football-data;sofascore;openfootball;transfermarkt,4,False,False
2020-21,2020-09-26,Trabzonspor,Yeni Malatyaspor,3,1,football-data.co.uk (ayna: xgabora/Club-Football-Match-Data-2000-2025),football-data;sofascore;openfootball;transfermarkt,4,False,False
2020-21,2020-09-27,Galatasaray,Fenerbahçe,0,0,football-data.co.uk (ayna: xgabora/Club-Football-Match-Data-2000-2025),football-data;sofascore;openfootball;transfermarkt,4,False,False
2020-21,2020-09-27,Konyaspor,Beşiktaş,4,1,football-data.co.uk (ayna: xgabora/Club-Football-Match-Data-2000-2025),football-data;sofascore;openfootball;transfermarkt,4,False,False
2020-21,2020-09-27,Sivasspor,Ankaragücü,0,0,football-data.co.uk (ayna: xgabora/Club-Football-Match-Data-2000-2025),football-data;sofascore;openfootball;transfermarkt,4,False,False
2020-21,2020-09-27,Çaykur Rizespor,Alanyaspor,1,1,football-data.co.uk (ayna: xgabora/Club-Football-Match-Data-2000-2025),football-data;sofascore;openfootball;transfermarkt,4,False,False
2020-21,2020-09-28,Antalyaspor,Denizlispor,1,0,football-data.co.uk (ayna: xgabora/Club-Football-Match-Data-2000-2025),football-data;sofascore;openfootball;transfermarkt,4,False,False
2020-21,2020-10-02,Ankaragücü,Kayserispor,0,1,football-data.co.uk (ayna: xgabora/Club-Football-Match-Data-2000-2025),football-data;sofascore;openfootball;transfermarkt,4,False,False
2020-21,2020-10-02,Gaziantep FK,Trabzonspor,1,1,football-data.co.uk (ayna: xgabora/Club-Football-Match-Data-2000-2025),football-data;sofascore;openfootball;transfermarkt,4,False,False
2020-21,2020-10-03,Erzurumspor,Çaykur Rizespor,0,0,football-data.co.uk (ayna: xgabora/Club-Football-Match-Data-2000-2025),football-data;sofascore;openfootball;transfermarkt,4,False,False
2020-21,2020-10-03,Fenerbahçe,Fatih Karagümrük,2,1,football-data.co.uk (ayna: xgabora/Club-Football-Match-Data-2000-2025),football-data;sofascore;openfootball;transfermarkt,4,False,False
2020-21,2020-10-03,Yeni Malatyaspor,Antalyaspor,1,0,football-data.co.uk (ayna: xgabora/Club-Football-Match-Data-2000-2025),football-data;sofascore;openfootball;transfermarkt,4,False,False
2020-21,2020-10-03,İstanbul Başakşehir,Göztepe,0,0,football-data.co.uk (ayna: xgabora/Club-Football-Match-Data-2000-2025),football-data;sofascore;openfootball;transfermarkt,4,False,False
2020-21,2020-10-04,Alanyaspor,Hatayspor,6,0,football-data.co.uk (ayna: xgabora/Club-Football-Match-Data-2000-2025),football-data;sofascore;openfootball;transfermarkt,4,False,False
2020-21,2020-10-04,Beşiktaş,Gençlerbirliği,0,1,football-data.co.uk (ayna: xgabora/Club-Football-Match-Data-2000-2025),football-data;sofascore;openfootball;transfermarkt,4,False,False
2020-21,2020-10-04,Denizlispor,Konyaspor,0,0,football-data.co.uk (ayna: xgabora/Club-Football-Match-Data-2000-2025),football-data;sofascore;openfootball;transfermarkt,4,False,False
2020-21,2020-10-04,Kasımpaşa,Galatasaray,1,0,football-data.co.uk (ayna: xgabora/Club-Football-Match-Data-2000-2025),football-data;sofascore;openfootball;transfermarkt,4,False,False
2020-21,2020-10-17,Kayserispor,Sivasspor,1,3,football-data.co.uk (ayna: xgabora/Club-Football-Match-Data-2000-2025),football-data;sofascore;openfootball;transfermarkt,4,False,False
2020-21,2020-10-17,Konyaspor,Yeni Malatyaspor,1,1,football-data.co.uk (ayna: xgabora/Club-Football-Match-Data-2000-2025),football-data;sofascore;openfootball;transfermarkt,4,False,False
2020-21,2020-10-17,Trabzonspor,İstanbul Başakşehir,0,2,football-data.co.uk (ayna: xgabora/Club-Football-Match-Data-2000-2025),football-data;sofascore;openfootball;transfermarkt,4,False,False
2020-21,2020-10-17,Çaykur Rizespor,Ankaragücü,5,3,football-data.co.uk (ayna: xgabora/Club-Football-Match-Data-2000-2025),football-data;sofascore;openfootball;transfermarkt,4,False,False
2020-21,2020-10-18,Antalyaspor,Gaziantep FK,1,1,football-data.co.uk (ayna: xgabora/Club-Football-Match-Data-2000-2025),football-data;sofascore;openfootball;transfermarkt,4,False,False
2020-21,2020-10-18,Fatih Karagümrük,Kasımpaşa,1,1,football-data.co.uk (ayna: xgabora/Club-Football-Match-Data-2000-2025),football-data;sofascore;openfootball;transfermarkt,4,False,False
2020-21,2020-10-18,Göztepe,Fenerbahçe,2,3,football-data.co.uk (ayna: xgabora/Club-Football-Match-Data-2000-2025),football-data;sofascore;openfootball;transfermarkt,4,False,False
2020-21,2020-10-19,Galatasaray,Alanyaspor,1,2,football-data.co.uk (ayna: xgabora/Club-Football-Match-Data-2000-2025),football-data;sofascore;openfootball;transfermarkt,4,False,False
2020-21,2020-10-19,Gençlerbirliği,Denizlispor,1,2,football-data.co.uk (ayna: xgabora/Club-Football-Match-Data-2000-2025),football-data;sofascore;openfootball;transfermarkt,4,False,False
2020-21,2020-10-23,Kasımpaşa,Göztepe,0,0,football-data.co.uk (ayna: xgabora/Club-Football-Match-Data-2000-2025),football-data;sofascore;openfootball;transfermarkt,4,False,False
2020-21,2020-10-24,Erzurumspor,Galatasaray,1,2,football-data.co.uk (ayna: xgabora/Club-Football-Match-Data-2000-2025),football-data;sofascore;openfootball;transfermarkt,4,False,False
2020-21,2020-10-24,Gaziantep FK,Konyaspor,1,0,football-data.co.uk (ayna: xgabora/Club-Football-Match-Data-2000-2025),football-data;sofascore;openfootball;transfermarkt,4,False,False
2020-21,2020-10-24,İstanbul Başakşehir,Antalyaspor,5,1,football-data.co.uk (ayna: xgabora/Club-Football-Match-Data-2000-2025),football-data;sofascore;openfootball;transfermarkt,4,False,False
2020-21,2020-10-25,Alanyaspor,Fatih Karagümrük,2,0,football-data.co.uk (ayna: xgabora/Club-Football-Match-Data-2000-2025),football-data;sofascore;openfootball;transfermarkt,4,False,False
2020-21,2020-10-25,Fenerbahçe,Trabzonspor,3,1,football-data.co.uk (ayna: xgabora/Club-Football-Match-Data-2000-2025),football-data;sofascore;openfootball;transfermarkt,4,False,False
2020-21,2020-10-25,Yeni Malatyaspor,Gençlerbirliği,2,1,football-data.co.uk (ayna: xgabora/Club-Football-Match-Data-2000-2025),football-data;sofascore;openfootball;transfermarkt,4,False,False
2020-21,2020-10-26,Denizlispor,Beşiktaş,2,3,football-data.co.uk (ayna: xgabora/Club-Football-Match-Data-2000-2025),football-data;sofascore;openfootball;transfermarkt,4,False,False
2020-21,2020-10-26,Sivasspor,Çaykur Rizespor,0,2,football-data.co.uk (ayna: xgabora/Club-Football-Match-Data-2000-2025),football-data;sofascore;openfootball;transfermarkt,4,False,False
2020-21,2020-10-30,Fatih Karagümrük,Erzurumspor,5,1,football-data.co.uk (ayna: xgabora/Club-Football-Match-Data-2000-2025),football-data;sofascore;openfootball;transfermarkt,4,False,False
2020-21,2020-10-30,Trabzonspor,Kasımpaşa,3,4,football-data.co.uk (ayna: xgabora/Club-Football-Match-Data-2000-2025),football-data;sofascore;openfootball;transfermarkt,4,False,False
2020-21,2020-10-31,Galatasaray,Ankaragücü,1,0,football-data.co.uk (ayna: xgabora/Club-Football-Match-Data-2000-2025),football-data;sofascore;openfootball;transfermarkt,4,False,False
2020-21,2020-10-31,Gençlerbirliği,Gaziantep FK,1,1,football-data.co.uk (ayna: xgabora/Club-Football-Match-Data-2000-2025),football-data;sofascore;openfootball;transfermarkt,4,False,False
2020-21,2020-11-01,Beşiktaş,Yeni Malatyaspor,1,0,football-data.co.uk (ayna: xgabora/Club-Football-Match-Data-2000-2025),football-data;sofascore;openfootball;transfermarkt,4,False,False
2020-21,2020-11-01,Konyaspor,İstanbul Başakşehir,1,2,football-data.co.uk (ayna: xgabora/Club-Football-Match-Data-2000-2025),football-data;sofascore;openfootball;transfermarkt,4,False,False
2020-21,2020-11-01,Çaykur Rizespor,Kayserispor,1,0,football-data.co.uk (ayna: xgabora/Club-Football-Match-Data-2000-2025),football-data;sofascore;openfootball;transfermarkt,4,False,False
2020-21,2020-11-02,Antalyaspor,Fenerbahçe,1,2,football-data.co.uk (ayna: xgabora/Club-Football-Match-Data-2000-2025),football-data;sofascore;openfootball;transfermarkt,4,False,False
2020-21,2020-11-02,Hatayspor,Sivasspor,1,1,football-data.co.uk (ayna: xgabora/Club-Football-Match-Data-2000-2025),football-data;sofascore;openfootball;transfermarkt,4,False,False
2020-21,2020-11-06,Gaziantep FK,Beşiktaş,3,1,football-data.co.uk (ayna: xgabora/Club-Football-Match-Data-2000-2025),football-data;sofascore;openfootball;transfermarkt,4,False,False
2020-21,2020-11-07,Alanyaspor,Trabzonspor,1,1,football-data.co.uk (ayna: xgabora/Club-Football-Match-Data-2000-2025),football-data;sofascore;openfootball;transfermarkt,4,False,False
2020-21,2020-11-07,Erzurumspor,Göztepe,1,1,football-data.co.uk (ayna: xgabora/Club-Football-Match-Data-2000-2025),football-data;sofascore;openfootball;transfermarkt,4,False,False
2020-21,2020-11-07,Fenerbahçe,Konyaspor,0,2,football-data.co.uk (ayna: xgabora/Club-Football-Match-Data-2000-2025),football-data;sofascore;openfootball;transfermarkt,4,False,False
2020-21,2020-11-07,Kasımpaşa,Antalyaspor,2,2,football-data.co.uk (ayna: xgabora/Club-Football-Match-Data-2000-2025),football-data;sofascore;openfootball;transfermarkt,4,False,False
2020-21,2020-11-08,Ankaragücü,Fatih Karagümrük,2,2,football-data.co.uk (ayna: xgabora/Club-Football-Match-Data-2000-2025),football-data;sofascore;openfootball;transfermarkt,4,False,False
2020-21,2020-11-08,Kayserispor,Hatayspor,0,1,football-data.co.uk (ayna: xgabora/Club-Football-Match-Data-2000-2025),football-data;sofascore;openfootball;transfermarkt,4,False,False
2020-21,2020-11-08,Sivasspor,Galatasaray,1,2,football-data.co.uk (ayna: xgabora/Club-Football-Match-Data-2000-2025),football-data;sofascore;openfootball;transfermarkt,4,False,False
2020-21,2020-11-08,Yeni Malatyaspor,Denizlispor,2,0,football-data.co.uk (ayna: xgabora/Club-Football-Match-Data-2000-2025),football-data;sofascore;openfootball;transfermarkt,4,False,False
2020-21,2020-11-08,İstanbul Başakşehir,Gençlerbirliği,2,1,football-data.co.uk (ayna: xgabora/Club-Football-Match-Data-2000-2025),football-data;sofascore;openfootball;transfermarkt,4,False,False
2020-21,2020-11-21,Beşiktaş,İstanbul Başakşehir,3,2,football-data.co.uk (ayna: xgabora/Club-Football-Match-Data-2000-2025),football-data;sofascore;openfootball;transfermarkt,4,False,False
2020-21,2020-11-21,Denizlispor,Gaziantep FK,0,1,football-data.co.uk (ayna: xgabora/Club-Football-Match-Data-2000-2025),football-data;sofascore;openfootball;transfermarkt,4,False,False
2020-21,2020-11-21,Fatih Karagümrük,Sivasspor,1,1,football-data.co.uk (ayna: xgabora/Club-Football-Match-Data-2000-2025),football-data;sofascore;openfootball;transfermarkt,4,False,False
2020-21,2020-11-21,Gençlerbirliği,Fenerbahçe,1,5,football-data.co.uk (ayna: xgabora/Club-Football-Match-Data-2000-2025),football-data;sofascore;openfootball;transfermarkt,4,False,False
2020-21,2020-11-22,Antalyaspor,Alanyaspor,0,2,football-data.co.uk (ayna: xgabora/Club-Football-Match-Data-2000-2025),football-data;sofascore;openfootball;transfermarkt,4,False,False
2020-21,2020-11-22,Göztepe,Ankaragücü,3,1,football-data.co.uk (ayna: xgabora/Club-Football-Match-Data-2000-2025),football-data;sofascore;openfootball;transfermarkt,4,False,False
2020-21,2020-11-22,Hatayspor,Çaykur Rizespor,2,2,football-data.co.uk (ayna: xgabora/Club-Football-Match-Data-2000-2025),football-data;sofascore;openfootball;transfermarkt,4,False,False
2020-21,2020-11-22,Konyaspor,Kasımpaşa,2,1,football-data.co.uk (ayna: xgabora/Club-Football-Match-Data-2000-2025),football-data;sofascore;openfootball;transfermarkt,4,False,False
2020-21,2020-11-22,Trabzonspor,Erzurumspor,1,0,football-data.co.uk (ayna: xgabora/Club-Football-Match-Data-2000-2025),football-data;sofascore;openfootball;transfermarkt,4,False,False
2020-21,2020-11-23,Galatasaray,Kayserispor,1,1,football-data.co.uk (ayna: xgabora/Club-Football-Match-Data-2000-2025),football-data;sofascore;openfootball;transfermarkt,4,False,False
2020-21,2020-11-27,Ankaragücü,Trabzonspor,0,1,football-data.co.uk (ayna: xgabora/Club-Football-Match-Data-2000-2025),football-data;sofascore;openfootball;transfermarkt,4,False,False
2020-21,2020-11-28,Gaziantep FK,Yeni Malatyaspor,2,2,football-data.co.uk (ayna: xgabora/Club-Football-Match-Data-2000-2025),football-data;sofascore;openfootball;transfermarkt,4,False,False
2020-21,2020-11-28,Çaykur Rizespor,Galatasaray,0,4,football-data.co.uk (ayna: xgabora/Club-Football-Match-Data-2000-2025),football-data;sofascore;openfootball;transfermarkt,4,False,False
2020-21,2020-11-28,İstanbul Başakşehir,Denizlispor,3,3,football-data.co.uk (ayna: xgabora/Club-Football-Match-Data-2000-2025),football-data;sofascore;openfootball;transfermarkt,4,False,False
2020-21,2020-11-29,Alanyaspor,Konyaspor,1,0,football-data.co.uk (ayna: xgabora/Club-Football-Match-Data-2000-2025),football-data;sofascore;openfootball;transfermarkt,4,False,False
2020-21,2020-11-29,Erzurumspor,Antalyaspor,2,2,football-data.co.uk (ayna: xgabora/Club-Football-Match-Data-2000-2025),football-data;sofascore;openfootball;transfermarkt,4,False,False
2020-21,2020-11-29,Fenerbahçe,Beşiktaş,3,4,football-data.co.uk (ayna: xgabora/Club-Football-Match-Data-2000-2025),football-data;sofascore;openfootball;transfermarkt,4,False,False
2020-21,2020-11-29,Kasımpaşa,Gençlerbirliği,2,0,football-data.co.uk (ayna: xgabora/Club-Football-Match-Data-2000-2025),football-data;sofascore;openfootball;transfermarkt,4,False,False
2020-21,2020-11-30,Kayserispor,Fatih Karagümrük,0,0,football-data.co.uk (ayna: xgabora/Club-Football-Match-Data-2000-2025),football-data;sofascore;openfootball;transfermarkt,4,False,False
2020-21,2020-11-30,Sivasspor,Göztepe,0,1,football-data.co.uk (ayna: xgabora/Club-Football-Match-Data-2000-2025),football-data;sofascore;openfootball;transfermarkt,4,False,False
2020-21,2020-12-04,Beşiktaş,Kasımpaşa,3,0,football-data.co.uk (ayna: xgabora/Club-Football-Match-Data-2000-2025),football-data;sofascore;openfootball;transfermarkt,4,False,False
2020-21,2020-12-05,Galatasaray,Hatayspor,3,0,football-data.co.uk (ayna: xgabora/Club-Football-Match-Data-2000-2025),football-data;sofascore;openfootball;transfermarkt,4,False,False
2020-21,2020-12-05,Gençlerbirliği,Alanyaspor,2,1,football-data.co.uk (ayna: xgabora/Club-Football-Match-Data-2000-2025),football-data;sofascore;openfootball;transfermarkt,4,False,False
2020-21,2020-12-05,Göztepe,Kayserispor,1,1,football-data.co.uk (ayna: xgabora/Club-Football-Match-Data-2000-2025),football-data;sofascore;openfootball;transfermarkt,4,False,False
2020-21,2020-12-05,Konyaspor,Erzurumspor,2,0,football-data.co.uk (ayna: xgabora/Club-Football-Match-Data-2000-2025),football-data;sofascore;openfootball;transfermarkt,4,False,False
2020-21,2020-12-05,Yeni Malatyaspor,İstanbul Başakşehir,1,1,football-data.co.uk (ayna: xgabora/Club-Football-Match-Data-2000-2025),football-data;sofascore;openfootball;transfermarkt,4,False,False
2020-21,2020-12-06,Antalyaspor,Ankaragücü,1,0,football-data.co.uk (ayna: xgabora/Club-Football-Match-Data-2000-2025),football-data;sofascore;openfootball;transfermarkt,4,False,False
2020-21,2020-12-06,Denizlispor,Fenerbahçe,0,2,football-data.co.uk (ayna: xgabora/Club-Football-Match-Data-2000-2025),football-data;sofascore;openfootball;transfermarkt,4,False,False
2020-21,2020-12-06,Fatih Karagümrük,Çaykur Rizespor,2,1,football-data.co.uk (ayna: xgabora/Club-Football-Match-Data-2000-2025),football-data;sofascore;openfootball;transfermarkt,4,False,False
2020-21,2020-12-07,Trabzonspor,Sivasspor,1,1,football-data.co.uk (ayna: xgabora/Club-Football-Match-Data-2000-2025),football-data;sofascore;openfootball;transfermarkt,4,False,False
2020-21,2020-12-09,Göztepe,Alanyaspor,1,0,football-data.co.uk (ayna: xgabora/Club-Football-Match-Data-2000-2025),football-data;sofascore;openfootball;transfermarkt,4,False,False
2020-21,2020-12-09,Hatayspor,Erzurumspor,3,0,football-data.co.uk (ayna: xgabora/Club-Football-Match-Data-2000-2025),football-data;sofascore;openfootball;transfermarkt,4,False,False
2020-21,2020-12-11,Kasımpaşa,Denizlispor,3,2,football-data.co.uk (ayna: xgabora/Club-Football-Match-Data-2000-2025),football-data;sofascore;openfootball;transfermarkt,4,False,False
2020-21,2020-12-12,Ankaragücü,Konyaspor,4,3,football-data.co.uk (ayna: xgabora/Club-Football-Match-Data-2000-2025),football-data;sofascore;openfootball;transfermarkt,4,False,False
2020-21,2020-12-12,Fenerbahçe,Yeni Malatyaspor,0,3,football-data.co.uk (ayna: xgabora/Club-Football-Match-Data-2000-2025),football-data;sofascore;openfootball;transfermarkt,4,False,False
2020-21,2020-12-12,Hatayspor,Fatih Karagümrük,3,1,football-data.co.uk (ayna: xgabora/Club-Football-Match-Data-2000-2025),football-data;sofascore;openfootball;transfermarkt,4,False,False
2020-21,2020-12-12,Kayserispor,Trabzonspor,0,0,football-data.co.uk (ayna: xgabora/Club-Football-Match-Data-2000-2025),football-data;sofascore;openfootball;transfermarkt,4,False,False
2020-21,2020-12-12,Çaykur Rizespor,Göztepe,3,2,football-data.co.uk (ayna: xgabora/Club-Football-Match-Data-2000-2025),football-data;sofascore;openfootball;transfermarkt,4,False,False
2020-21,2020-12-13,Alanyaspor,Beşiktaş,2,1,football-data.co.uk (ayna: xgabora/Club-Football-Match-Data-2000-2025),football-data;sofascore;openfootball;transfermarkt,4,False,False
2020-21,2020-12-13,Erzurumspor,Gençlerbirliği,0,1,football-data.co.uk (ayna: xgabora/Club-Football-Match-Data-2000-2025),football-data;sofascore;openfootball;transfermarkt,4,False,False
2020-21,2020-12-13,İstanbul Başakşehir,Gaziantep FK,1,2,football-data.co.uk (ayna: xgabora/Club-Football-Match-Data-2000-2025),football-data;sofascore;openfootball;transfermarkt,4,False,False
2020-21,2020-12-14,Sivasspor,Antalyaspor,0,0,football-data.co.uk (ayna: xgabora/Club-Football-Match-Data-2000-2025),football-data;sofascore;openfootball;transfermarkt,4,False,False
2020-21,2020-12-15,Ankaragücü,Hatayspor,2,0,football-data.co.uk (ayna: xgabora/Club-Football-Match-Data-2000-2025),football-data;sofascore;openfootball;transfermarkt,4,False,False
2020-21,2020-12-18,Fatih Karagümrük,Galatasaray,2,1,football-data.co.uk (ayna: xgabora/Club-Football-Match-Data-2000-2025),football-data;sofascore;openfootball;transfermarkt,4,False,False
2020-21,2020-12-19,Gaziantep FK,Fenerbahçe,3,1,football-data.co.uk (ayna: xgabora/Club-Football-Match-Data-2000-2025),football-data;sofascore;openfootball;transfermarkt,4,False,False
2020-21,2020-12-19,Göztepe,Hatayspor,0,1,football-data.co.uk (ayna: xgabora/Club-Football-Match-Data-2000-2025),football-data;sofascore;openfootball;transfermarkt,4,False,False
2020-21,2020-12-19,Trabzonspor,Çaykur Rizespor,2,1,football-data.co.uk (ayna: xgabora/Club-Football-Match-Data-2000-2025),football-data;sofascore;openfootball;transfermarkt,4,False,False
2020-21,2020-12-19,Yeni Malatyaspor,Kasımpaşa,2,0,football-data.co.uk (ayna: xgabora/Club-Football-Match-Data-2000-2025),football-data;sofascore;openfootball;transfermarkt,4,False,False
2020-21,2020-12-20,Beşiktaş,Erzurumspor,4,0,football-data.co.uk (ayna: xgabora/Club-Football-Match-Data-2000-2025),football-data;sofascore;openfootball;transfermarkt,4,False,False
2020-21,2020-12-20,Denizlispor,Alanyaspor,1,0,football-data.co.uk (ayna: xgabora/Club-Football-Match-Data-2000-2025),football-data;sofascore;openfootball;transfermarkt,4,False,False
2020-21,2020-12-20,Gençlerbirliği,Ankaragücü,1,1,football-data.co.uk (ayna: xgabora/Club-Football-Match-Data-2000-2025),football-data;sofascore;openfootball;transfermarkt,4,False,False
2020-21,2020-12-21,Antalyaspor,Kayserispor,2,0,football-data.co.uk (ayna: xgabora/Club-Football-Match-Data-2000-2025),football-data;sofascore;openfootball;transfermarkt,4,False,False
2020-21,2020-12-21,Konyaspor,Sivasspor,0,1,football-data.co.uk (ayna: xgabora/Club-Football-Match-Data-2000-2025),football-data;sofascore;openfootball;transfermarkt,4,False,False
2020-21,2020-12-22,Galatasaray,Göztepe,3,1,football-data.co.uk (ayna: xgabora/Club-Football-Match-Data-2000-2025),football-data;sofascore;openfootball;transfermarkt,4,False,False
2020-21,2020-12-22,Hatayspor,Trabzonspor,0,1,football-data.co.uk (ayna: xgabora/Club-Football-Match-Data-2000-2025),football-data;sofascore;openfootball;transfermarkt,4,False,False
2020-21,2020-12-23,Alanyaspor,Yeni Malatyaspor,1,1,football-data.co.uk (ayna: xgabora/Club-Football-Match-Data-2000-2025),football-data;sofascore;openfootball;transfermarkt,4,False,False
2020-21,2020-12-23,Erzurumspor,Denizlispor,1,2,football-data.co.uk (ayna: xgabora/Club-Football-Match-Data-2000-2025),football-data;sofascore;openfootball;transfermarkt,4,False,False
2020-21,2020-12-23,Fenerbahçe,İstanbul Başakşehir,4,1,football-data.co.uk (ayna: xgabora/Club-Football-Match-Data-2000-2025),football-data;sofascore;openfootball;transfermarkt,4,False,False
2020-21,2020-12-23,Kasımpaşa,Gaziantep FK,0,4,football-data.co.uk (ayna: xgabora/Club-Football-Match-Data-2000-2025),football-data;sofascore;openfootball;transfermarkt,4,False,False
2020-21,2020-12-24,Ankaragücü,Beşiktaş,0,1,football-data.co.uk (ayna: xgabora/Club-Football-Match-Data-2000-2025),football-data;sofascore;openfootball;transfermarkt,4,False,False
2020-21,2020-12-24,Kayserispor,Konyaspor,1,2,football-data.co.uk (ayna: xgabora/Club-Football-Match-Data-2000-2025),football-data;sofascore;openfootball;transfermarkt,4,False,False
2020-21,2020-12-24,Sivasspor,Gençlerbirliği,3,1,football-data.co.uk (ayna: xgabora/Club-Football-Match-Data-2000-2025),football-data;sofascore;openfootball;transfermarkt,4,False,False
2020-21,2020-12-24,Çaykur Rizespor,Antalyaspor,2,1,football-data.co.uk (ayna: xgabora/Club-Football-Match-Data-2000-2025),football-data;sofascore;openfootball;transfermarkt,4,False,False
2020-21,2020-12-26,Göztepe,Fatih Karagümrük,1,1,football-data.co.uk (ayna: xgabora/Club-Football-Match-Data-2000-2025),football-data;sofascore;openfootball;transfermarkt,4,False,False
2020-21,2020-12-26,Trabzonspor,Galatasaray,0,2,football-data.co.uk (ayna: xgabora/Club-Football-Match-Data-2000-2025),football-data;sofascore;openfootball;transfermarkt,4,False,False
2020-21,2020-12-27,Denizlispor,Ankaragücü,1,2,football-data.co.uk (ayna: xgabora/Club-Football-Match-Data-2000-2025),football-data;sofascore;openfootball;transfermarkt,4,False,False
2020-21,2020-12-27,Gaziantep FK,Alanyaspor,3,1,football-data.co.uk (ayna: xgabora/Club-Football-Match-Data-2000-2025),football-data;sofascore;openfootball;transfermarkt,4,False,False
2020-21,2020-12-27,Yeni Malatyaspor,Erzurumspor,1,3,football-data.co.uk (ayna: xgabora/Club-Football-Match-Data-2000-2025),football-data;sofascore;openfootball;transfermarkt,4,False,False
2020-21,2020-12-27,İstanbul Başakşehir,Kasımpaşa,2,2,football-data.co.uk (ayna: xgabora/Club-Football-Match-Data-2000-2025),football-data;sofascore;openfootball;transfermarkt,4,False,False
2020-21,2020-12-28,Beşiktaş,Sivasspor,3,0,football-data.co.uk (ayna: xgabora/Club-Football-Match-Data-2000-2025),football-data;sofascore;openfootball;transfermarkt,4,False,False
2020-21,2020-12-28,Gençlerbirliği,Kayserispor,3,2,football-data.co.uk (ayna: xgabora/Club-Football-Match-Data-2000-2025),football-data;sofascore;openfootball;transfermarkt,4,False,False
2020-21,2020-12-28,Konyaspor,Çaykur Rizespor,1,1,football-data.co.uk (ayna: xgabora/Club-Football-Match-Data-2000-2025),football-data;sofascore;openfootball;transfermarkt,4,False,False
2020-21,2020-12-29,Antalyaspor,Hatayspor,0,6,football-data.co.uk (ayna: xgabora/Club-Football-Match-Data-2000-2025),football-data;sofascore;openfootball;transfermarkt,4,False,False
2020-21,2021-01-02,Alanyaspor,İstanbul Başakşehir,3,0,football-data.co.uk (ayna: xgabora/Club-Football-Match-Data-2000-2025),football-data;sofascore;openfootball;transfermarkt,4,False,False
2020-21,2021-01-02,Ankaragücü,Yeni Malatyaspor,3,1,football-data.co.uk (ayna: xgabora/Club-Football-Match-Data-2000-2025),football-data;sofascore;openfootball;transfermarkt,4,False,False
2020-21,2021-01-02,Erzurumspor,Gaziantep FK,1,1,football-data.co.uk (ayna: xgabora/Club-Football-Match-Data-2000-2025),football-data;sofascore;openfootball;transfermarkt,4,False,False
2020-21,2021-01-02,Galatasaray,Antalyaspor,0,0,football-data.co.uk (ayna: xgabora/Club-Football-Match-Data-2000-2025),football-data;sofascore;openfootball;transfermarkt,4,False,False
2020-21,2021-01-02,Hatayspor,Konyaspor,2,1,football-data.co.uk (ayna: xgabora/Club-Football-Match-Data-2000-2025),football-data;sofascore;openfootball;transfermarkt,4,False,False
2020-21,2021-01-02,Sivasspor,Denizlispor,2,2,football-data.co.uk (ayna: xgabora/Club-Football-Match-Data-2000-2025),football-data;sofascore;openfootball;transfermarkt,4,False,False
2020-21,2021-01-03,Fatih Karagümrük,Trabzonspor,1,2,football-data.co.uk (ayna: xgabora/Club-Football-Match-Data-2000-2025),football-data;sofascore;openfootball;transfermarkt,4,False,False
2020-21,2021-01-03,Kayserispor,Beşiktaş,0,2,football-data.co.uk (ayna: xgabora/Club-Football-Match-Data-2000-2025),football-data;sofascore;openfootball;transfermarkt,4,False,False
2020-21,2021-01-03,Çaykur Rizespor,Gençlerbirliği,1,1,football-data.co.uk (ayna: xgabora/Club-Football-Match-Data-2000-2025),football-data;sofascore;openfootball;transfermarkt,4,False,False
2020-21,2021-01-04,Kasımpaşa,Fenerbahçe,0,3,football-data.co.uk (ayna: xgabora/Club-Football-Match-Data-2000-2025),football-data;sofascore;openfootball;transfermarkt,4,False,False
2020-21,2021-01-05,Gaziantep FK,Ankaragücü,2,0,football-data.co.uk (ayna: xgabora/Club-Football-Match-Data-2000-2025),football-data;sofascore;openfootball;transfermarkt,4,False,False
2020-21,2021-01-05,Konyaspor,Galatasaray,4,3,football-data.co.uk (ayna: xgabora/Club-Football-Match-Data-2000-2025),football-data;sofascore;openfootball;transfermarkt,4,False,False
2020-21,2021-01-05,Yeni Malatyaspor,Sivasspor,2,2,football-data.co.uk (ayna: xgabora/Club-Football-Match-Data-2000-2025),football-data;sofascore;openfootball;transfermarkt,4,False,False
2020-21,2021-01-06,Antalyaspor,Fatih Karagümrük,3,1,football-data.co.uk (ayna: xgabora/Club-Football-Match-Data-2000-2025),football-data;sofascore;openfootball;transfermarkt,4,False,False
2020-21,2021-01-06,Beşiktaş,Çaykur Rizespor,6,0,football-data.co.uk (ayna: xgabora/Club-Football-Match-Data-2000-2025),football-data;sofascore;openfootball;transfermarkt,4,False,False
2020-21,2021-01-06,Denizlispor,Kayserispor,0,1,football-data.co.uk (ayna: xgabora/Club-Football-Match-Data-2000-2025),football-data;sofascore;openfootball;transfermarkt,4,False,False
2020-21,2021-01-06,Gençlerbirliği,Hatayspor,3,1,football-data.co.uk (ayna: xgabora/Club-Football-Match-Data-2000-2025),football-data;sofascore;openfootball;transfermarkt,4,False,False
2020-21,2021-01-06,Trabzonspor,Göztepe,1,0,football-data.co.uk (ayna: xgabora/Club-Football-Match-Data-2000-2025),football-data;sofascore;openfootball;transfermarkt,4,False,False
2020-21,2021-01-06,İstanbul Başakşehir,Erzurumspor,1,0,football-data.co.uk (ayna: xgabora/Club-Football-Match-Data-2000-2025),football-data;sofascore;openfootball;transfermarkt,4,False,False
2020-21,2021-01-07,Fenerbahçe,Alanyaspor,2,1,football-data.co.uk (ayna: xgabora/Club-Football-Match-Data-2000-2025),football-data;sofascore;openfootball;transfermarkt,4,False,False
2020-21,2021-01-09,Galatasaray,Gençlerbirliği,6,0,football-data.co.uk (ayna: xgabora/Club-Football-Match-Data-2000-2025),football-data;sofascore;openfootball;transfermarkt,4,False,False
2020-21,2021-01-09,Göztepe,Antalyaspor,0,1,football-data.co.uk (ayna: xgabora/Club-Football-Match-Data-2000-2025),football-data;sofascore;openfootball;transfermarkt,4,False,False
2020-21,2021-01-09,Kayserispor,Yeni Malatyaspor,1,0,football-data.co.uk (ayna: xgabora/Club-Football-Match-Data-2000-2025),football-data;sofascore;openfootball;transfermarkt,4,False,False
2020-21,2021-01-09,Sivasspor,Gaziantep FK,2,1,football-data.co.uk (ayna: xgabora/Club-Football-Match-Data-2000-2025),football-data;sofascore;openfootball;transfermarkt,4,False,False
2020-21,2021-01-10,Ankaragücü,İstanbul Başakşehir,1,2,football-data.co.uk (ayna: xgabora/Club-Football-Match-Data-2000-2025),football-data;sofascore;openfootball;transfermarkt,4,False,False
2020-21,2021-01-10,Fatih Karagümrük,Konyaspor,2,1,football-data.co.uk (ayna: xgabora/Club-Football-Match-Data-2000-2025),football-data;sofascore;openfootball;transfermarkt,4,False,False
2020-21,2021-01-10,Hatayspor,Beşiktaş,2,2,football-data.co.uk (ayna: xgabora/Club-Football-Match-Data-2000-2025),football-data;sofascore;openfootball;transfermarkt,4,False,False
2020-21,2021-01-10,Çaykur Rizespor,Denizlispor,1,1,football-data.co.uk (ayna: xgabora/Club-Football-Match-Data-2000-2025),football-data;sofascore;openfootball;transfermarkt,4,False,False
2020-21,2021-01-11,Alanyaspor,Kasımpaşa,1,2,football-data.co.uk (ayna: xgabora/Club-Football-Match-Data-2000-2025),football-data;sofascore;openfootball;transfermarkt,4,False,False
2020-21,2021-01-11,Erzurumspor,Fenerbahçe,0,3,football-data.co.uk (ayna: xgabora/Club-Football-Match-Data-2000-2025),football-data;sofascore;openfootball;transfermarkt,4,False,False
2020-21,2021-01-15,Gençlerbirliği,Fatih Karagümrük,1,3,football-data.co.uk (ayna: xgabora/Club-Football-Match-Data-2000-2025),football-data;sofascore;openfootball;transfermarkt,4,False,False
2020-21,2021-01-16,Antalyaspor,Trabzonspor,1,1,football-data.co.uk (ayna: xgabora/Club-Football-Match-Data-2000-2025),football-data;sofascore;openfootball;transfermarkt,4,False,False
2020-21,2021-01-16,Gaziantep FK,Kayserispor,2,1,football-data.co.uk (ayna: xgabora/Club-Football-Match-Data-2000-2025),football-data;sofascore;openfootball;transfermarkt,4,False,False
2020-21,2021-01-16,Konyaspor,Göztepe,2,3,football-data.co.uk (ayna: xgabora/Club-Football-Match-Data-2000-2025),football-data;sofascore;openfootball;transfermarkt,4,False,False
2020-21,2021-01-16,İstanbul Başakşehir,Sivasspor,1,1,football-data.co.uk (ayna: xgabora/Club-Football-Match-Data-2000-2025),football-data;sofascore;openfootball;transfermarkt,4,False,False
2020-21,2021-01-17,Beşiktaş,Galatasaray,2,0,football-data.co.uk (ayna: xgabora/Club-Football-Match-Data-2000-2025),football-data;sofascore;openfootball;transfermarkt,4,False,False
2020-21,2021-01-17,Denizlispor,Hatayspor,0,2,football-data.co.uk (ayna: xgabora/Club-Football-Match-Data-2000-2025),football-data;sofascore;openfootball;transfermarkt,4,False,False
2020-21,2021-01-17,Yeni Malatyaspor,Çaykur Rizespor,4,1,football-data.co.uk (ayna: xgabora/Club-Football-Match-Data-2000-2025),football-data;sofascore;openfootball;transfermarkt,4,False,False
2020-21,2021-01-18,Fenerbahçe,Ankaragücü,3,1,football-data.co.uk (ayna: xgabora/Club-Football-Match-Data-2000-2025),football-data;sofascore;openfootball;transfermarkt,4,False,False
2020-21,2021-01-18,Kasımpaşa,Erzurumspor,1,2,football-data.co.uk (ayna: xgabora/Club-Football-Match-Data-2000-2025),football-data;sofascore;openfootball;transfermarkt,4,False,False
2020-21,2021-01-19,Göztepe,Gençlerbirliği,4,0,football-data.co.uk (ayna: xgabora/Club-Football-Match-Data-2000-2025),football-data;sofascore;openfootball;transfermarkt,4,False,False
2020-21,2021-01-19,Kayserispor,İstanbul Başakşehir,2,0,football-data.co.uk (ayna: xgabora/Club-Football-Match-Data-2000-2025),football-data;sofascore;openfootball;transfermarkt,4,False,False
2020-21,2021-01-19,Trabzonspor,Konyaspor,3,1,football-data.co.uk (ayna: xgabora/Club-Football-Match-Data-2000-2025),football-data;sofascore;openfootball;transfermarkt,4,False,False
2020-21,2021-01-20,Galatasaray,Denizlispor,6,1,football-data.co.uk (ayna: xgabora/Club-Football-Match-Data-2000-2025),football-data;sofascore;openfootball;transfermarkt,4,False,False
2020-21,2021-01-20,Hatayspor,Yeni Malatyaspor,1,2,football-data.co.uk (ayna: xgabora/Club-Football-Match-Data-2000-2025),football-data;sofascore;openfootball;transfermarkt,4,False,False
2020-21,2021-01-20,Çaykur Rizespor,Gaziantep FK,3,0,football-data.co.uk (ayna: xgabora/Club-Football-Match-Data-2000-2025),football-data;sofascore;openfootball;transfermarkt,4,False,False
2020-21,2021-01-21,Ankaragücü,Kasımpaşa,1,0,football-data.co.uk (ayna: xgabora/Club-Football-Match-Data-2000-2025),football-data;sofascore;openfootball;transfermarkt,4,False,False
2020-21,2021-01-21,Erzurumspor,Alanyaspor,1,1,football-data.co.uk (ayna: xgabora/Club-Football-Match-Data-2000-2025),football-data;sofascore;openfootball;transfermarkt,4,False,False
2020-21,2021-01-21,Fatih Karagümrük,Beşiktaş,1,4,football-data.co.uk (ayna: xgabora/Club-Football-Match-Data-2000-2025),football-data;sofascore;openfootball;transfermarkt,4,False,False
2020-21,2021-01-21,Sivasspor,Fenerbahçe,1,1,football-data.co.uk (ayna: xgabora/Club-Football-Match-Data-2000-2025),football-data;sofascore;openfootball;transfermarkt,4,False,False
2020-21,2021-01-23,Gençlerbirliği,Trabzonspor,1,2,football-data.co.uk (ayna: xgabora/Club-Football-Match-Data-2000-2025),football-data;sofascore;openfootball;transfermarkt,4,False,False
2020-21,2021-01-23,İstanbul Başakşehir,Çaykur Rizespor,1,1,football-data.co.uk (ayna: xgabora/Club-Football-Match-Data-2000-2025),football-data;sofascore;openfootball;transfermarkt,4,False,False
2020-21,2021-01-24,Beşiktaş,Göztepe,2,1,football-data.co.uk (ayna: xgabora/Club-Football-Match-Data-2000-2025),football-data;sofascore;openfootball;transfermarkt,4,False,False
2020-21,2021-01-24,Denizlispor,Fatih Karagümrük,1,2,football-data.co.uk (ayna: xgabora/Club-Football-Match-Data-2000-2025),football-data;sofascore;openfootball;transfermarkt,4,False,False
2020-21,2021-01-24,Gaziantep FK,Hatayspor,1,1,football-data.co.uk (ayna: xgabora/Club-Football-Match-Data-2000-2025),football-data;sofascore;openfootball;transfermarkt,4,False,False
2020-21,2021-01-24,Konyaspor,Antalyaspor,0,0,football-data.co.uk (ayna: xgabora/Club-Football-Match-Data-2000-2025),football-data;sofascore;openfootball;transfermarkt,4,False,False
2020-21,2021-01-24,Yeni Malatyaspor,Galatasaray,0,1,football-data.co.uk (ayna: xgabora/Club-Football-Match-Data-2000-2025),football-data;sofascore;openfootball;transfermarkt,4,False,False
2020-21,2021-01-25,Alanyaspor,Ankaragücü,4,3,football-data.co.uk (ayna: xgabora/Club-Football-Match-Data-2000-2025),football-data;sofascore;openfootball;transfermarkt,4,False,False
2020-21,2021-01-25,Fenerbahçe,Kayserispor,3,0,football-data.co.uk (ayna: xgabora/Club-Football-Match-Data-2000-2025),football-data;sofascore;openfootball;transfermarkt,4,False,False
2020-21,2021-01-25,Kasımpaşa,Sivasspor,2,0,football-data.co.uk (ayna: xgabora/Club-Football-Match-Data-2000-2025),football-data;sofascore;openfootball;transfermarkt,4,False,False
2020-21,2021-01-29,Gaziantep FK,Galatasaray,1,2,football-data.co.uk (ayna: xgabora/Club-Football-Match-Data-2000-2025),football-data;sofascore;openfootball;transfermarkt,4,False,False
2020-21,2021-01-29,Yeni Malatyaspor,Fatih Karagümrük,0,0,football-data.co.uk (ayna: xgabora/Club-Football-Match-Data-2000-2025),football-data;sofascore;openfootball;transfermarkt,4,False,False
2020-21,2021-01-30,Fenerbahçe,Çaykur Rizespor,1,0,football-data.co.uk (ayna: xgabora/Club-Football-Match-Data-2000-2025),football-data;sofascore;openfootball;transfermarkt,4,False,False
2020-21,2021-01-30,Kasımpaşa,Kayserispor,0,1,football-data.co.uk (ayna: xgabora/Club-Football-Match-Data-2000-2025),football-data;sofascore;openfootball;transfermarkt,4,False,False
2020-21,2021-01-30,İstanbul Başakşehir,Hatayspor,1,5,football-data.co.uk (ayna: xgabora/Club-Football-Match-Data-2000-2025),football-data;sofascore;openfootball;transfermarkt,4,False,False
2020-21,2021-01-31,Alanyaspor,Sivasspor,3,1,football-data.co.uk (ayna: xgabora/Club-Football-Match-Data-2000-2025),football-data;sofascore;openfootball;transfermarkt,4,False,False
2020-21,2021-01-31,Beşiktaş,Trabzonspor,1,2,football-data.co.uk (ayna: xgabora/Club-Football-Match-Data-2000-2025),football-data;sofascore;openfootball;transfermarkt,4,False,False
2020-21,2021-01-31,Denizlispor,Göztepe,2,1,football-data.co.uk (ayna: xgabora/Club-Football-Match-Data-2000-2025),football-data;sofascore;openfootball;transfermarkt,4,False,False
2020-21,2021-01-31,Erzurumspor,Ankaragücü,1,0,football-data.co.uk (ayna: xgabora/Club-Football-Match-Data-2000-2025),football-data;sofascore;openfootball;transfermarkt,4,False,False
2020-21,2021-01-31,Gençlerbirliği,Antalyaspor,0,1,football-data.co.uk (ayna: xgabora/Club-Football-Match-Data-2000-2025),football-data;sofascore;openfootball;transfermarkt,4,False,False
2020-21,2021-02-02,Galatasaray,İstanbul Başakşehir,3,0,football-data.co.uk (ayna: xgabora/Club-Football-Match-Data-2000-2025),football-data;sofascore;openfootball;transfermarkt,4,False,False
2020-21,2021-02-02,Hatayspor,Fenerbahçe,1,2,football-data.co.uk (ayna: xgabora/Club-Football-Match-Data-2000-2025),football-data;sofascore;openfootball;transfermarkt,4,False,False
2020-21,2021-02-02,Çaykur Rizespor,Kasımpaşa,1,1,football-data.co.uk (ayna: xgabora/Club-Football-Match-Data-2000-2025),football-data;sofascore;openfootball;transfermarkt,4,False,False
2020-21,2021-02-03,Antalyaspor,Beşiktaş,1,1,football-data.co.uk (ayna: xgabora/Club-Football-Match-Data-2000-2025),football-data;sofascore;openfootball;transfermarkt,4,False,False
2020-21,2021-02-03,Fatih Karagümrük,Gaziantep FK,2,0,football-data.co.uk (ayna: xgabora/Club-Football-Match-Data-2000-2025),football-data;sofascore;openfootball;transfermarkt,4,False,False
2020-21,2021-02-03,Kayserispor,Alanyaspor,1,1,football-data.co.uk (ayna: xgabora/Club-Football-Match-Data-2000-2025),football-data;sofascore;openfootball;transfermarkt,4,False,False
2020-21,2021-02-03,Konyaspor,Gençlerbirliği,0,0,football-data.co.uk (ayna: xgabora/Club-Football-Match-Data-2000-2025),football-data;sofascore;openfootball;transfermarkt,4,False,False
2020-21,2021-02-03,Sivasspor,Erzurumspor,0,0,football-data.co.uk (ayna: xgabora/Club-Football-Match-Data-2000-2025),football-data;sofascore;openfootball;transfermarkt,4,False,False
2020-21,2021-02-04,Göztepe,Yeni Malatyaspor,2,2,football-data.co.uk (ayna: xgabora/Club-Football-Match-Data-2000-2025),football-data;sofascore;openfootball;transfermarkt,4,False,False
2020-21,2021-02-04,Trabzonspor,Denizlispor,1,0,football-data.co.uk (ayna: xgabora/Club-Football-Match-Data-2000-2025),football-data;sofascore;openfootball;transfermarkt,4,False,False
2020-21,2021-02-06,Alanyaspor,Çaykur Rizespor,2,1,football-data.co.uk (ayna: xgabora/Club-Football-Match-Data-2000-2025),football-data;sofascore;openfootball;transfermarkt,4,False,False
2020-21,2021-02-06,Fenerbahçe,Galatasaray,0,1,football-data.co.uk (ayna: xgabora/Club-Football-Match-Data-2000-2025),football-data;sofascore;openfootball;transfermarkt,4,False,False
2020-21,2021-02-06,Kasımpaşa,Hatayspor,1,4,football-data.co.uk (ayna: xgabora/Club-Football-Match-Data-2000-2025),football-data;sofascore;openfootball;transfermarkt,4,False,False
2020-21,2021-02-06,İstanbul Başakşehir,Fatih Karagümrük,0,1,football-data.co.uk (ayna: xgabora/Club-Football-Match-Data-2000-2025),football-data;sofascore;openfootball;transfermarkt,4,False,False
2020-21,2021-02-07,Ankaragücü,Sivasspor,1,4,football-data.co.uk (ayna: xgabora/Club-Football-Match-Data-2000-2025),football-data;sofascore;openfootball;transfermarkt,4,False,False
2020-21,2021-02-07,Beşiktaş,Konyaspor,1,0,football-data.co.uk (ayna: xgabora/Club-Football-Match-Data-2000-2025),football-data;sofascore;openfootball;transfermarkt,4,False,False
2020-21,2021-02-07,Denizlispor,Antalyaspor,1,1,football-data.co.uk (ayna: xgabora/Club-Football-Match-Data-2000-2025),football-data;sofascore;openfootball;transfermarkt,4,False,False
2020-21,2021-02-07,Erzurumspor,Kayserispor,1,1,football-data.co.uk (ayna: xgabora/Club-Football-Match-Data-2000-2025),football-data;sofascore;openfootball;transfermarkt,4,False,False
2020-21,2021-02-08,Gaziantep FK,Göztepe,2,0,football-data.co.uk (ayna: xgabora/Club-Football-Match-Data-2000-2025),football-data;sofascore;openfootball;transfermarkt,4,False,False
2020-21,2021-02-08,Yeni Malatyaspor,Trabzonspor,0,2,football-data.co.uk (ayna: xgabora/Club-Football-Match-Data-2000-2025),football-data;sofascore;openfootball;transfermarkt,4,False,False
2020-21,2021-02-12,Çaykur Rizespor,Erzurumspor,0,2,football-data.co.uk (ayna: xgabora/Club-Football-Match-Data-2000-2025),football-data;sofascore;openfootball;transfermarkt,4,False,False
2020-21,2021-02-13,Fatih Karagümrük,Fenerbahçe,1,2,football-data.co.uk (ayna: xgabora/Club-Football-Match-Data-2000-2025),football-data;sofascore;openfootball;transfermarkt,4,False,False
2020-21,2021-02-13,Kayserispor,Ankaragücü,0,0,football-data.co.uk (ayna: xgabora/Club-Football-Match-Data-2000-2025),football-data;sofascore;openfootball;transfermarkt,4,False,False
2020-21,2021-02-13,Trabzonspor,Gaziantep FK,1,0,football-data.co.uk (ayna: xgabora/Club-Football-Match-Data-2000-2025),football-data;sofascore;openfootball;transfermarkt,4,False,False
2020-21,2021-02-14,Galatasaray,Kasımpaşa,2,1,football-data.co.uk (ayna: xgabora/Club-Football-Match-Data-2000-2025),football-data;sofascore;openfootball;transfermarkt,4,False,False
2020-21,2021-02-14,Göztepe,İstanbul Başakşehir,2,1,football-data.co.uk (ayna: xgabora/Club-Football-Match-Data-2000-2025),football-data;sofascore;openfootball;transfermarkt,4,False,False
2020-21,2021-02-14,Hatayspor,Alanyaspor,0,0,football-data.co.uk (ayna: xgabora/Club-Football-Match-Data-2000-2025),football-data;sofascore;openfootball;transfermarkt,4,False,False
2020-21,2021-02-14,Konyaspor,Denizlispor,2,0,football-data.co.uk (ayna: xgabora/Club-Football-Match-Data-2000-2025),football-data;sofascore;openfootball;transfermarkt,4,False,False
2020-21,2021-02-15,Antalyaspor,Yeni Malatyaspor,1,1,football-data.co.uk (ayna: xgabora/Club-Football-Match-Data-2000-2025),football-data;sofascore;openfootball;transfermarkt,4,False,False
2020-21,2021-02-15,Gençlerbirliği,Beşiktaş,0,3,football-data.co.uk (ayna: xgabora/Club-Football-Match-Data-2000-2025),football-data;sofascore;openfootball;transfermarkt,4,False,False
2020-21,2021-02-19,İstanbul Başakşehir,Trabzonspor,0,1,football-data.co.uk (ayna: xgabora/Club-Football-Match-Data-2000-2025),football-data;sofascore;openfootball;transfermarkt,4,False,False
2020-21,2021-02-20,Alanyaspor,Galatasaray,0,1,football-data.co.uk (ayna: xgabora/Club-Football-Match-Data-2000-2025),football-data;sofascore;openfootball;transfermarkt,4,False,False
2020-21,2021-02-20,Denizlispor,Gençlerbirliği,1,0,football-data.co.uk (ayna: xgabora/Club-Football-Match-Data-2000-2025),football-data;sofascore;openfootball;transfermarkt,4,False,False
2020-21,2021-02-20,Kasımpaşa,Fatih Karagümrük,3,2,football-data.co.uk (ayna: xgabora/Club-Football-Match-Data-2000-2025),football-data;sofascore;openfootball;transfermarkt,4,False,False
2020-21,2021-02-20,Yeni Malatyaspor,Konyaspor,2,3,football-data.co.uk (ayna: xgabora/Club-Football-Match-Data-2000-2025),football-data;sofascore;openfootball;transfermarkt,4,False,False
2020-21,2021-02-21,Erzurumspor,Hatayspor,1,3,football-data.co.uk (ayna: xgabora/Club-Football-Match-Data-2000-2025),football-data;sofascore;openfootball;transfermarkt,4,False,False
2020-21,2021-02-21,Fenerbahçe,Göztepe,0,1,football-data.co.uk (ayna: xgabora/Club-Football-Match-Data-2000-2025),football-data;sofascore;openfootball;transfermarkt,4,False,False
2020-21,2021-02-21,Gaziantep FK,Antalyaspor,0,0,football-data.co.uk (ayna: xgabora/Club-Football-Match-Data-2000-2025),football-data;sofascore;openfootball;transfermarkt,4,False,False
2020-21,2021-02-21,Sivasspor,Kayserispor,2,0,football-data.co.uk (ayna: xgabora/Club-Football-Match-Data-2000-2025),football-data;sofascore;openfootball;transfermarkt,4,False,False
2020-21,2021-02-22,Ankaragücü,Çaykur Rizespor,1,1,football-data.co.uk (ayna: xgabora/Club-Football-Match-Data-2000-2025),football-data;sofascore;openfootball;transfermarkt,4,False,False
2020-21,2021-02-26,Beşiktaş,Denizlispor,3,0,football-data.co.uk (ayna: xgabora/Club-Football-Match-Data-2000-2025),football-data;sofascore;openfootball;transfermarkt,4,False,False
2020-21,2021-02-26,Gençlerbirliği,Yeni Malatyaspor,1,1,football-data.co.uk (ayna: xgabora/Club-Football-Match-Data-2000-2025),football-data;sofascore;openfootball;transfermarkt,4,False,False
2020-21,2021-02-26,Konyaspor,Gaziantep FK,0,0,football-data.co.uk (ayna: xgabora/Club-Football-Match-Data-2000-2025),football-data;sofascore;openfootball;transfermarkt,4,False,False
2020-21,2021-02-27,Antalyaspor,İstanbul Başakşehir,0,0,football-data.co.uk (ayna: xgabora/Club-Football-Match-Data-2000-2025),football-data;sofascore;openfootball;transfermarkt,4,False,False
2020-21,2021-02-27,Fatih Karagümrük,Alanyaspor,2,0,football-data.co.uk (ayna: xgabora/Club-Football-Match-Data-2000-2025),football-data;sofascore;openfootball;transfermarkt,4,False,False
2020-21,2021-02-27,Galatasaray,Erzurumspor,2,0,football-data.co.uk (ayna: xgabora/Club-Football-Match-Data-2000-2025),football-data;sofascore;openfootball;transfermarkt,4,False,False
2020-21,2021-02-27,Hatayspor,Ankaragücü,4,1,football-data.co.uk (ayna: xgabora/Club-Football-Match-Data-2000-2025),football-data;sofascore;openfootball;transfermarkt,4,False,False
2020-21,2021-02-27,Çaykur Rizespor,Sivasspor,0,0,football-data.co.uk (ayna: xgabora/Club-Football-Match-Data-2000-2025),football-data;sofascore;openfootball;transfermarkt,4,False,False
2020-21,2021-02-28,Göztepe,Kasımpaşa,1,0,football-data.co.uk (ayna: xgabora/Club-Football-Match-Data-2000-2025),football-data;sofascore;openfootball;transfermarkt,4,False,False
2020-21,2021-02-28,Trabzonspor,Fenerbahçe,0,1,football-data.co.uk (ayna: xgabora/Club-Football-Match-Data-2000-2025),football-data;sofascore;openfootball;transfermarkt,4,False,False
2020-21,2021-03-02,Gaziantep FK,Gençlerbirliği,2,1,football-data.co.uk (ayna: xgabora/Club-Football-Match-Data-2000-2025),football-data;sofascore;openfootball;transfermarkt,4,False,False
2020-21,2021-03-02,Yeni Malatyaspor,Beşiktaş,0,1,football-data.co.uk (ayna: xgabora/Club-Football-Match-Data-2000-2025),football-data;sofascore;openfootball;transfermarkt,4,False,False
2020-21,2021-03-03,Ankaragücü,Galatasaray,2,1,football-data.co.uk (ayna: xgabora/Club-Football-Match-Data-2000-2025),football-data;sofascore;openfootball;transfermarkt,4,False,False
2020-21,2021-03-03,Erzurumspor,Fatih Karagümrük,2,2,football-data.co.uk (ayna: xgabora/Club-Football-Match-Data-2000-2025),football-data;sofascore;openfootball;transfermarkt,4,False,False
2020-21,2021-03-03,Kayserispor,Çaykur Rizespor,2,1,football-data.co.uk (ayna: xgabora/Club-Football-Match-Data-2000-2025),football-data;sofascore;openfootball;transfermarkt,4,False,False
2020-21,2021-03-03,Sivasspor,Hatayspor,1,1,football-data.co.uk (ayna: xgabora/Club-Football-Match-Data-2000-2025),football-data;sofascore;openfootball;transfermarkt,4,False,False
2020-21,2021-03-03,İstanbul Başakşehir,Konyaspor,1,1,football-data.co.uk (ayna: xgabora/Club-Football-Match-Data-2000-2025),football-data;sofascore;openfootball;transfermarkt,4,False,False
2020-21,2021-03-04,Alanyaspor,Göztepe,1,1,football-data.co.uk (ayna: xgabora/Club-Football-Match-Data-2000-2025),football-data;sofascore;openfootball;transfermarkt,4,False,False
2020-21,2021-03-04,Fenerbahçe,Antalyaspor,1,1,football-data.co.uk (ayna: xgabora/Club-Football-Match-Data-2000-2025),football-data;sofascore;openfootball;transfermarkt,4,False,False
2020-21,2021-03-04,Kasımpaşa,Trabzonspor,1,2,football-data.co.uk (ayna: xgabora/Club-Football-Match-Data-2000-2025),football-data;sofascore;openfootball;transfermarkt,4,False,False
2020-21,2021-03-06,Beşiktaş,Gaziantep FK,2,1,football-data.co.uk (ayna: xgabora/Club-Football-Match-Data-2000-2025),football-data;sofascore;openfootball;transfermarkt,4,False,False
2020-21,2021-03-06,Denizlispor,Yeni Malatyaspor,3,2,football-data.co.uk (ayna: xgabora/Club-Football-Match-Data-2000-2025),football-data;sofascore;openfootball;transfermarkt,4,False,False
2020-21,2021-03-07,Fatih Karagümrük,Ankaragücü,0,1,football-data.co.uk (ayna: xgabora/Club-Football-Match-Data-2000-2025),football-data;sofascore;openfootball;transfermarkt,4,False,False
2020-21,2021-03-07,Galatasaray,Sivasspor,2,2,football-data.co.uk (ayna: xgabora/Club-Football-Match-Data-2000-2025),football-data;sofascore;openfootball;transfermarkt,4,False,False
2020-21,2021-03-07,Gençlerbirliği,İstanbul Başakşehir,0,1,football-data.co.uk (ayna: xgabora/Club-Football-Match-Data-2000-2025),football-data;sofascore;openfootball;transfermarkt,4,False,False
2020-21,2021-03-07,Hatayspor,Kayserispor,1,3,football-data.co.uk (ayna: xgabora/Club-Football-Match-Data-2000-2025),football-data;sofascore;openfootball;transfermarkt,4,False,False
2020-21,2021-03-08,Antalyaspor,Kasımpaşa,1,1,football-data.co.uk (ayna: xgabora/Club-Football-Match-Data-2000-2025),football-data;sofascore;openfootball;transfermarkt,4,False,False
2020-21,2021-03-08,Göztepe,Erzurumspor,3,1,football-data.co.uk (ayna: xgabora/Club-Football-Match-Data-2000-2025),football-data;sofascore;openfootball;transfermarkt,4,False,False
2020-21,2021-03-08,Konyaspor,Fenerbahçe,0,3,football-data.co.uk (ayna: xgabora/Club-Football-Match-Data-2000-2025),football-data;sofascore;openfootball;transfermarkt,4,False,False
2020-21,2021-03-08,Trabzonspor,Alanyaspor,1,3,football-data.co.uk (ayna: xgabora/Club-Football-Match-Data-2000-2025),football-data;sofascore;openfootball;transfermarkt,4,False,False
2020-21,2021-03-12,İstanbul Başakşehir,Beşiktaş,2,3,football-data.co.uk (ayna: xgabora/Club-Football-Match-Data-2000-2025),football-data;sofascore;openfootball;transfermarkt,4,False,False
2020-21,2021-03-13,Alanyaspor,Antalyaspor,4,0,football-data.co.uk (ayna: xgabora/Club-Football-Match-Data-2000-2025),football-data;sofascore;openfootball;transfermarkt,4,False,False
2020-21,2021-03-13,Kayserispor,Galatasaray,0,3,football-data.co.uk (ayna: xgabora/Club-Football-Match-Data-2000-2025),football-data;sofascore;openfootball;transfermarkt,4,False,False
2020-21,2021-03-13,Sivasspor,Fatih Karagümrük,1,0,football-data.co.uk (ayna: xgabora/Club-Football-Match-Data-2000-2025),football-data;sofascore;openfootball;transfermarkt,4,False,False
2020-21,2021-03-13,Çaykur Rizespor,Hatayspor,1,0,football-data.co.uk (ayna: xgabora/Club-Football-Match-Data-2000-2025),football-data;sofascore;openfootball;transfermarkt,4,False,False
2020-21,2021-03-14,Ankaragücü,Göztepe,3,0,football-data.co.uk (ayna: xgabora/Club-Football-Match-Data-2000-2025),football-data;sofascore;openfootball;transfermarkt,4,False,False
2020-21,2021-03-14,Erzurumspor,Trabzonspor,0,0,football-data.co.uk (ayna: xgabora/Club-Football-Match-Data-2000-2025),football-data;sofascore;openfootball;transfermarkt,4,False,False
2020-21,2021-03-14,Fenerbahçe,Gençlerbirliği,1,2,football-data.co.uk (ayna: xgabora/Club-Football-Match-Data-2000-2025),football-data;sofascore;openfootball;transfermarkt,4,False,False
2020-21,2021-03-14,Gaziantep FK,Denizlispor,2,0,football-data.co.uk (ayna: xgabora/Club-Football-Match-Data-2000-2025),football-data;sofascore;openfootball;transfermarkt,4,False,False
2020-21,2021-03-15,Kasımpaşa,Konyaspor,1,1,football-data.co.uk (ayna: xgabora/Club-Football-Match-Data-2000-2025),football-data;sofascore;openfootball;transfermarkt,4,False,False
2020-21,2021-03-19,Fatih Karagümrük,Kayserispor,3,0,football-data.co.uk (ayna: xgabora/Club-Football-Match-Data-2000-2025),football-data;sofascore;openfootball;transfermarkt,4,False,False
2020-21,2021-03-19,Galatasaray,Çaykur Rizespor,3,4,football-data.co.uk (ayna: xgabora/Club-Football-Match-Data-2000-2025),football-data;sofascore;openfootball;transfermarkt,4,False,False
2020-21,2021-03-20,Gençlerbirliği,Kasımpaşa,2,1,football-data.co.uk (ayna: xgabora/Club-Football-Match-Data-2000-2025),football-data;sofascore;openfootball;transfermarkt,4,False,False
2020-21,2021-03-20,Göztepe,Sivasspor,3,5,football-data.co.uk (ayna: xgabora/Club-Football-Match-Data-2000-2025),football-data;sofascore;openfootball;transfermarkt,4,False,False
2020-21,2021-03-20,Trabzonspor,Ankaragücü,4,1,football-data.co.uk (ayna: xgabora/Club-Football-Match-Data-2000-2025),football-data;sofascore;openfootball;transfermarkt,4,False,False
2020-21,2021-03-20,Yeni Malatyaspor,Gaziantep FK,2,2,football-data.co.uk (ayna: xgabora/Club-Football-Match-Data-2000-2025),football-data;sofascore;openfootball;transfermarkt,4,False,False
2020-21,2021-03-21,Antalyaspor,Erzurumspor,3,1,football-data.co.uk (ayna: xgabora/Club-Football-Match-Data-2000-2025),football-data;sofascore;openfootball;transfermarkt,4,False,False
2020-21,2021-03-21,Beşiktaş,Fenerbahçe,1,1,football-data.co.uk (ayna: xgabora/Club-Football-Match-Data-2000-2025),football-data;sofascore;openfootball;transfermarkt,4,False,False
2020-21,2021-03-21,Denizlispor,İstanbul Başakşehir,0,0,football-data.co.uk (ayna: xgabora/Club-Football-Match-Data-2000-2025),football-data;sofascore;openfootball;transfermarkt,4,False,False
2020-21,2021-03-21,Konyaspor,Alanyaspor,1,0,football-data.co.uk (ayna: xgabora/Club-Football-Match-Data-2000-2025),football-data;sofascore;openfootball;transfermarkt,4,False,False
2020-21,2021-04-03,Hatayspor,Galatasaray,3,0,football-data.co.uk (ayna: xgabora/Club-Football-Match-Data-2000-2025),football-data;sofascore;openfootball;transfermarkt,4,False,False
2020-21,2021-04-03,Kayserispor,Göztepe,1,1,football-data.co.uk (ayna: xgabora/Club-Football-Match-Data-2000-2025),football-data;sofascore;openfootball;transfermarkt,4,False,False
2020-21,2021-04-03,Sivasspor,Trabzonspor,0,0,football-data.co.uk (ayna: xgabora/Club-Football-Match-Data-2000-2025),football-data;sofascore;openfootball;transfermarkt,4,False,False
2020-21,2021-04-03,Çaykur Rizespor,Fatih Karagümrük,0,0,football-data.co.uk (ayna: xgabora/Club-Football-Match-Data-2000-2025),football-data;sofascore;openfootball;transfermarkt,4,False,False
2020-21,2021-04-04,Alanyaspor,Gençlerbirliği,1,2,football-data.co.uk (ayna: xgabora/Club-Football-Match-Data-2000-2025),football-data;sofascore;openfootball;transfermarkt,4,False,False
2020-21,2021-04-04,Ankaragücü,Antalyaspor,1,0,football-data.co.uk (ayna: xgabora/Club-Football-Match-Data-2000-2025),football-data;sofascore;openfootball;transfermarkt,4,False,False
2020-21,2021-04-04,Erzurumspor,Konyaspor,1,2,football-data.co.uk (ayna: xgabora/Club-Football-Match-Data-2000-2025),football-data;sofascore;openfootball;transfermarkt,4,False,False
2020-21,2021-04-04,Kasımpaşa,Beşiktaş,1,0,football-data.co.uk (ayna: xgabora/Club-Football-Match-Data-2000-2025),football-data;sofascore;openfootball;transfermarkt,4,False,False
2020-21,2021-04-04,İstanbul Başakşehir,Yeni Malatyaspor,3,1,football-data.co.uk (ayna: xgabora/Club-Football-Match-Data-2000-2025),football-data;sofascore;openfootball;transfermarkt,4,False,False
2020-21,2021-04-05,Fenerbahçe,Denizlispor,1,0,football-data.co.uk (ayna: xgabora/Club-Football-Match-Data-2000-2025),football-data;sofascore;openfootball;transfermarkt,4,False,False
2020-21,2021-04-06,Fatih Karagümrük,Hatayspor,1,0,football-data.co.uk (ayna: xgabora/Club-Football-Match-Data-2000-2025),football-data;sofascore;openfootball;transfermarkt,4,False,False
2020-21,2021-04-06,Göztepe,Çaykur Rizespor,2,0,football-data.co.uk (ayna: xgabora/Club-Football-Match-Data-2000-2025),football-data;sofascore;openfootball;transfermarkt,4,False,False
2020-21,2021-04-06,Trabzonspor,Kayserispor,1,1,football-data.co.uk (ayna: xgabora/Club-Football-Match-Data-2000-2025),football-data;sofascore;openfootball;transfermarkt,4,False,False
2020-21,2021-04-07,Antalyaspor,Sivasspor,2,4,football-data.co.uk (ayna: xgabora/Club-Football-Match-Data-2000-2025),football-data;sofascore;openfootball;transfermarkt,4,False,False
2020-21,2021-04-07,Beşiktaş,Alanyaspor,3,0,football-data.co.uk (ayna: xgabora/Club-Football-Match-Data-2000-2025),football-data;sofascore;openfootball;transfermarkt,4,False,False
2020-21,2021-04-07,Gençlerbirliği,Erzurumspor,1,1,football-data.co.uk (ayna: xgabora/Club-Football-Match-Data-2000-2025),football-data;sofascore;openfootball;transfermarkt,4,False,False
2020-21,2021-04-07,Konyaspor,Ankaragücü,1,1,football-data.co.uk (ayna: xgabora/Club-Football-Match-Data-2000-2025),football-data;sofascore;openfootball;transfermarkt,4,False,False
2020-21,2021-04-08,Denizlispor,Kasımpaşa,1,1,football-data.co.uk (ayna: xgabora/Club-Football-Match-Data-2000-2025),football-data;sofascore;openfootball;transfermarkt,4,False,False
2020-21,2021-04-08,Gaziantep FK,İstanbul Başakşehir,2,0,football-data.co.uk (ayna: xgabora/Club-Football-Match-Data-2000-2025),football-data;sofascore;openfootball;transfermarkt,4,False,False
2020-21,2021-04-08,Yeni Malatyaspor,Fenerbahçe,1,1,football-data.co.uk (ayna: xgabora/Club-Football-Match-Data-2000-2025),football-data;sofascore;openfootball;transfermarkt,4,False,False
2020-21,2021-04-10,Galatasaray,Fatih Karagümrük,1,1,football-data.co.uk (ayna: xgabora/Club-Football-Match-Data-2000-2025),football-data;sofascore;openfootball;transfermarkt,4,False,False
2020-21,2021-04-10,Hatayspor,Göztepe,2,3,football-data.co.uk (ayna: xgabora/Club-Football-Match-Data-2000-2025),football-data;sofascore;openfootball;transfermarkt,4,False,False
2020-21,2021-04-10,Çaykur Rizespor,Trabzonspor,0,0,football-data.co.uk (ayna: xgabora/Club-Football-Match-Data-2000-2025),football-data;sofascore;openfootball;transfermarkt,4,False,False
2020-21,2021-04-11,Ankaragücü,Gençlerbirliği,2,1,football-data.co.uk (ayna: xgabora/Club-Football-Match-Data-2000-2025),football-data;sofascore;openfootball;transfermarkt,4,False,False
2020-21,2021-04-11,Erzurumspor,Beşiktaş,2,4,football-data.co.uk (ayna: xgabora/Club-Football-Match-Data-2000-2025),football-data;sofascore;openfootball;transfermarkt,4,False,False
2020-21,2021-04-11,Kayserispor,Antalyaspor,0,1,football-data.co.uk (ayna: xgabora/Club-Football-Match-Data-2000-2025),football-data;sofascore;openfootball;transfermarkt,4,False,False
2020-21,2021-04-11,Sivasspor,Konyaspor,3,1,football-data.co.uk (ayna: xgabora/Club-Football-Match-Data-2000-2025),football-data;sofascore;openfootball;transfermarkt,4,False,False
2020-21,2021-04-12,Alanyaspor,Denizlispor,3,2,football-data.co.uk (ayna: xgabora/Club-Football-Match-Data-2000-2025),football-data;sofascore;openfootball;transfermarkt,4,False,False
2020-21,2021-04-12,Fenerbahçe,Gaziantep FK,3,1,football-data.co.uk (ayna: xgabora/Club-Football-Match-Data-2000-2025),football-data;sofascore;openfootball;transfermarkt,4,False,False
2020-21,2021-04-12,Kasımpaşa,Yeni Malatyaspor,0,0,football-data.co.uk (ayna: xgabora/Club-Football-Match-Data-2000-2025),football-data;sofascore;openfootball;transfermarkt,4,False,False
2020-21,2021-04-16,Antalyaspor,Çaykur Rizespor,2,3,football-data.co.uk (ayna: xgabora/Club-Football-Match-Data-2000-2025),football-data;sofascore;openfootball;transfermarkt,4,False,False
2020-21,2021-04-16,Beşiktaş,Ankaragücü,2,2,football-data.co.uk (ayna: xgabora/Club-Football-Match-Data-2000-2025),football-data;sofascore;openfootball;transfermarkt,4,False,False
2020-21,2021-04-16,Gençlerbirliği,Sivasspor,2,3,football-data.co.uk (ayna: xgabora/Club-Football-Match-Data-2000-2025),football-data;sofascore;openfootball;transfermarkt,4,False,False
2020-21,2021-04-16,Konyaspor,Kayserispor,0,0,football-data.co.uk (ayna: xgabora/Club-Football-Match-Data-2000-2025),football-data;sofascore;openfootball;transfermarkt,4,False,False
2020-21,2021-04-17,Denizlispor,Erzurumspor,2,3,football-data.co.uk (ayna: xgabora/Club-Football-Match-Data-2000-2025),football-data;sofascore;openfootball;transfermarkt,4,False,False
2020-21,2021-04-17,Göztepe,Galatasaray,1,3,football-data.co.uk (ayna: xgabora/Club-Football-Match-Data-2000-2025),football-data;sofascore;openfootball;transfermarkt,4,False,False
2020-21,2021-04-17,Trabzonspor,Hatayspor,1,1,football-data.co.uk (ayna: xgabora/Club-Football-Match-Data-2000-2025),football-data;sofascore;openfootball;transfermarkt,4,False,False
2020-21,2021-04-17,Yeni Malatyaspor,Alanyaspor,1,0,football-data.co.uk (ayna: xgabora/Club-Football-Match-Data-2000-2025),football-data;sofascore;openfootball;transfermarkt,4,False,False
2020-21,2021-04-18,Gaziantep FK,Kasımpaşa,2,2,football-data.co.uk (ayna: xgabora/Club-Football-Match-Data-2000-2025),football-data;sofascore;openfootball;transfermarkt,4,False,False
2020-21,2021-04-18,İstanbul Başakşehir,Fenerbahçe,1,2,football-data.co.uk (ayna: xgabora/Club-Football-Match-Data-2000-2025),football-data;sofascore;openfootball;transfermarkt,4,False,False
2020-21,2021-04-20,Fatih Karagümrük,Göztepe,1,1,football-data.co.uk (ayna: xgabora/Club-Football-Match-Data-2000-2025),football-data;sofascore;openfootball;transfermarkt,4,False,False
2020-21,2021-04-20,Hatayspor,Antalyaspor,3,2,football-data.co.uk (ayna: xgabora/Club-Football-Match-Data-2000-2025),football-data;sofascore;openfootball;transfermarkt,4,False,False
2020-21,2021-04-20,Kayserispor,Gençlerbirliği,2,2,football-data.co.uk (ayna: xgabora/Club-Football-Match-Data-2000-2025),football-data;sofascore;openfootball;transfermarkt,4,False,False
2020-21,2021-04-20,Sivasspor,Beşiktaş,0,0,football-data.co.uk (ayna: xgabora/Club-Football-Match-Data-2000-2025),football-data;sofascore;openfootball;transfermarkt,4,False,False
2020-21,2021-04-20,Çaykur Rizespor,Konyaspor,5,3,football-data.co.uk (ayna: xgabora/Club-Football-Match-Data-2000-2025),football-data;sofascore;openfootball;transfermarkt,4,False,False
2020-21,2021-04-21,Ankaragücü,Denizlispor,1,1,football-data.co.uk (ayna: xgabora/Club-Football-Match-Data-2000-2025),football-data;sofascore;openfootball;transfermarkt,4,False,False
2020-21,2021-04-21,Erzurumspor,Yeni Malatyaspor,1,0,football-data.co.uk (ayna: xgabora/Club-Football-Match-Data-2000-2025),football-data;sofascore;openfootball;transfermarkt,4,False,False
2020-21,2021-04-21,Galatasaray,Trabzonspor,1,1,football-data.co.uk (ayna: xgabora/Club-Football-Match-Data-2000-2025),football-data;sofascore;openfootball;transfermarkt,4,False,False
2020-21,2021-04-22,Alanyaspor,Gaziantep FK,3,2,football-data.co.uk (ayna: xgabora/Club-Football-Match-Data-2000-2025),football-data;sofascore;openfootball;transfermarkt,4,False,False
2020-21,2021-04-22,Kasımpaşa,İstanbul Başakşehir,0,1,football-data.co.uk (ayna: xgabora/Club-Football-Match-Data-2000-2025),football-data;sofascore;openfootball;transfermarkt,4,False,False
2020-21,2021-04-23,Gençlerbirliği,Çaykur Rizespor,2,1,football-data.co.uk (ayna: xgabora/Club-Football-Match-Data-2000-2025),football-data;sofascore;openfootball;transfermarkt,4,False,False
2020-21,2021-04-24,Antalyaspor,Galatasaray,0,1,football-data.co.uk (ayna: xgabora/Club-Football-Match-Data-2000-2025),football-data;sofascore;openfootball;transfermarkt,4,False,False
2020-21,2021-04-24,Beşiktaş,Kayserispor,3,1,football-data.co.uk (ayna: xgabora/Club-Football-Match-Data-2000-2025),football-data;sofascore;openfootball;transfermarkt,4,False,False
2020-21,2021-04-24,Denizlispor,Sivasspor,1,1,football-data.co.uk (ayna: xgabora/Club-Football-Match-Data-2000-2025),football-data;sofascore;openfootball;transfermarkt,4,False,False
2020-21,2021-04-24,Konyaspor,Hatayspor,0,0,football-data.co.uk (ayna: xgabora/Club-Football-Match-Data-2000-2025),football-data;sofascore;openfootball;transfermarkt,4,False,False
2020-21,2021-04-24,Trabzonspor,Fatih Karagümrük,2,0,football-data.co.uk (ayna: xgabora/Club-Football-Match-Data-2000-2025),football-data;sofascore;openfootball;transfermarkt,4,False,False
2020-21,2021-04-25,Fenerbahçe,Kasımpaşa,3,2,football-data.co.uk (ayna: xgabora/Club-Football-Match-Data-2000-2025),football-data;sofascore;openfootball;transfermarkt,4,False,False
2020-21,2021-04-25,Gaziantep FK,Erzurumspor,2,3,football-data.co.uk (ayna: xgabora/Club-Football-Match-Data-2000-2025),football-data;sofascore;openfootball;transfermarkt,4,False,False
2020-21,2021-04-25,Yeni Malatyaspor,Ankaragücü,2,1,football-data.co.uk (ayna: xgabora/Club-Football-Match-Data-2000-2025),football-data;sofascore;openfootball;transfermarkt,4,False,False
2020-21,2021-04-25,İstanbul Başakşehir,Alanyaspor,0,0,football-data.co.uk (ayna: xgabora/Club-Football-Match-Data-2000-2025),football-data;sofascore;openfootball;transfermarkt,4,False,False
2020-21,2021-04-27,Hatayspor,Gençlerbirliği,3,1,football-data.co.uk (ayna: xgabora/Club-Football-Match-Data-2000-2025),football-data;sofascore;openfootball;transfermarkt,4,False,False
2020-21,2021-04-28,Fatih Karagümrük,Antalyaspor,2,2,football-data.co.uk (ayna: xgabora/Club-Football-Match-Data-2000-2025),football-data;sofascore;openfootball;transfermarkt,4,False,False
2020-21,2021-04-28,Galatasaray,Konyaspor,1,0,football-data.co.uk (ayna: xgabora/Club-Football-Match-Data-2000-2025),football-data;sofascore;openfootball;transfermarkt,4,False,False
2020-21,2021-04-28,Göztepe,Trabzonspor,1,1,football-data.co.uk (ayna: xgabora/Club-Football-Match-Data-2000-2025),football-data;sofascore;openfootball;transfermarkt,4,False,False
2020-21,2021-04-28,Kayserispor,Denizlispor,6,3,football-data.co.uk (ayna: xgabora/Club-Football-Match-Data-2000-2025),football-data;sofascore;openfootball;transfermarkt,4,False,False
2020-21,2021-04-28,Çaykur Rizespor,Beşiktaş,2,3,football-data.co.uk (ayna: xgabora/Club-Football-Match-Data-2000-2025),football-data;sofascore;openfootball;transfermarkt,4,False,False
2020-21,2021-04-29,Alanyaspor,Fenerbahçe,0,0,football-data.co.uk (ayna: xgabora/Club-Football-Match-Data-2000-2025),football-data;sofascore;openfootball;transfermarkt,4,False,False
2020-21,2021-04-29,Ankaragücü,Gaziantep FK,0,1,football-data.co.uk (ayna: xgabora/Club-Football-Match-Data-2000-2025),football-data;sofascore;openfootball;transfermarkt,4,False,False
2020-21,2021-04-29,Erzurumspor,İstanbul Başakşehir,1,2,football-data.co.uk (ayna: xgabora/Club-Football-Match-Data-2000-2025),football-data;sofascore;openfootball;transfermarkt,4,False,False
2020-21,2021-04-29,Sivasspor,Yeni Malatyaspor,1,0,football-data.co.uk (ayna: xgabora/Club-Football-Match-Data-2000-2025),football-data;sofascore;openfootball;transfermarkt,4,False,False
2020-21,2021-05-01,Beşiktaş,Hatayspor,7,0,football-data.co.uk (ayna: xgabora/Club-Football-Match-Data-2000-2025),football-data;sofascore;openfootball;transfermarkt,4,False,False
2020-21,2021-05-02,Antalyaspor,Göztepe,2,3,football-data.co.uk (ayna: xgabora/Club-Football-Match-Data-2000-2025),football-data;sofascore;openfootball;transfermarkt,4,False,False
2020-21,2021-05-02,Denizlispor,Çaykur Rizespor,0,1,football-data.co.uk (ayna: xgabora/Club-Football-Match-Data-2000-2025),football-data;sofascore;openfootball;transfermarkt,4,False,False
2020-21,2021-05-02,Gençlerbirliği,Galatasaray,0,2,football-data.co.uk (ayna: xgabora/Club-Football-Match-Data-2000-2025),football-data;sofascore;openfootball;transfermarkt,4,False,False
2020-21,2021-05-02,Konyaspor,Fatih Karagümrük,5,1,football-data.co.uk (ayna: xgabora/Club-Football-Match-Data-2000-2025),football-data;sofascore;openfootball;transfermarkt,4,False,False
2020-21,2021-05-03,Fenerbahçe,Erzurumspor,3,1,football-data.co.uk (ayna: xgabora/Club-Football-Match-Data-2000-2025),football-data;sofascore;openfootball;transfermarkt,4,False,False
2020-21,2021-05-03,Gaziantep FK,Sivasspor,0,1,football-data.co.uk (ayna: xgabora/Club-Football-Match-Data-2000-2025),football-data;sofascore;openfootball;transfermarkt,4,False,False
2020-21,2021-05-03,Kasımpaşa,Alanyaspor,3,0,football-data.co.uk (ayna: xgabora/Club-Football-Match-Data-2000-2025),football-data;sofascore;openfootball;transfermarkt,4,False,False
2020-21,2021-05-03,Yeni Malatyaspor,Kayserispor,1,1,football-data.co.uk (ayna: xgabora/Club-Football-Match-Data-2000-2025),football-data;sofascore;openfootball;transfermarkt,4,False,False
2020-21,2021-05-03,İstanbul Başakşehir,Ankaragücü,2,1,football-data.co.uk (ayna: xgabora/Club-Football-Match-Data-2000-2025),football-data;sofascore;openfootball;transfermarkt,4,False,False
2020-21,2021-05-08,Ankaragücü,Fenerbahçe,1,2,football-data.co.uk (ayna: xgabora/Club-Football-Match-Data-2000-2025),football-data;sofascore;openfootball;transfermarkt,4,False,False
2020-21,2021-05-08,Erzurumspor,Kasımpaşa,0,1,football-data.co.uk (ayna: xgabora/Club-Football-Match-Data-2000-2025),football-data;sofascore;openfootball;transfermarkt,4,False,False
2020-21,2021-05-08,Fatih Karagümrük,Gençlerbirliği,5,1,football-data.co.uk (ayna: xgabora/Club-Football-Match-Data-2000-2025),football-data;sofascore;openfootball;transfermarkt,4,False,False
2020-21,2021-05-08,Galatasaray,Beşiktaş,3,1,football-data.co.uk (ayna: xgabora/Club-Football-Match-Data-2000-2025),football-data;sofascore;openfootball;transfermarkt,4,False,False
2020-21,2021-05-08,Göztepe,Konyaspor,0,1,football-data.co.uk (ayna: xgabora/Club-Football-Match-Data-2000-2025),football-data;sofascore;openfootball;transfermarkt,4,False,False
2020-21,2021-05-08,Hatayspor,Denizlispor,1,0,football-data.co.uk (ayna: xgabora/Club-Football-Match-Data-2000-2025),football-data;sofascore;openfootball;transfermarkt,4,False,False
2020-21,2021-05-08,Kayserispor,Gaziantep FK,0,0,football-data.co.uk (ayna: xgabora/Club-Football-Match-Data-2000-2025),football-data;sofascore;openfootball;transfermarkt,4,False,False
2020-21,2021-05-08,Sivasspor,İstanbul Başakşehir,0,0,football-data.co.uk (ayna: xgabora/Club-Football-Match-Data-2000-2025),football-data;sofascore;openfootball;transfermarkt,4,False,False
2020-21,2021-05-08,Trabzonspor,Antalyaspor,2,1,football-data.co.uk (ayna: xgabora/Club-Football-Match-Data-2000-2025),football-data;sofascore;openfootball;transfermarkt,4,False,False
2020-21,2021-05-08,Çaykur Rizespor,Yeni Malatyaspor,0,4,football-data.co.uk (ayna: xgabora/Club-Football-Match-Data-2000-2025),football-data;sofascore;openfootball;transfermarkt,4,False,False
2020-21,2021-05-11,Alanyaspor,Erzurumspor,2,3,football-data.co.uk (ayna: xgabora/Club-Football-Match-Data-2000-2025),football-data;sofascore;openfootball;transfermarkt,4,False,False
2020-21,2021-05-11,Beşiktaş,Fatih Karagümrük,1,2,football-data.co.uk (ayna: xgabora/Club-Football-Match-Data-2000-2025),football-data;sofascore;openfootball;transfermarkt,4,False,False
2020-21,2021-05-11,Denizlispor,Galatasaray,1,4,football-data.co.uk (ayna: xgabora/Club-Football-Match-Data-2000-2025),football-data;sofascore;openfootball;transfermarkt,4,False,False
2020-21,2021-05-11,Fenerbahçe,Sivasspor,1,2,football-data.co.uk (ayna: xgabora/Club-Football-Match-Data-2000-2025),football-data;sofascore;openfootball;transfermarkt,4,False,False
2020-21,2021-05-11,Gaziantep FK,Çaykur Rizespor,4,5,football-data.co.uk (ayna: xgabora/Club-Football-Match-Data-2000-2025),football-data;sofascore;openfootball;transfermarkt,4,False,False
2020-21,2021-05-11,Gençlerbirliği,Göztepe,5,3,football-data.co.uk (ayna: xgabora/Club-Football-Match-Data-2000-2025),football-data;sofascore;openfootball;transfermarkt,4,False,False
2020-21,2021-05-11,Kasımpaşa,Ankaragücü,3,1,football-data.co.uk (ayna: xgabora/Club-Football-Match-Data-2000-2025),football-data;sofascore;openfootball;transfermarkt,4,False,False
2020-21,2021-05-11,Konyaspor,Trabzonspor,1,1,football-data.co.uk (ayna: xgabora/Club-Football-Match-Data-2000-2025),football-data;sofascore;openfootball;transfermarkt,4,False,False
2020-21,2021-05-11,Yeni Malatyaspor,Hatayspor,1,1,football-data.co.uk (ayna: xgabora/Club-Football-Match-Data-2000-2025),football-data;sofascore;openfootball;transfermarkt,4,False,False
2020-21,2021-05-11,İstanbul Başakşehir,Kayserispor,0,0,football-data.co.uk (ayna: xgabora/Club-Football-Match-Data-2000-2025),football-data;sofascore;openfootball;transfermarkt,4,False,False
2020-21,2021-05-15,Ankaragücü,Alanyaspor,0,1,football-data.co.uk (ayna: xgabora/Club-Football-Match-Data-2000-2025),football-data;sofascore;openfootball;transfermarkt,4,False,False
2020-21,2021-05-15,Antalyaspor,Konyaspor,0,0,football-data.co.uk (ayna: xgabora/Club-Football-Match-Data-2000-2025),football-data;sofascore;openfootball;transfermarkt,4,False,False
2020-21,2021-05-15,Fatih Karagümrük,Denizlispor,5,1,football-data.co.uk (ayna: xgabora/Club-Football-Match-Data-2000-2025),football-data;sofascore;openfootball;transfermarkt,4,False,False
2020-21,2021-05-15,Galatasaray,Yeni Malatyaspor,3,1,football-data.co.uk (ayna: xgabora/Club-Football-Match-Data-2000-2025),football-data;sofascore;openfootball;transfermarkt,4,False,False
2020-21,2021-05-15,Göztepe,Beşiktaş,1,2,football-data.co.uk (ayna: xgabora/Club-Football-Match-Data-2000-2025),football-data;sofascore;openfootball;transfermarkt,4,False,False
2020-21,2021-05-15,Hatayspor,Gaziantep FK,0,1,football-data.co.uk (ayna: xgabora/Club-Football-Match-Data-2000-2025),football-data;sofascore;openfootball;transfermarkt,4,False,False
2020-21,2021-05-15,Kayserispor,Fenerbahçe,1,2,football-data.co.uk (ayna: xgabora/Club-Football-Match-Data-2000-2025),football-data;sofascore;openfootball;transfermarkt,4,False,False
2020-21,2021-05-15,Sivasspor,Kasımpaşa,2,1,football-data.co.uk (ayna: xgabora/Club-Football-Match-Data-2000-2025),football-data;sofascore;openfootball;transfermarkt,4,False,False
2020-21,2021-05-15,Trabzonspor,Gençlerbirliği,2,1,football-data.co.uk (ayna: xgabora/Club-Football-Match-Data-2000-2025),football-data;sofascore;openfootball;transfermarkt,4,False,False
2020-21,2021-05-15,Çaykur Rizespor,İstanbul Başakşehir,0,2,football-data.co.uk (ayna: xgabora/Club-Football-Match-Data-2000-2025),football-data;sofascore;openfootball;transfermarkt,4,False,False
2021-22,2021-08-13,Beşiktaş,Çaykur Rizespor,3,0,football-data.co.uk (ayna: xgabora/Club-Football-Match-Data-2000-2025),football-data;sofascore;transfermarkt,3,False,False
2021-22,2021-08-14,Altay,Kayserispor,3,0,football-data.co.uk (ayna: xgabora/Club-Football-Match-Data-2000-2025),football-data;sofascore;transfermarkt,3,False,False
2021-22,2021-08-14,Fatih Karagümrük,Gaziantep FK,3,2,football-data.co.uk (ayna: xgabora/Club-Football-Match-Data-2000-2025),football-data;sofascore;transfermarkt,3,False,False
2021-22,2021-08-14,Hatayspor,Kasımpaşa,1,1,football-data.co.uk (ayna: xgabora/Club-Football-Match-Data-2000-2025),football-data;sofascore;transfermarkt,3,False,False
2021-22,2021-08-15,Adana Demirspor,Fenerbahçe,0,1,football-data.co.uk (ayna: xgabora/Club-Football-Match-Data-2000-2025),football-data;sofascore;transfermarkt,3,False,False
2021-22,2021-08-15,Antalyaspor,Göztepe,1,1,football-data.co.uk (ayna: xgabora/Club-Football-Match-Data-2000-2025),football-data;sofascore;transfermarkt,3,False,False
2021-22,2021-08-15,İstanbul Başakşehir,Alanyaspor,0,1,football-data.co.uk (ayna: xgabora/Club-Football-Match-Data-2000-2025),football-data;sofascore;transfermarkt,3,False,False
2021-22,2021-08-16,Giresunspor,Galatasaray,0,2,football-data.co.uk (ayna: xgabora/Club-Football-Match-Data-2000-2025),football-data;sofascore;transfermarkt,3,False,False
2021-22,2021-08-16,Sivasspor,Konyaspor,0,1,football-data.co.uk (ayna: xgabora/Club-Football-Match-Data-2000-2025),football-data;sofascore;transfermarkt,3,False,False
2021-22,2021-08-16,Yeni Malatyaspor,Trabzonspor,1,5,football-data.co.uk (ayna: xgabora/Club-Football-Match-Data-2000-2025),football-data;sofascore;transfermarkt,3,False,False
2021-22,2021-08-20,Kayserispor,Adana Demirspor,1,1,football-data.co.uk (ayna: xgabora/Club-Football-Match-Data-2000-2025),football-data;sofascore;transfermarkt,3,False,False
2021-22,2021-08-21,Alanyaspor,Altay,1,4,football-data.co.uk (ayna: xgabora/Club-Football-Match-Data-2000-2025),football-data;sofascore;transfermarkt,3,False,False
2021-22,2021-08-21,Gaziantep FK,Beşiktaş,0,0,football-data.co.uk (ayna: xgabora/Club-Football-Match-Data-2000-2025),football-data;sofascore;transfermarkt,3,False,False
2021-22,2021-08-21,Kasımpaşa,Giresunspor,2,0,football-data.co.uk (ayna: xgabora/Club-Football-Match-Data-2000-2025),football-data;sofascore;transfermarkt,3,False,False
2021-22,2021-08-21,Çaykur Rizespor,Fatih Karagümrük,0,0,football-data.co.uk (ayna: xgabora/Club-Football-Match-Data-2000-2025),football-data;sofascore;transfermarkt,3,False,False
2021-22,2021-08-22,Fenerbahçe,Antalyaspor,2,0,football-data.co.uk (ayna: xgabora/Club-Football-Match-Data-2000-2025),football-data;sofascore;transfermarkt,3,False,False
2021-22,2021-08-22,Göztepe,Yeni Malatyaspor,0,1,football-data.co.uk (ayna: xgabora/Club-Football-Match-Data-2000-2025),football-data;sofascore;transfermarkt,3,False,False
2021-22,2021-08-22,Konyaspor,İstanbul Başakşehir,2,1,football-data.co.uk (ayna: xgabora/Club-Football-Match-Data-2000-2025),football-data;sofascore;transfermarkt,3,False,False
2021-22,2021-08-23,Galatasaray,Hatayspor,2,1,football-data.co.uk (ayna: xgabora/Club-Football-Match-Data-2000-2025),football-data;sofascore;transfermarkt,3,False,False
2021-22,2021-08-23,Trabzonspor,Sivasspor,2,1,football-data.co.uk (ayna: xgabora/Club-Football-Match-Data-2000-2025),football-data;sofascore;transfermarkt,3,False,False
2021-22,2021-08-27,Adana Demirspor,Konyaspor,1,1,football-data.co.uk (ayna: xgabora/Club-Football-Match-Data-2000-2025),football-data;sofascore;transfermarkt,3,False,False
2021-22,2021-08-27,Antalyaspor,Çaykur Rizespor,3,2,football-data.co.uk (ayna: xgabora/Club-Football-Match-Data-2000-2025),football-data;sofascore;transfermarkt,3,False,False
2021-22,2021-08-28,Beşiktaş,Fatih Karagümrük,1,0,football-data.co.uk (ayna: xgabora/Club-Football-Match-Data-2000-2025),football-data;sofascore;transfermarkt,3,False,False
2021-22,2021-08-28,Hatayspor,Alanyaspor,5,0,football-data.co.uk (ayna: xgabora/Club-Football-Match-Data-2000-2025),football-data;sofascore;transfermarkt,3,False,False
2021-22,2021-08-28,Yeni Malatyaspor,Gaziantep FK,2,0,football-data.co.uk (ayna: xgabora/Club-Football-Match-Data-2000-2025),football-data;sofascore;transfermarkt,3,False,False
2021-22,2021-08-28,İstanbul Başakşehir,Kayserispor,0,1,football-data.co.uk (ayna: xgabora/Club-Football-Match-Data-2000-2025),football-data;sofascore;transfermarkt,3,False,False
2021-22,2021-08-29,Altay,Fenerbahçe,0,2,football-data.co.uk (ayna: xgabora/Club-Football-Match-Data-2000-2025),football-data;sofascore;transfermarkt,3,False,False
2021-22,2021-08-29,Giresunspor,Trabzonspor,0,1,football-data.co.uk (ayna: xgabora/Club-Football-Match-Data-2000-2025),football-data;sofascore;transfermarkt,3,False,False
2021-22,2021-08-29,Kasımpaşa,Galatasaray,2,2,football-data.co.uk (ayna: xgabora/Club-Football-Match-Data-2000-2025),football-data;sofascore;transfermarkt,3,False,False
2021-22,2021-08-29,Sivasspor,Göztepe,2,2,football-data.co.uk (ayna: xgabora/Club-Football-Match-Data-2000-2025),football-data;sofascore;transfermarkt,3,False,False
2021-22,2021-09-11,Beşiktaş,Yeni Malatyaspor,3,0,football-data.co.uk (ayna: xgabora/Club-Football-Match-Data-2000-2025),football-data;sofascore;transfermarkt,3,False,False
2021-22,2021-09-11,Fatih Karagümrük,Adana Demirspor,4,0,football-data.co.uk (ayna: xgabora/Club-Football-Match-Data-2000-2025),football-data;sofascore;transfermarkt,3,False,False
2021-22,2021-09-11,Kayserispor,Kasımpaşa,2,0,football-data.co.uk (ayna: xgabora/Club-Football-Match-Data-2000-2025),football-data;sofascore;transfermarkt,3,False,False
2021-22,2021-09-11,Konyaspor,Altay,3,1,football-data.co.uk (ayna: xgabora/Club-Football-Match-Data-2000-2025),football-data;sofascore;transfermarkt,3,False,False
2021-22,2021-09-12,Fenerbahçe,Sivasspor,1,1,football-data.co.uk (ayna: xgabora/Club-Football-Match-Data-2000-2025),football-data;sofascore;transfermarkt,3,False,False
2021-22,2021-09-12,Göztepe,İstanbul Başakşehir,2,1,football-data.co.uk (ayna: xgabora/Club-Football-Match-Data-2000-2025),football-data;sofascore;transfermarkt,3,False,False
2021-22,2021-09-12,Trabzonspor,Galatasaray,2,2,football-data.co.uk (ayna: xgabora/Club-Football-Match-Data-2000-2025),football-data;sofascore;transfermarkt,3,False,False
2021-22,2021-09-12,Çaykur Rizespor,Hatayspor,0,2,football-data.co.uk (ayna: xgabora/Club-Football-Match-Data-2000-2025),football-data;sofascore;transfermarkt,3,False,False
2021-22,2021-09-13,Alanyaspor,Giresunspor,1,0,football-data.co.uk (ayna: xgabora/Club-Football-Match-Data-2000-2025),football-data;sofascore;transfermarkt,3,False,False
2021-22,2021-09-13,Gaziantep FK,Antalyaspor,2,0,football-data.co.uk (ayna: xgabora/Club-Football-Match-Data-2000-2025),football-data;sofascore;transfermarkt,3,False,False
2021-22,2021-09-17,Altay,Göztepe,2,1,football-data.co.uk (ayna: xgabora/Club-Football-Match-Data-2000-2025),football-data;sofascore;transfermarkt,3,False,False
2021-22,2021-09-17,Yeni Malatyaspor,Fatih Karagümrük,3,4,football-data.co.uk (ayna: xgabora/Club-Football-Match-Data-2000-2025),football-data;sofascore;transfermarkt,3,False,False
2021-22,2021-09-18,Adana Demirspor,Çaykur Rizespor,3,1,football-data.co.uk (ayna: xgabora/Club-Football-Match-Data-2000-2025),football-data;sofascore;transfermarkt,3,False,False
2021-22,2021-09-18,Antalyaspor,Beşiktaş,2,3,football-data.co.uk (ayna: xgabora/Club-Football-Match-Data-2000-2025),football-data;sofascore;transfermarkt,3,False,False
2021-22,2021-09-18,Kasımpaşa,Trabzonspor,0,1,football-data.co.uk (ayna: xgabora/Club-Football-Match-Data-2000-2025),football-data;sofascore;transfermarkt,3,False,False
2021-22,2021-09-18,Sivasspor,Gaziantep FK,1,1,football-data.co.uk (ayna: xgabora/Club-Football-Match-Data-2000-2025),football-data;sofascore;transfermarkt,3,False,False
2021-22,2021-09-19,Galatasaray,Alanyaspor,0,1,football-data.co.uk (ayna: xgabora/Club-Football-Match-Data-2000-2025),football-data;sofascore;transfermarkt,3,False,False
2021-22,2021-09-19,Giresunspor,Konyaspor,0,0,football-data.co.uk (ayna: xgabora/Club-Football-Match-Data-2000-2025),football-data;sofascore;transfermarkt,3,False,False
2021-22,2021-09-19,Hatayspor,Kayserispor,2,1,football-data.co.uk (ayna: xgabora/Club-Football-Match-Data-2000-2025),football-data;sofascore;transfermarkt,3,False,False
2021-22,2021-09-19,İstanbul Başakşehir,Fenerbahçe,2,0,football-data.co.uk (ayna: xgabora/Club-Football-Match-Data-2000-2025),football-data;sofascore;transfermarkt,3,False,False
2021-22,2021-09-21,Beşiktaş,Adana Demirspor,3,3,football-data.co.uk (ayna: xgabora/Club-Football-Match-Data-2000-2025),football-data;sofascore;transfermarkt,3,False,False
2021-22,2021-09-21,Fatih Karagümrük,Antalyaspor,0,0,football-data.co.uk (ayna: xgabora/Club-Football-Match-Data-2000-2025),football-data;sofascore;transfermarkt,3,False,False
2021-22,2021-09-21,Yeni Malatyaspor,Sivasspor,0,1,football-data.co.uk (ayna: xgabora/Club-Football-Match-Data-2000-2025),football-data;sofascore;transfermarkt,3,False,False
2021-22,2021-09-21,Çaykur Rizespor,Altay,1,2,football-data.co.uk (ayna: xgabora/Club-Football-Match-Data-2000-2025),football-data;sofascore;transfermarkt,3,False,False
2021-22,2021-09-22,Gaziantep FK,İstanbul Başakşehir,1,0,football-data.co.uk (ayna: xgabora/Club-Football-Match-Data-2000-2025),football-data;sofascore;transfermarkt,3,False,False
2021-22,2021-09-22,Göztepe,Hatayspor,0,2,football-data.co.uk (ayna: xgabora/Club-Football-Match-Data-2000-2025),football-data;sofascore;transfermarkt,3,False,False
2021-22,2021-09-22,Kayserispor,Galatasaray,3,0,football-data.co.uk (ayna: xgabora/Club-Football-Match-Data-2000-2025),football-data;sofascore;transfermarkt,3,False,False
2021-22,2021-09-23,Alanyaspor,Kasımpaşa,2,0,football-data.co.uk (ayna: xgabora/Club-Football-Match-Data-2000-2025),football-data;sofascore;transfermarkt,3,False,False
2021-22,2021-09-23,Fenerbahçe,Giresunspor,2,1,football-data.co.uk (ayna: xgabora/Club-Football-Match-Data-2000-2025),football-data;sofascore;transfermarkt,3,False,False
2021-22,2021-09-23,Konyaspor,Trabzonspor,2,2,football-data.co.uk (ayna: xgabora/Club-Football-Match-Data-2000-2025),football-data;sofascore;transfermarkt,3,False,False
2021-22,2021-09-24,Altay,Beşiktaş,2,1,football-data.co.uk (ayna: xgabora/Club-Football-Match-Data-2000-2025),football-data;sofascore;transfermarkt,3,False,False
2021-22,2021-09-25,Adana Demirspor,Gaziantep FK,4,0,football-data.co.uk (ayna: xgabora/Club-Football-Match-Data-2000-2025),football-data;sofascore;transfermarkt,3,False,False
2021-22,2021-09-25,Antalyaspor,Yeni Malatyaspor,1,0,football-data.co.uk (ayna: xgabora/Club-Football-Match-Data-2000-2025),football-data;sofascore;transfermarkt,3,False,False
2021-22,2021-09-25,Sivasspor,Fatih Karagümrük,4,0,football-data.co.uk (ayna: xgabora/Club-Football-Match-Data-2000-2025),football-data;sofascore;transfermarkt,3,False,False
2021-22,2021-09-26,Galatasaray,Göztepe,2,1,football-data.co.uk (ayna: xgabora/Club-Football-Match-Data-2000-2025),football-data;sofascore;transfermarkt,3,False,False
2021-22,2021-09-26,Giresunspor,Kayserispor,1,1,football-data.co.uk (ayna: xgabora/Club-Football-Match-Data-2000-2025),football-data;sofascore;transfermarkt,3,False,False
2021-22,2021-09-26,Hatayspor,Fenerbahçe,1,2,football-data.co.uk (ayna: xgabora/Club-Football-Match-Data-2000-2025),football-data;sofascore;transfermarkt,3,False,False
2021-22,2021-09-26,İstanbul Başakşehir,Çaykur Rizespor,3,0,football-data.co.uk (ayna: xgabora/Club-Football-Match-Data-2000-2025),football-data;sofascore;transfermarkt,3,False,False
2021-22,2021-09-27,Kasımpaşa,Konyaspor,2,2,football-data.co.uk (ayna: xgabora/Club-Football-Match-Data-2000-2025),football-data;sofascore;transfermarkt,3,False,False
2021-22,2021-09-27,Trabzonspor,Alanyaspor,1,1,football-data.co.uk (ayna: xgabora/Club-Football-Match-Data-2000-2025),football-data;sofascore;transfermarkt,3,False,False
2021-22,2021-10-01,Antalyaspor,Adana Demirspor,1,2,football-data.co.uk (ayna: xgabora/Club-Football-Match-Data-2000-2025),football-data;sofascore;transfermarkt,3,False,False
2021-22,2021-10-01,Fatih Karagümrük,İstanbul Başakşehir,3,1,football-data.co.uk (ayna: xgabora/Club-Football-Match-Data-2000-2025),football-data;sofascore;transfermarkt,3,False,False
2021-22,2021-10-02,Beşiktaş,Sivasspor,2,1,football-data.co.uk (ayna: xgabora/Club-Football-Match-Data-2000-2025),football-data;sofascore;transfermarkt,3,False,False
2021-22,2021-10-02,Göztepe,Giresunspor,0,1,football-data.co.uk (ayna: xgabora/Club-Football-Match-Data-2000-2025),football-data;sofascore;transfermarkt,3,False,False
2021-22,2021-10-02,Kayserispor,Trabzonspor,1,2,football-data.co.uk (ayna: xgabora/Club-Football-Match-Data-2000-2025),football-data;sofascore;transfermarkt,3,False,False
2021-22,2021-10-02,Konyaspor,Alanyaspor,1,1,football-data.co.uk (ayna: xgabora/Club-Football-Match-Data-2000-2025),football-data;sofascore;transfermarkt,3,False,False
2021-22,2021-10-03,Fenerbahçe,Kasımpaşa,2,1,football-data.co.uk (ayna: xgabora/Club-Football-Match-Data-2000-2025),football-data;sofascore;transfermarkt,3,False,False
2021-22,2021-10-03,Gaziantep FK,Altay,4,1,football-data.co.uk (ayna: xgabora/Club-Football-Match-Data-2000-2025),football-data;sofascore;transfermarkt,3,False,False
2021-22,2021-10-03,Yeni Malatyaspor,Hatayspor,0,2,football-data.co.uk (ayna: xgabora/Club-Football-Match-Data-2000-2025),football-data;sofascore;transfermarkt,3,False,False
2021-22,2021-10-03,Çaykur Rizespor,Galatasaray,2,3,football-data.co.uk (ayna: xgabora/Club-Football-Match-Data-2000-2025),football-data;sofascore;transfermarkt,3,False,False
2021-22,2021-10-15,İstanbul Başakşehir,Beşiktaş,3,2,football-data.co.uk (ayna: xgabora/Club-Football-Match-Data-2000-2025),football-data;sofascore;transfermarkt,3,False,False
2021-22,2021-10-16,Adana Demirspor,Yeni Malatyaspor,0,2,football-data.co.uk (ayna: xgabora/Club-Football-Match-Data-2000-2025),football-data;sofascore;transfermarkt,3,False,False
2021-22,2021-10-16,Giresunspor,Çaykur Rizespor,2,0,football-data.co.uk (ayna: xgabora/Club-Football-Match-Data-2000-2025),football-data;sofascore;transfermarkt,3,False,False
2021-22,2021-10-16,Sivasspor,Antalyaspor,2,2,football-data.co.uk (ayna: xgabora/Club-Football-Match-Data-2000-2025),football-data;sofascore;transfermarkt,3,False,False
2021-22,2021-10-17,Altay,Fatih Karagümrük,0,1,football-data.co.uk (ayna: xgabora/Club-Football-Match-Data-2000-2025),football-data;sofascore;transfermarkt,3,False,False
2021-22,2021-10-17,Galatasaray,Konyaspor,1,0,football-data.co.uk (ayna: xgabora/Club-Football-Match-Data-2000-2025),football-data;sofascore;transfermarkt,3,False,False
2021-22,2021-10-17,Kasımpaşa,Göztepe,1,2,football-data.co.uk (ayna: xgabora/Club-Football-Match-Data-2000-2025),football-data;sofascore;transfermarkt,3,False,False
2021-22,2021-10-17,Trabzonspor,Fenerbahçe,3,1,football-data.co.uk (ayna: xgabora/Club-Football-Match-Data-2000-2025),football-data;sofascore;transfermarkt,3,False,False
2021-22,2021-10-18,Alanyaspor,Kayserispor,6,3,football-data.co.uk (ayna: xgabora/Club-Football-Match-Data-2000-2025),football-data;sofascore;transfermarkt,3,False,False
2021-22,2021-10-18,Hatayspor,Gaziantep FK,2,1,football-data.co.uk (ayna: xgabora/Club-Football-Match-Data-2000-2025),football-data;sofascore;transfermarkt,3,False,False
2021-22,2021-10-22,Yeni Malatyaspor,Altay,2,1,football-data.co.uk (ayna: xgabora/Club-Football-Match-Data-2000-2025),football-data;sofascore;transfermarkt,3,False,False
2021-22,2021-10-23,Gaziantep FK,Giresunspor,1,1,football-data.co.uk (ayna: xgabora/Club-Football-Match-Data-2000-2025),football-data;sofascore;transfermarkt,3,False,False
2021-22,2021-10-23,Göztepe,Trabzonspor,0,1,football-data.co.uk (ayna: xgabora/Club-Football-Match-Data-2000-2025),football-data;sofascore;transfermarkt,3,False,False
2021-22,2021-10-23,Konyaspor,Kayserispor,2,0,football-data.co.uk (ayna: xgabora/Club-Football-Match-Data-2000-2025),football-data;sofascore;transfermarkt,3,False,False
2021-22,2021-10-23,Çaykur Rizespor,Kasımpaşa,2,1,football-data.co.uk (ayna: xgabora/Club-Football-Match-Data-2000-2025),football-data;sofascore;transfermarkt,3,False,False
2021-22,2021-10-24,Antalyaspor,İstanbul Başakşehir,1,2,football-data.co.uk (ayna: xgabora/Club-Football-Match-Data-2000-2025),football-data;sofascore;transfermarkt,3,False,False
2021-22,2021-10-24,Fatih Karagümrük,Hatayspor,1,1,football-data.co.uk (ayna: xgabora/Club-Football-Match-Data-2000-2025),football-data;sofascore;transfermarkt,3,False,False
2021-22,2021-10-24,Fenerbahçe,Alanyaspor,1,2,football-data.co.uk (ayna: xgabora/Club-Football-Match-Data-2000-2025),football-data;sofascore;transfermarkt,3,False,False
2021-22,2021-10-24,Sivasspor,Adana Demirspor,1,1,football-data.co.uk (ayna: xgabora/Club-Football-Match-Data-2000-2025),football-data;sofascore;transfermarkt,3,False,False
2021-22,2021-10-25,Beşiktaş,Galatasaray,2,1,football-data.co.uk (ayna: xgabora/Club-Football-Match-Data-2000-2025),football-data;sofascore;transfermarkt,3,False,False
2021-22,2021-10-29,Trabzonspor,Çaykur Rizespor,2,1,football-data.co.uk (ayna: xgabora/Club-Football-Match-Data-2000-2025),football-data;sofascore;transfermarkt,3,False,False
2021-22,2021-10-30,Altay,Sivasspor,1,1,football-data.co.uk (ayna: xgabora/Club-Football-Match-Data-2000-2025),football-data;sofascore;transfermarkt,3,False,False
2021-22,2021-10-30,Hatayspor,Beşiktaş,1,0,football-data.co.uk (ayna: xgabora/Club-Football-Match-Data-2000-2025),football-data;sofascore;transfermarkt,3,False,False
2021-22,2021-10-30,Kasımpaşa,Yeni Malatyaspor,2,0,football-data.co.uk (ayna: xgabora/Club-Football-Match-Data-2000-2025),football-data;sofascore;transfermarkt,3,False,False
2021-22,2021-10-30,Konyaspor,Fenerbahçe,2,1,football-data.co.uk (ayna: xgabora/Club-Football-Match-Data-2000-2025),football-data;sofascore;transfermarkt,3,False,False
2021-22,2021-10-31,Alanyaspor,Göztepe,2,2,football-data.co.uk (ayna: xgabora/Club-Football-Match-Data-2000-2025),football-data;sofascore;transfermarkt,3,False,False
2021-22,2021-10-31,Galatasaray,Gaziantep FK,2,0,football-data.co.uk (ayna: xgabora/Club-Football-Match-Data-2000-2025),football-data;sofascore;transfermarkt,3,False,False
2021-22,2021-10-31,Kayserispor,Fatih Karagümrük,2,1,football-data.co.uk (ayna: xgabora/Club-Football-Match-Data-2000-2025),football-data;sofascore;transfermarkt,3,False,False
2021-22,2021-11-01,Giresunspor,Antalyaspor,1,2,football-data.co.uk (ayna: xgabora/Club-Football-Match-Data-2000-2025),football-data;sofascore;transfermarkt,3,False,False
2021-22,2021-11-01,İstanbul Başakşehir,Adana Demirspor,2,1,football-data.co.uk (ayna: xgabora/Club-Football-Match-Data-2000-2025),football-data;sofascore;transfermarkt,3,False,False
2021-22,2021-11-05,Gaziantep FK,Kasımpaşa,2,0,football-data.co.uk (ayna: xgabora/Club-Football-Match-Data-2000-2025),football-data;sofascore;transfermarkt,3,False,False
2021-22,2021-11-05,Çaykur Rizespor,Alanyaspor,2,0,football-data.co.uk (ayna: xgabora/Club-Football-Match-Data-2000-2025),football-data;sofascore;transfermarkt,3,False,False
2021-22,2021-11-06,Antalyaspor,Altay,1,0,football-data.co.uk (ayna: xgabora/Club-Football-Match-Data-2000-2025),football-data;sofascore;transfermarkt,3,False,False
2021-22,2021-11-06,Beşiktaş,Trabzonspor,1,2,football-data.co.uk (ayna: xgabora/Club-Football-Match-Data-2000-2025),football-data;sofascore;transfermarkt,3,False,False
2021-22,2021-11-06,Sivasspor,Giresunspor,0,0,football-data.co.uk (ayna: xgabora/Club-Football-Match-Data-2000-2025),football-data;sofascore;transfermarkt,3,False,False
2021-22,2021-11-06,Yeni Malatyaspor,İstanbul Başakşehir,1,3,football-data.co.uk (ayna: xgabora/Club-Football-Match-Data-2000-2025),football-data;sofascore;transfermarkt,3,False,False
2021-22,2021-11-07,Adana Demirspor,Hatayspor,1,0,football-data.co.uk (ayna: xgabora/Club-Football-Match-Data-2000-2025),football-data;sofascore;transfermarkt,3,False,False
2021-22,2021-11-07,Fatih Karagümrük,Galatasaray,1,1,football-data.co.uk (ayna: xgabora/Club-Football-Match-Data-2000-2025),football-data;sofascore;transfermarkt,3,False,False
2021-22,2021-11-07,Fenerbahçe,Kayserispor,2,2,football-data.co.uk (ayna: xgabora/Club-Football-Match-Data-2000-2025),football-data;sofascore;transfermarkt,3,False,False
2021-22,2021-11-07,Göztepe,Konyaspor,0,2,football-data.co.uk (ayna: xgabora/Club-Football-Match-Data-2000-2025),football-data;sofascore;transfermarkt,3,False,False
2021-22,2021-11-20,Alanyaspor,Beşiktaş,2,0,football-data.co.uk (ayna: xgabora/Club-Football-Match-Data-2000-2025),football-data;sofascore;transfermarkt,3,False,False
2021-22,2021-11-20,Giresunspor,Yeni Malatyaspor,1,0,football-data.co.uk (ayna: xgabora/Club-Football-Match-Data-2000-2025),football-data;sofascore;transfermarkt,3,False,False
2021-22,2021-11-20,Hatayspor,Antalyaspor,3,1,football-data.co.uk (ayna: xgabora/Club-Football-Match-Data-2000-2025),football-data;sofascore;transfermarkt,3,False,False
2021-22,2021-11-20,İstanbul Başakşehir,Sivasspor,2,1,football-data.co.uk (ayna: xgabora/Club-Football-Match-Data-2000-2025),football-data;sofascore;transfermarkt,3,False,False
2021-22,2021-11-21,Altay,Adana Demirspor,1,3,football-data.co.uk (ayna: xgabora/Club-Football-Match-Data-2000-2025),football-data;sofascore;transfermarkt,3,False,False
2021-22,2021-11-21,Galatasaray,Fenerbahçe,1,2,football-data.co.uk (ayna: xgabora/Club-Football-Match-Data-2000-2025),football-data;sofascore;transfermarkt,3,False,False
2021-22,2021-11-21,Kasımpaşa,Fatih Karagümrük,1,3,football-data.co.uk (ayna: xgabora/Club-Football-Match-Data-2000-2025),football-data;sofascore;transfermarkt,3,False,False
2021-22,2021-11-21,Konyaspor,Çaykur Rizespor,3,0,football-data.co.uk (ayna: xgabora/Club-Football-Match-Data-2000-2025),football-data;sofascore;transfermarkt,3,False,False
2021-22,2021-11-22,Kayserispor,Göztepe,1,1,football-data.co.uk (ayna: xgabora/Club-Football-Match-Data-2000-2025),football-data;sofascore;transfermarkt,3,False,False
2021-22,2021-11-22,Trabzonspor,Gaziantep FK,3,0,football-data.co.uk (ayna: xgabora/Club-Football-Match-Data-2000-2025),football-data;sofascore;transfermarkt,3,False,False
2021-22,2021-11-26,Adana Demirspor,Kasımpaşa,0,0,football-data.co.uk (ayna: xgabora/Club-Football-Match-Data-2000-2025),football-data;sofascore;transfermarkt,3,False,False
2021-22,2021-11-26,İstanbul Başakşehir,Altay,0,0,football-data.co.uk (ayna: xgabora/Club-Football-Match-Data-2000-2025),football-data;sofascore;transfermarkt,3,False,False
2021-22,2021-11-27,Antalyaspor,Alanyaspor,3,0,football-data.co.uk (ayna: xgabora/Club-Football-Match-Data-2000-2025),football-data;sofascore;transfermarkt,3,False,False
2021-22,2021-11-27,Beşiktaş,Giresunspor,0,4,football-data.co.uk (ayna: xgabora/Club-Football-Match-Data-2000-2025),football-data;sofascore;transfermarkt,3,False,False
2021-22,2021-11-27,Çaykur Rizespor,Kayserispor,1,0,football-data.co.uk (ayna: xgabora/Club-Football-Match-Data-2000-2025),football-data;sofascore;transfermarkt,3,False,False
2021-22,2021-11-28,Fatih Karagümrük,Trabzonspor,0,2,football-data.co.uk (ayna: xgabora/Club-Football-Match-Data-2000-2025),football-data;sofascore;transfermarkt,3,False,False
2021-22,2021-11-28,Gaziantep FK,Konyaspor,3,2,football-data.co.uk (ayna: xgabora/Club-Football-Match-Data-2000-2025),football-data;sofascore;transfermarkt,3,False,False
2021-22,2021-11-28,Sivasspor,Hatayspor,4,0,football-data.co.uk (ayna: xgabora/Club-Football-Match-Data-2000-2025),football-data;sofascore;transfermarkt,3,False,False
2021-22,2021-11-28,Yeni Malatyaspor,Galatasaray,0,0,football-data.co.uk (ayna: xgabora/Club-Football-Match-Data-2000-2025),football-data;sofascore;transfermarkt,3,False,False
2021-22,2021-11-29,Göztepe,Fenerbahçe,1,1,football-data.co.uk (ayna: xgabora/Club-Football-Match-Data-2000-2025),football-data;sofascore;transfermarkt,3,False,False
2021-22,2021-12-03,Kasımpaşa,Beşiktaş,1,1,football-data.co.uk (ayna: xgabora/Club-Football-Match-Data-2000-2025),football-data;sofascore;transfermarkt,3,False,False
2021-22,2021-12-04,Alanyaspor,Sivasspor,0,1,football-data.co.uk (ayna: xgabora/Club-Football-Match-Data-2000-2025),football-data;sofascore;transfermarkt,3,False,False
2021-22,2021-12-04,Galatasaray,Altay,2,2,football-data.co.uk (ayna: xgabora/Club-Football-Match-Data-2000-2025),football-data;sofascore;transfermarkt,3,False,False
2021-22,2021-12-04,Trabzonspor,Adana Demirspor,2,0,football-data.co.uk (ayna: xgabora/Club-Football-Match-Data-2000-2025),football-data;sofascore;transfermarkt,3,False,False
2021-22,2021-12-05,Fenerbahçe,Çaykur Rizespor,4,0,football-data.co.uk (ayna: xgabora/Club-Football-Match-Data-2000-2025),football-data;sofascore;transfermarkt,3,False,False
2021-22,2021-12-05,Giresunspor,Fatih Karagümrük,3,1,football-data.co.uk (ayna: xgabora/Club-Football-Match-Data-2000-2025),football-data;sofascore;transfermarkt,3,False,False
2021-22,2021-12-05,Hatayspor,İstanbul Başakşehir,0,3,football-data.co.uk (ayna: xgabora/Club-Football-Match-Data-2000-2025),football-data;sofascore;transfermarkt,3,False,False
2021-22,2021-12-05,Kayserispor,Antalyaspor,2,0,football-data.co.uk (ayna: xgabora/Club-Football-Match-Data-2000-2025),football-data;sofascore;transfermarkt,3,False,False
2021-22,2021-12-06,Göztepe,Gaziantep FK,2,1,football-data.co.uk (ayna: xgabora/Club-Football-Match-Data-2000-2025),football-data;sofascore;transfermarkt,3,False,False
2021-22,2021-12-06,Konyaspor,Yeni Malatyaspor,0,0,football-data.co.uk (ayna: xgabora/Club-Football-Match-Data-2000-2025),football-data;sofascore;transfermarkt,3,False,False
2021-22,2021-12-10,Altay,Hatayspor,1,2,football-data.co.uk (ayna: xgabora/Club-Football-Match-Data-2000-2025),football-data;sofascore;transfermarkt,3,False,False
2021-22,2021-12-11,Antalyaspor,Trabzonspor,2,1,football-data.co.uk (ayna: xgabora/Club-Football-Match-Data-2000-2025),football-data;sofascore;transfermarkt,3,False,False
2021-22,2021-12-11,Fatih Karagümrük,Konyaspor,1,4,football-data.co.uk (ayna: xgabora/Club-Football-Match-Data-2000-2025),football-data;sofascore;transfermarkt,3,False,False
2021-22,2021-12-11,Çaykur Rizespor,Göztepe,3,1,football-data.co.uk (ayna: xgabora/Club-Football-Match-Data-2000-2025),football-data;sofascore;transfermarkt,3,False,False
2021-22,2021-12-11,İstanbul Başakşehir,Kasımpaşa,2,1,football-data.co.uk (ayna: xgabora/Club-Football-Match-Data-2000-2025),football-data;sofascore;transfermarkt,3,False,False
2021-22,2021-12-12,Adana Demirspor,Giresunspor,1,0,football-data.co.uk (ayna: xgabora/Club-Football-Match-Data-2000-2025),football-data;sofascore;transfermarkt,3,False,False
2021-22,2021-12-12,Beşiktaş,Kayserispor,4,2,football-data.co.uk (ayna: xgabora/Club-Football-Match-Data-2000-2025),football-data;sofascore;transfermarkt,3,False,False
2021-22,2021-12-12,Yeni Malatyaspor,Alanyaspor,2,6,football-data.co.uk (ayna: xgabora/Club-Football-Match-Data-2000-2025),football-data;sofascore;transfermarkt,3,False,False
2021-22,2021-12-13,Gaziantep FK,Fenerbahçe,3,2,football-data.co.uk (ayna: xgabora/Club-Football-Match-Data-2000-2025),football-data;sofascore;transfermarkt,3,False,False
2021-22,2021-12-13,Sivasspor,Galatasaray,1,0,football-data.co.uk (ayna: xgabora/Club-Football-Match-Data-2000-2025),football-data;sofascore;transfermarkt,3,False,False
2021-22,2021-12-17,Giresunspor,Altay,3,1,football-data.co.uk (ayna: xgabora/Club-Football-Match-Data-2000-2025),football-data;sofascore;transfermarkt,3,False,False
2021-22,2021-12-18,Alanyaspor,Adana Demirspor,1,3,football-data.co.uk (ayna: xgabora/Club-Football-Match-Data-2000-2025),football-data;sofascore;transfermarkt,3,False,False
2021-22,2021-12-18,Galatasaray,İstanbul Başakşehir,1,1,football-data.co.uk (ayna: xgabora/Club-Football-Match-Data-2000-2025),football-data;sofascore;transfermarkt,3,False,False
2021-22,2021-12-18,Kasımpaşa,Sivasspor,1,3,football-data.co.uk (ayna: xgabora/Club-Football-Match-Data-2000-2025),football-data;sofascore;transfermarkt,3,False,False
2021-22,2021-12-18,Konyaspor,Antalyaspor,1,0,football-data.co.uk (ayna: xgabora/Club-Football-Match-Data-2000-2025),football-data;sofascore;transfermarkt,3,False,False
2021-22,2021-12-18,Trabzonspor,Hatayspor,2,0,football-data.co.uk (ayna: xgabora/Club-Football-Match-Data-2000-2025),football-data;sofascore;transfermarkt,3,False,False
2021-22,2021-12-19,Fenerbahçe,Beşiktaş,2,2,football-data.co.uk (ayna: xgabora/Club-Football-Match-Data-2000-2025),football-data;sofascore;transfermarkt,3,False,False
2021-22,2021-12-19,Göztepe,Fatih Karagümrük,0,1,football-data.co.uk (ayna: xgabora/Club-Football-Match-Data-2000-2025),football-data;sofascore;transfermarkt,3,False,False
2021-22,2021-12-19,Kayserispor,Gaziantep FK,0,0,football-data.co.uk (ayna: xgabora/Club-Football-Match-Data-2000-2025),football-data;sofascore;transfermarkt,3,False,False
2021-22,2021-12-19,Çaykur Rizespor,Yeni Malatyaspor,1,0,football-data.co.uk (ayna: xgabora/Club-Football-Match-Data-2000-2025),football-data;sofascore;transfermarkt,3,False,False
2021-22,2021-12-21,Adana Demirspor,Galatasaray,2,0,football-data.co.uk (ayna: xgabora/Club-Football-Match-Data-2000-2025),football-data;sofascore;transfermarkt,3,False,False
2021-22,2021-12-21,Altay,Trabzonspor,1,2,football-data.co.uk (ayna: xgabora/Club-Football-Match-Data-2000-2025),football-data;sofascore;transfermarkt,3,False,False
2021-22,2021-12-21,Antalyaspor,Kasımpaşa,1,1,football-data.co.uk (ayna: xgabora/Club-Football-Match-Data-2000-2025),football-data;sofascore;transfermarkt,3,False,False
2021-22,2021-12-21,İstanbul Başakşehir,Giresunspor,3,1,football-data.co.uk (ayna: xgabora/Club-Football-Match-Data-2000-2025),football-data;sofascore;transfermarkt,3,False,False
2021-22,2021-12-22,Fatih Karagümrük,Fenerbahçe,1,1,football-data.co.uk (ayna: xgabora/Club-Football-Match-Data-2000-2025),football-data;sofascore;transfermarkt,3,False,False
2021-22,2021-12-22,Gaziantep FK,Alanyaspor,2,1,football-data.co.uk (ayna: xgabora/Club-Football-Match-Data-2000-2025),football-data;sofascore;transfermarkt,3,False,False
2021-22,2021-12-22,Hatayspor,Konyaspor,1,3,football-data.co.uk (ayna: xgabora/Club-Football-Match-Data-2000-2025),football-data;sofascore;transfermarkt,3,False,False
2021-22,2021-12-22,Sivasspor,Çaykur Rizespor,1,1,football-data.co.uk (ayna: xgabora/Club-Football-Match-Data-2000-2025),football-data;sofascore;transfermarkt,3,False,False
2021-22,2021-12-23,Beşiktaş,Göztepe,2,1,football-data.co.uk (ayna: xgabora/Club-Football-Match-Data-2000-2025),football-data;sofascore;transfermarkt,3,False,False
2021-22,2021-12-23,Yeni Malatyaspor,Kayserispor,2,2,football-data.co.uk (ayna: xgabora/Club-Football-Match-Data-2000-2025),football-data;sofascore;transfermarkt,3,False,False
2021-22,2021-12-25,Galatasaray,Antalyaspor,2,0,football-data.co.uk (ayna: xgabora/Club-Football-Match-Data-2000-2025),football-data;sofascore;transfermarkt,3,False,False
2021-22,2021-12-25,Giresunspor,Hatayspor,0,1,football-data.co.uk (ayna: xgabora/Club-Football-Match-Data-2000-2025),football-data;sofascore;transfermarkt,3,False,False
2021-22,2021-12-25,Kasımpaşa,Altay,2,0,football-data.co.uk (ayna: xgabora/Club-Football-Match-Data-2000-2025),football-data;sofascore;transfermarkt,3,False,False
2021-22,2021-12-25,Trabzonspor,İstanbul Başakşehir,0,0,football-data.co.uk (ayna: xgabora/Club-Football-Match-Data-2000-2025),football-data;sofascore;transfermarkt,3,False,False
2021-22,2021-12-26,Alanyaspor,Fatih Karagümrük,1,1,football-data.co.uk (ayna: xgabora/Club-Football-Match-Data-2000-2025),football-data;sofascore;transfermarkt,3,False,False
2021-22,2021-12-26,Fenerbahçe,Yeni Malatyaspor,2,0,football-data.co.uk (ayna: xgabora/Club-Football-Match-Data-2000-2025),football-data;sofascore;transfermarkt,3,False,False
2021-22,2021-12-26,Göztepe,Adana Demirspor,1,1,football-data.co.uk (ayna: xgabora/Club-Football-Match-Data-2000-2025),football-data;sofascore;transfermarkt,3,False,False
2021-22,2021-12-26,Çaykur Rizespor,Gaziantep FK,0,1,football-data.co.uk (ayna: xgabora/Club-Football-Match-Data-2000-2025),football-data;sofascore;transfermarkt,3,False,False
2021-22,2021-12-27,Kayserispor,Sivasspor,3,0,football-data.co.uk (ayna: xgabora/Club-Football-Match-Data-2000-2025),football-data;sofascore;transfermarkt,3,False,False
2021-22,2021-12-27,Konyaspor,Beşiktaş,1,0,football-data.co.uk (ayna: xgabora/Club-Football-Match-Data-2000-2025),football-data;sofascore;transfermarkt,3,False,False
2021-22,2022-01-07,Trabzonspor,Yeni Malatyaspor,1,0,football-data.co.uk (ayna: xgabora/Club-Football-Match-Data-2000-2025),football-data;sofascore;transfermarkt,3,False,False
2021-22,2022-01-08,Alanyaspor,İstanbul Başakşehir,1,1,football-data.co.uk (ayna: xgabora/Club-Football-Match-Data-2000-2025),football-data;sofascore;transfermarkt,3,False,False
2021-22,2022-01-08,Galatasaray,Giresunspor,0,1,football-data.co.uk (ayna: xgabora/Club-Football-Match-Data-2000-2025),football-data;sofascore;transfermarkt,3,False,False
2021-22,2022-01-08,Gaziantep FK,Fatih Karagümrük,3,1,football-data.co.uk (ayna: xgabora/Club-Football-Match-Data-2000-2025),football-data;sofascore;transfermarkt,3,False,False
2021-22,2022-01-08,Kasımpaşa,Hatayspor,3,1,football-data.co.uk (ayna: xgabora/Club-Football-Match-Data-2000-2025),football-data;sofascore;transfermarkt,3,False,False
2021-22,2022-01-09,Göztepe,Antalyaspor,4,0,football-data.co.uk (ayna: xgabora/Club-Football-Match-Data-2000-2025),football-data;sofascore;transfermarkt,3,False,False
2021-22,2022-01-09,Kayserispor,Altay,1,0,football-data.co.uk (ayna: xgabora/Club-Football-Match-Data-2000-2025),football-data;sofascore;transfermarkt,3,False,False
2021-22,2022-01-09,Konyaspor,Sivasspor,0,1,football-data.co.uk (ayna: xgabora/Club-Football-Match-Data-2000-2025),football-data;sofascore;transfermarkt,3,False,False
2021-22,2022-01-09,Çaykur Rizespor,Beşiktaş,2,2,football-data.co.uk (ayna: xgabora/Club-Football-Match-Data-2000-2025),football-data;sofascore;transfermarkt,3,False,False
2021-22,2022-01-10,Fenerbahçe,Adana Demirspor,1,2,football-data.co.uk (ayna: xgabora/Club-Football-Match-Data-2000-2025),football-data;sofascore;transfermarkt,3,False,False
2021-22,2022-01-14,Beşiktaş,Gaziantep FK,1,0,football-data.co.uk (ayna: xgabora/Club-Football-Match-Data-2000-2025),football-data;sofascore;transfermarkt,3,False,False
2021-22,2022-01-14,Yeni Malatyaspor,Göztepe,1,2,football-data.co.uk (ayna: xgabora/Club-Football-Match-Data-2000-2025),football-data;sofascore;transfermarkt,3,False,False
2021-22,2022-01-15,Adana Demirspor,Kayserispor,1,1,football-data.co.uk (ayna: xgabora/Club-Football-Match-Data-2000-2025),football-data;sofascore;transfermarkt,3,False,False
2021-22,2022-01-15,Antalyaspor,Fenerbahçe,1,1,football-data.co.uk (ayna: xgabora/Club-Football-Match-Data-2000-2025),football-data;sofascore;transfermarkt,3,False,False
2021-22,2022-01-15,Fatih Karagümrük,Çaykur Rizespor,2,0,football-data.co.uk (ayna: xgabora/Club-Football-Match-Data-2000-2025),football-data;sofascore;transfermarkt,3,False,False
2021-22,2022-01-15,Sivasspor,Trabzonspor,1,1,football-data.co.uk (ayna: xgabora/Club-Football-Match-Data-2000-2025),football-data;sofascore;transfermarkt,3,False,False
2021-22,2022-01-16,Altay,Alanyaspor,0,2,football-data.co.uk (ayna: xgabora/Club-Football-Match-Data-2000-2025),football-data;sofascore;transfermarkt,3,False,False
2021-22,2022-01-16,Giresunspor,Kasımpaşa,0,2,football-data.co.uk (ayna: xgabora/Club-Football-Match-Data-2000-2025),football-data;sofascore;transfermarkt,3,False,False
2021-22,2022-01-16,Hatayspor,Galatasaray,4,2,football-data.co.uk (ayna: xgabora/Club-Football-Match-Data-2000-2025),football-data;sofascore;transfermarkt,3,False,False
2021-22,2022-01-18,Fatih Karagümrük,Beşiktaş,0,1,football-data.co.uk (ayna: xgabora/Club-Football-Match-Data-2000-2025),football-data;sofascore;transfermarkt,3,False,False
2021-22,2022-01-18,Konyaspor,Adana Demirspor,1,0,football-data.co.uk (ayna: xgabora/Club-Football-Match-Data-2000-2025),football-data;sofascore;transfermarkt,3,False,False
2021-22,2022-01-19,Fenerbahçe,Altay,2,1,football-data.co.uk (ayna: xgabora/Club-Football-Match-Data-2000-2025),football-data;sofascore;transfermarkt,3,False,False
2021-22,2022-01-19,Göztepe,Sivasspor,2,1,football-data.co.uk (ayna: xgabora/Club-Football-Match-Data-2000-2025),football-data;sofascore;transfermarkt,3,False,False
2021-22,2022-01-19,Kayserispor,İstanbul Başakşehir,1,0,football-data.co.uk (ayna: xgabora/Club-Football-Match-Data-2000-2025),football-data;sofascore;transfermarkt,3,False,False
2021-22,2022-01-19,Trabzonspor,Giresunspor,1,1,football-data.co.uk (ayna: xgabora/Club-Football-Match-Data-2000-2025),football-data;sofascore;transfermarkt,3,False,False
2021-22,2022-01-20,Alanyaspor,Hatayspor,6,0,football-data.co.uk (ayna: xgabora/Club-Football-Match-Data-2000-2025),football-data;sofascore;transfermarkt,3,False,False
2021-22,2022-01-20,Galatasaray,Kasımpaşa,1,3,football-data.co.uk (ayna: xgabora/Club-Football-Match-Data-2000-2025),football-data;sofascore;transfermarkt,3,False,False
2021-22,2022-01-20,Çaykur Rizespor,Antalyaspor,2,1,football-data.co.uk (ayna: xgabora/Club-Football-Match-Data-2000-2025),football-data;sofascore;transfermarkt,3,False,False
2021-22,2022-01-22,Adana Demirspor,Fatih Karagümrük,5,0,football-data.co.uk (ayna: xgabora/Club-Football-Match-Data-2000-2025),football-data;sofascore;transfermarkt,3,False,False
2021-22,2022-01-22,Sivasspor,Fenerbahçe,1,1,football-data.co.uk (ayna: xgabora/Club-Football-Match-Data-2000-2025),football-data;sofascore;transfermarkt,3,False,False
2021-22,2022-01-22,Yeni Malatyaspor,Beşiktaş,1,1,football-data.co.uk (ayna: xgabora/Club-Football-Match-Data-2000-2025),football-data;sofascore;transfermarkt,3,False,False
2021-22,2022-01-22,İstanbul Başakşehir,Göztepe,1,2,football-data.co.uk (ayna: xgabora/Club-Football-Match-Data-2000-2025),football-data;sofascore;transfermarkt,3,False,False
2021-22,2022-01-23,Altay,Konyaspor,0,1,football-data.co.uk (ayna: xgabora/Club-Football-Match-Data-2000-2025),football-data;sofascore;transfermarkt,3,False,False
2021-22,2022-01-23,Antalyaspor,Gaziantep FK,0,0,football-data.co.uk (ayna: xgabora/Club-Football-Match-Data-2000-2025),football-data;sofascore;transfermarkt,3,False,False
2021-22,2022-01-23,Galatasaray,Trabzonspor,1,2,football-data.co.uk (ayna: xgabora/Club-Football-Match-Data-2000-2025),football-data;sofascore;transfermarkt,3,False,False
2021-22,2022-01-23,Giresunspor,Alanyaspor,1,3,football-data.co.uk (ayna: xgabora/Club-Football-Match-Data-2000-2025),football-data;sofascore;transfermarkt,3,False,False
2021-22,2022-01-23,Hatayspor,Çaykur Rizespor,0,0,football-data.co.uk (ayna: xgabora/Club-Football-Match-Data-2000-2025),football-data;sofascore;transfermarkt,3,False,False
2021-22,2022-01-23,Kasımpaşa,Kayserispor,3,1,football-data.co.uk (ayna: xgabora/Club-Football-Match-Data-2000-2025),football-data;sofascore;transfermarkt,3,False,False
2021-22,2022-02-04,Kayserispor,Hatayspor,4,3,football-data.co.uk (ayna: xgabora/Club-Football-Match-Data-2000-2025),football-data;sofascore;transfermarkt,3,False,False
2021-22,2022-02-04,Konyaspor,Giresunspor,1,0,football-data.co.uk (ayna: xgabora/Club-Football-Match-Data-2000-2025),football-data;sofascore;transfermarkt,3,False,False
2021-22,2022-02-05,Fatih Karagümrük,Yeni Malatyaspor,1,0,football-data.co.uk (ayna: xgabora/Club-Football-Match-Data-2000-2025),football-data;sofascore;transfermarkt,3,False,False
2021-22,2022-02-05,Fenerbahçe,İstanbul Başakşehir,0,1,football-data.co.uk (ayna: xgabora/Club-Football-Match-Data-2000-2025),football-data;sofascore;transfermarkt,3,False,False
2021-22,2022-02-05,Gaziantep FK,Sivasspor,5,1,football-data.co.uk (ayna: xgabora/Club-Football-Match-Data-2000-2025),football-data;sofascore;transfermarkt,3,False,False
2021-22,2022-02-05,Trabzonspor,Kasımpaşa,1,0,football-data.co.uk (ayna: xgabora/Club-Football-Match-Data-2000-2025),football-data;sofascore;transfermarkt,3,False,False
2021-22,2022-02-06,Alanyaspor,Galatasaray,1,1,football-data.co.uk (ayna: xgabora/Club-Football-Match-Data-2000-2025),football-data;sofascore;transfermarkt,3,False,False
2021-22,2022-02-06,Beşiktaş,Antalyaspor,0,0,football-data.co.uk (ayna: xgabora/Club-Football-Match-Data-2000-2025),football-data;sofascore;transfermarkt,3,False,False
2021-22,2022-02-06,Göztepe,Altay,0,2,football-data.co.uk (ayna: xgabora/Club-Football-Match-Data-2000-2025),football-data;sofascore;transfermarkt,3,False,False
2021-22,2022-02-06,Çaykur Rizespor,Adana Demirspor,1,3,football-data.co.uk (ayna: xgabora/Club-Football-Match-Data-2000-2025),football-data;sofascore;transfermarkt,3,False,False
2021-22,2022-02-11,Altay,Çaykur Rizespor,0,0,football-data.co.uk (ayna: xgabora/Club-Football-Match-Data-2000-2025),football-data;sofascore;transfermarkt,3,False,False
2021-22,2022-02-12,Galatasaray,Kayserispor,1,1,football-data.co.uk (ayna: xgabora/Club-Football-Match-Data-2000-2025),football-data;sofascore;transfermarkt,3,False,False
2021-22,2022-02-12,Giresunspor,Fenerbahçe,1,2,football-data.co.uk (ayna: xgabora/Club-Football-Match-Data-2000-2025),football-data;sofascore;transfermarkt,3,False,False
2021-22,2022-02-12,İstanbul Başakşehir,Gaziantep FK,2,0,football-data.co.uk (ayna: xgabora/Club-Football-Match-Data-2000-2025),football-data;sofascore;transfermarkt,3,False,False
2021-22,2022-02-13,Antalyaspor,Fatih Karagümrük,3,0,football-data.co.uk (ayna: xgabora/Club-Football-Match-Data-2000-2025),football-data;sofascore;transfermarkt,3,False,False
2021-22,2022-02-13,Kasımpaşa,Alanyaspor,2,2,football-data.co.uk (ayna: xgabora/Club-Football-Match-Data-2000-2025),football-data;sofascore;transfermarkt,3,False,False
2021-22,2022-02-13,Sivasspor,Yeni Malatyaspor,2,1,football-data.co.uk (ayna: xgabora/Club-Football-Match-Data-2000-2025),football-data;sofascore;transfermarkt,3,False,False
2021-22,2022-02-13,Trabzonspor,Konyaspor,2,1,football-data.co.uk (ayna: xgabora/Club-Football-Match-Data-2000-2025),football-data;sofascore;transfermarkt,3,False,False
2021-22,2022-02-14,Adana Demirspor,Beşiktaş,1,1,football-data.co.uk (ayna: xgabora/Club-Football-Match-Data-2000-2025),football-data;sofascore;transfermarkt,3,False,False
2021-22,2022-02-14,Hatayspor,Göztepe,2,1,football-data.co.uk (ayna: xgabora/Club-Football-Match-Data-2000-2025),football-data;sofascore;transfermarkt,3,False,False
2021-22,2022-02-18,Konyaspor,Kasımpaşa,4,4,football-data.co.uk (ayna: xgabora/Club-Football-Match-Data-2000-2025),football-data;sofascore;transfermarkt,3,False,False
2021-22,2022-02-18,Çaykur Rizespor,İstanbul Başakşehir,0,2,football-data.co.uk (ayna: xgabora/Club-Football-Match-Data-2000-2025),football-data;sofascore;transfermarkt,3,False,False
2021-22,2022-02-19,Beşiktaş,Altay,1,0,football-data.co.uk (ayna: xgabora/Club-Football-Match-Data-2000-2025),football-data;sofascore;transfermarkt,3,False,False
2021-22,2022-02-19,Kayserispor,Giresunspor,2,1,football-data.co.uk (ayna: xgabora/Club-Football-Match-Data-2000-2025),football-data;sofascore;transfermarkt,3,False,False
2021-22,2022-02-19,Yeni Malatyaspor,Antalyaspor,1,2,football-data.co.uk (ayna: xgabora/Club-Football-Match-Data-2000-2025),football-data;sofascore;transfermarkt,3,False,False
2021-22,2022-02-20,Alanyaspor,Trabzonspor,0,4,football-data.co.uk (ayna: xgabora/Club-Football-Match-Data-2000-2025),football-data;sofascore;transfermarkt,3,False,False
2021-22,2022-02-20,Fatih Karagümrük,Sivasspor,1,0,football-data.co.uk (ayna: xgabora/Club-Football-Match-Data-2000-2025),football-data;sofascore;transfermarkt,3,False,False
2021-22,2022-02-20,Fenerbahçe,Hatayspor,2,0,football-data.co.uk (ayna: xgabora/Club-Football-Match-Data-2000-2025),football-data;sofascore;transfermarkt,3,False,False
2021-22,2022-02-20,Gaziantep FK,Adana Demirspor,0,3,football-data.co.uk (ayna: xgabora/Club-Football-Match-Data-2000-2025),football-data;sofascore;transfermarkt,3,False,False
2021-22,2022-02-21,Göztepe,Galatasaray,2,3,football-data.co.uk (ayna: xgabora/Club-Football-Match-Data-2000-2025),football-data;sofascore;transfermarkt,3,False,False
2021-22,2022-02-22,İstanbul Başakşehir,Konyaspor,2,1,football-data.co.uk (ayna: xgabora/Club-Football-Match-Data-2000-2025),football-data;sofascore;transfermarkt,3,False,False
2021-22,2022-02-23,Gaziantep FK,Yeni Malatyaspor,0,0,football-data.co.uk (ayna: xgabora/Club-Football-Match-Data-2000-2025),football-data;sofascore;transfermarkt,3,False,False
2021-22,2022-02-25,Adana Demirspor,Antalyaspor,0,0,football-data.co.uk (ayna: xgabora/Club-Football-Match-Data-2000-2025),football-data;sofascore;transfermarkt,3,False,False
2021-22,2022-02-25,Trabzonspor,Kayserispor,3,2,football-data.co.uk (ayna: xgabora/Club-Football-Match-Data-2000-2025),football-data;sofascore;transfermarkt,3,False,False
2021-22,2022-02-26,Sivasspor,Beşiktaş,2,3,football-data.co.uk (ayna: xgabora/Club-Football-Match-Data-2000-2025),football-data;sofascore;transfermarkt,3,False,False
2021-22,2022-02-26,İstanbul Başakşehir,Fatih Karagümrük,1,2,football-data.co.uk (ayna: xgabora/Club-Football-Match-Data-2000-2025),football-data;sofascore;transfermarkt,3,False,False
2021-22,2022-02-27,Alanyaspor,Konyaspor,5,1,football-data.co.uk (ayna: xgabora/Club-Football-Match-Data-2000-2025),football-data;sofascore;transfermarkt,3,False,False
2021-22,2022-02-27,Altay,Gaziantep FK,3,2,football-data.co.uk (ayna: xgabora/Club-Football-Match-Data-2000-2025),football-data;sofascore;transfermarkt,3,False,False
2021-22,2022-02-27,Galatasaray,Çaykur Rizespor,4,2,football-data.co.uk (ayna: xgabora/Club-Football-Match-Data-2000-2025),football-data;sofascore;transfermarkt,3,False,False
2021-22,2022-02-27,Giresunspor,Göztepe,3,1,football-data.co.uk (ayna: xgabora/Club-Football-Match-Data-2000-2025),football-data;sofascore;transfermarkt,3,False,False
2021-22,2022-02-27,Hatayspor,Yeni Malatyaspor,5,2,football-data.co.uk (ayna: xgabora/Club-Football-Match-Data-2000-2025),football-data;sofascore;transfermarkt,3,False,False
2021-22,2022-02-28,Kasımpaşa,Fenerbahçe,1,2,football-data.co.uk (ayna: xgabora/Club-Football-Match-Data-2000-2025),football-data;sofascore;transfermarkt,3,False,False
2021-22,2022-03-04,Yeni Malatyaspor,Adana Demirspor,1,0,football-data.co.uk (ayna: xgabora/Club-Football-Match-Data-2000-2025),football-data;sofascore;transfermarkt,3,False,False
2021-22,2022-03-05,Göztepe,Kasımpaşa,2,3,football-data.co.uk (ayna: xgabora/Club-Football-Match-Data-2000-2025),football-data;sofascore;transfermarkt,3,False,False
2021-22,2022-03-05,Konyaspor,Galatasaray,2,0,football-data.co.uk (ayna: xgabora/Club-Football-Match-Data-2000-2025),football-data;sofascore;transfermarkt,3,False,False
2021-22,2022-03-05,Çaykur Rizespor,Giresunspor,1,2,football-data.co.uk (ayna: xgabora/Club-Football-Match-Data-2000-2025),football-data;sofascore;transfermarkt,3,False,False
2021-22,2022-03-06,Antalyaspor,Sivasspor,1,0,football-data.co.uk (ayna: xgabora/Club-Football-Match-Data-2000-2025),football-data;sofascore;transfermarkt,3,False,False
2021-22,2022-03-06,Fatih Karagümrük,Altay,0,0,football-data.co.uk (ayna: xgabora/Club-Football-Match-Data-2000-2025),football-data;sofascore;transfermarkt,3,False,False
2021-22,2022-03-06,Fenerbahçe,Trabzonspor,1,1,football-data.co.uk (ayna: xgabora/Club-Football-Match-Data-2000-2025),football-data;sofascore;transfermarkt,3,False,False
2021-22,2022-03-07,Beşiktaş,İstanbul Başakşehir,2,2,football-data.co.uk (ayna: xgabora/Club-Football-Match-Data-2000-2025),football-data;sofascore;transfermarkt,3,False,False
2021-22,2022-03-07,Gaziantep FK,Hatayspor,2,2,football-data.co.uk (ayna: xgabora/Club-Football-Match-Data-2000-2025),football-data;sofascore;transfermarkt,3,False,False
2021-22,2022-03-07,Kayserispor,Alanyaspor,1,2,football-data.co.uk (ayna: xgabora/Club-Football-Match-Data-2000-2025),football-data;sofascore;transfermarkt,3,False,False
2021-22,2022-03-12,Altay,Yeni Malatyaspor,1,0,football-data.co.uk (ayna: xgabora/Club-Football-Match-Data-2000-2025),football-data;sofascore;transfermarkt,3,False,False
2021-22,2022-03-12,Hatayspor,Fatih Karagümrük,3,0,football-data.co.uk (ayna: xgabora/Club-Football-Match-Data-2000-2025),football-data;sofascore;transfermarkt,3,False,False
2021-22,2022-03-12,Kasımpaşa,Çaykur Rizespor,3,1,football-data.co.uk (ayna: xgabora/Club-Football-Match-Data-2000-2025),football-data;sofascore;transfermarkt,3,False,False
2021-22,2022-03-12,Trabzonspor,Göztepe,4,2,football-data.co.uk (ayna: xgabora/Club-Football-Match-Data-2000-2025),football-data;sofascore;transfermarkt,3,False,False
2021-22,2022-03-13,Adana Demirspor,Sivasspor,2,3,football-data.co.uk (ayna: xgabora/Club-Football-Match-Data-2000-2025),football-data;sofascore;transfermarkt,3,False,False
2021-22,2022-03-13,Alanyaspor,Fenerbahçe,2,5,football-data.co.uk (ayna: xgabora/Club-Football-Match-Data-2000-2025),football-data;sofascore;transfermarkt,3,False,False
2021-22,2022-03-13,Kayserispor,Konyaspor,2,3,football-data.co.uk (ayna: xgabora/Club-Football-Match-Data-2000-2025),football-data;sofascore;transfermarkt,3,False,False
2021-22,2022-03-14,Galatasaray,Beşiktaş,2,1,football-data.co.uk (ayna: xgabora/Club-Football-Match-Data-2000-2025),football-data;sofascore;transfermarkt,3,False,False
2021-22,2022-03-14,Giresunspor,Gaziantep FK,2,1,football-data.co.uk (ayna: xgabora/Club-Football-Match-Data-2000-2025),football-data;sofascore;transfermarkt,3,False,False
2021-22,2022-03-14,İstanbul Başakşehir,Antalyaspor,0,1,football-data.co.uk (ayna: xgabora/Club-Football-Match-Data-2000-2025),football-data;sofascore;transfermarkt,3,False,False
2021-22,2022-03-18,Fatih Karagümrük,Kayserispor,3,0,football-data.co.uk (ayna: xgabora/Club-Football-Match-Data-2000-2025),football-data;sofascore;transfermarkt,3,False,False
2021-22,2022-03-18,Çaykur Rizespor,Trabzonspor,3,2,football-data.co.uk (ayna: xgabora/Club-Football-Match-Data-2000-2025),football-data;sofascore;transfermarkt,3,False,False
2021-22,2022-03-19,Adana Demirspor,İstanbul Başakşehir,2,1,football-data.co.uk (ayna: xgabora/Club-Football-Match-Data-2000-2025),football-data;sofascore;transfermarkt,3,False,False
2021-22,2022-03-19,Beşiktaş,Hatayspor,1,1,football-data.co.uk (ayna: xgabora/Club-Football-Match-Data-2000-2025),football-data;sofascore;transfermarkt,3,False,False
2021-22,2022-03-19,Göztepe,Alanyaspor,0,2,football-data.co.uk (ayna: xgabora/Club-Football-Match-Data-2000-2025),football-data;sofascore;transfermarkt,3,False,False
2021-22,2022-03-19,Yeni Malatyaspor,Kasımpaşa,0,2,football-data.co.uk (ayna: xgabora/Club-Football-Match-Data-2000-2025),football-data;sofascore;transfermarkt,3,False,False
2021-22,2022-03-20,Antalyaspor,Giresunspor,4,1,football-data.co.uk (ayna: xgabora/Club-Football-Match-Data-2000-2025),football-data;sofascore;transfermarkt,3,False,False
2021-22,2022-03-20,Fenerbahçe,Konyaspor,2,1,football-data.co.uk (ayna: xgabora/Club-Football-Match-Data-2000-2025),football-data;sofascore;transfermarkt,3,False,False
2021-22,2022-03-20,Gaziantep FK,Galatasaray,3,1,football-data.co.uk (ayna: xgabora/Club-Football-Match-Data-2000-2025),football-data;sofascore;transfermarkt,3,False,False
2021-22,2022-03-20,Sivasspor,Altay,2,1,football-data.co.uk (ayna: xgabora/Club-Football-Match-Data-2000-2025),football-data;sofascore;transfermarkt,3,False,False
2021-22,2022-04-02,Altay,Antalyaspor,1,2,football-data.co.uk (ayna: xgabora/Club-Football-Match-Data-2000-2025),football-data;sofascore;transfermarkt,3,False,False
2021-22,2022-04-02,Galatasaray,Fatih Karagümrük,2,0,football-data.co.uk (ayna: xgabora/Club-Football-Match-Data-2000-2025),football-data;sofascore;transfermarkt,3,False,False
2021-22,2022-04-02,Giresunspor,Sivasspor,2,2,football-data.co.uk (ayna: xgabora/Club-Football-Match-Data-2000-2025),football-data;sofascore;transfermarkt,3,False,False
2021-22,2022-04-02,Kayserispor,Fenerbahçe,0,4,football-data.co.uk (ayna: xgabora/Club-Football-Match-Data-2000-2025),football-data;sofascore;transfermarkt,3,False,False
2021-22,2022-04-03,Alanyaspor,Çaykur Rizespor,2,1,football-data.co.uk (ayna: xgabora/Club-Football-Match-Data-2000-2025),football-data;sofascore;transfermarkt,3,False,False
2021-22,2022-04-03,Kasımpaşa,Gaziantep FK,2,1,football-data.co.uk (ayna: xgabora/Club-Football-Match-Data-2000-2025),football-data;sofascore;transfermarkt,3,False,False
2021-22,2022-04-03,Konyaspor,Göztepe,3,0,football-data.co.uk (ayna: xgabora/Club-Football-Match-Data-2000-2025),football-data;sofascore;transfermarkt,3,False,False
2021-22,2022-04-03,Trabzonspor,Beşiktaş,1,1,football-data.co.uk (ayna: xgabora/Club-Football-Match-Data-2000-2025),football-data;sofascore;transfermarkt,3,False,False
2021-22,2022-04-04,Hatayspor,Adana Demirspor,0,0,football-data.co.uk (ayna: xgabora/Club-Football-Match-Data-2000-2025),football-data;sofascore;transfermarkt,3,False,False
2021-22,2022-04-04,İstanbul Başakşehir,Yeni Malatyaspor,1,0,football-data.co.uk (ayna: xgabora/Club-Football-Match-Data-2000-2025),football-data;sofascore;transfermarkt,3,False,False
2021-22,2022-04-09,Beşiktaş,Alanyaspor,4,1,football-data.co.uk (ayna: xgabora/Club-Football-Match-Data-2000-2025),football-data;sofascore;transfermarkt,3,False,False
2021-22,2022-04-09,Fatih Karagümrük,Kasımpaşa,3,2,football-data.co.uk (ayna: xgabora/Club-Football-Match-Data-2000-2025),football-data;sofascore;transfermarkt,3,False,False
2021-22,2022-04-09,Gaziantep FK,Trabzonspor,0,0,football-data.co.uk (ayna: xgabora/Club-Football-Match-Data-2000-2025),football-data;sofascore;transfermarkt,3,False,False
2021-22,2022-04-09,Göztepe,Kayserispor,1,2,football-data.co.uk (ayna: xgabora/Club-Football-Match-Data-2000-2025),football-data;sofascore;transfermarkt,3,False,False
2021-22,2022-04-09,Çaykur Rizespor,Konyaspor,2,1,football-data.co.uk (ayna: xgabora/Club-Football-Match-Data-2000-2025),football-data;sofascore;transfermarkt,3,False,False
2021-22,2022-04-10,Adana Demirspor,Altay,3,1,football-data.co.uk (ayna: xgabora/Club-Football-Match-Data-2000-2025),football-data;sofascore;transfermarkt,3,False,False
2021-22,2022-04-10,Fenerbahçe,Galatasaray,2,0,football-data.co.uk (ayna: xgabora/Club-Football-Match-Data-2000-2025),football-data;sofascore;transfermarkt,3,False,False
2021-22,2022-04-10,Sivasspor,İstanbul Başakşehir,0,2,football-data.co.uk (ayna: xgabora/Club-Football-Match-Data-2000-2025),football-data;sofascore;transfermarkt,3,False,False
2021-22,2022-04-10,Yeni Malatyaspor,Giresunspor,0,1,football-data.co.uk (ayna: xgabora/Club-Football-Match-Data-2000-2025),football-data;sofascore;transfermarkt,3,False,False
2021-22,2022-04-11,Antalyaspor,Hatayspor,4,1,football-data.co.uk (ayna: xgabora/Club-Football-Match-Data-2000-2025),football-data;sofascore;transfermarkt,3,False,False
2021-22,2022-04-15,Kayserispor,Çaykur Rizespor,1,1,football-data.co.uk (ayna: xgabora/Club-Football-Match-Data-2000-2025),football-data;sofascore;transfermarkt,3,False,False
2021-22,2022-04-15,Trabzonspor,Fatih Karagümrük,1,1,football-data.co.uk (ayna: xgabora/Club-Football-Match-Data-2000-2025),football-data;sofascore;transfermarkt,3,False,False
2021-22,2022-04-16,Alanyaspor,Antalyaspor,1,3,football-data.co.uk (ayna: xgabora/Club-Football-Match-Data-2000-2025),football-data;sofascore;transfermarkt,3,False,False
2021-22,2022-04-16,Altay,İstanbul Başakşehir,1,1,football-data.co.uk (ayna: xgabora/Club-Football-Match-Data-2000-2025),football-data;sofascore;transfermarkt,3,False,False
2021-22,2022-04-16,Fenerbahçe,Göztepe,2,0,football-data.co.uk (ayna: xgabora/Club-Football-Match-Data-2000-2025),football-data;sofascore;transfermarkt,3,False,False
2021-22,2022-04-16,Hatayspor,Sivasspor,1,1,football-data.co.uk (ayna: xgabora/Club-Football-Match-Data-2000-2025),football-data;sofascore;transfermarkt,3,False,False
2021-22,2022-04-17,Giresunspor,Beşiktaş,0,0,football-data.co.uk (ayna: xgabora/Club-Football-Match-Data-2000-2025),football-data;sofascore;transfermarkt,3,False,False
2021-22,2022-04-17,Kasımpaşa,Adana Demirspor,4,0,football-data.co.uk (ayna: xgabora/Club-Football-Match-Data-2000-2025),football-data;sofascore;transfermarkt,3,False,False
2021-22,2022-04-17,Konyaspor,Gaziantep FK,4,1,football-data.co.uk (ayna: xgabora/Club-Football-Match-Data-2000-2025),football-data;sofascore;transfermarkt,3,False,False
2021-22,2022-04-18,Galatasaray,Yeni Malatyaspor,2,0,football-data.co.uk (ayna: xgabora/Club-Football-Match-Data-2000-2025),football-data;sofascore;transfermarkt,3,False,False
2021-22,2022-04-22,Çaykur Rizespor,Fenerbahçe,0,6,football-data.co.uk (ayna: xgabora/Club-Football-Match-Data-2000-2025),football-data;sofascore;transfermarkt,3,False,False
2021-22,2022-04-23,Adana Demirspor,Trabzonspor,1,3,football-data.co.uk (ayna: xgabora/Club-Football-Match-Data-2000-2025),football-data;sofascore;transfermarkt,3,False,False
2021-22,2022-04-23,Fatih Karagümrük,Giresunspor,2,1,football-data.co.uk (ayna: xgabora/Club-Football-Match-Data-2000-2025),football-data;sofascore;transfermarkt,3,False,False
2021-22,2022-04-23,Gaziantep FK,Göztepe,1,1,football-data.co.uk (ayna: xgabora/Club-Football-Match-Data-2000-2025),football-data;sofascore;transfermarkt,3,False,False
2021-22,2022-04-24,Altay,Galatasaray,0,1,football-data.co.uk (ayna: xgabora/Club-Football-Match-Data-2000-2025),football-data;sofascore;transfermarkt,3,False,False
2021-22,2022-04-24,Antalyaspor,Kayserispor,1,1,football-data.co.uk (ayna: xgabora/Club-Football-Match-Data-2000-2025),football-data;sofascore;transfermarkt,3,False,False
2021-22,2022-04-24,Yeni Malatyaspor,Konyaspor,2,3,football-data.co.uk (ayna: xgabora/Club-Football-Match-Data-2000-2025),football-data;sofascore;transfermarkt,3,False,False
2021-22,2022-04-24,İstanbul Başakşehir,Hatayspor,3,0,football-data.co.uk (ayna: xgabora/Club-Football-Match-Data-2000-2025),football-data;sofascore;transfermarkt,3,False,False
2021-22,2022-04-25,Beşiktaş,Kasımpaşa,0,3,football-data.co.uk (ayna: xgabora/Club-Football-Match-Data-2000-2025),football-data;sofascore;transfermarkt,3,False,False
2021-22,2022-04-25,Sivasspor,Alanyaspor,1,0,football-data.co.uk (ayna: xgabora/Club-Football-Match-Data-2000-2025),football-data;sofascore;transfermarkt,3,False,False
2021-22,2022-04-29,Fenerbahçe,Gaziantep FK,3,2,football-data.co.uk (ayna: xgabora/Club-Football-Match-Data-2000-2025),football-data;sofascore;transfermarkt,3,False,False
2021-22,2022-04-29,Giresunspor,Adana Demirspor,2,0,football-data.co.uk (ayna: xgabora/Club-Football-Match-Data-2000-2025),football-data;sofascore;transfermarkt,3,False,False
2021-22,2022-04-30,Hatayspor,Altay,0,1,football-data.co.uk (ayna: xgabora/Club-Football-Match-Data-2000-2025),football-data;sofascore;transfermarkt,3,False,False
2021-22,2022-04-30,Kasımpaşa,İstanbul Başakşehir,2,3,football-data.co.uk (ayna: xgabora/Club-Football-Match-Data-2000-2025),football-data;sofascore;transfermarkt,3,False,False
2021-22,2022-04-30,Konyaspor,Fatih Karagümrük,1,2,football-data.co.uk (ayna: xgabora/Club-Football-Match-Data-2000-2025),football-data;sofascore;transfermarkt,3,False,False
2021-22,2022-04-30,Trabzonspor,Antalyaspor,2,2,football-data.co.uk (ayna: xgabora/Club-Football-Match-Data-2000-2025),football-data;sofascore;transfermarkt,3,False,False
2021-22,2022-05-01,Alanyaspor,Yeni Malatyaspor,2,1,football-data.co.uk (ayna: xgabora/Club-Football-Match-Data-2000-2025),football-data;sofascore;transfermarkt,3,False,False
2021-22,2022-05-01,Galatasaray,Sivasspor,2,3,football-data.co.uk (ayna: xgabora/Club-Football-Match-Data-2000-2025),football-data;sofascore;transfermarkt,3,False,False
2021-22,2022-05-01,Göztepe,Çaykur Rizespor,1,7,football-data.co.uk (ayna: xgabora/Club-Football-Match-Data-2000-2025),football-data;sofascore;transfermarkt,3,False,False
2021-22,2022-05-01,Kayserispor,Beşiktaş,2,3,football-data.co.uk (ayna: xgabora/Club-Football-Match-Data-2000-2025),football-data;sofascore;transfermarkt,3,False,False
2021-22,2022-05-06,Gaziantep FK,Kayserispor,1,1,football-data.co.uk (ayna: xgabora/Club-Football-Match-Data-2000-2025),football-data;sofascore;transfermarkt,3,False,False
2021-22,2022-05-06,Hatayspor,Trabzonspor,1,1,football-data.co.uk (ayna: xgabora/Club-Football-Match-Data-2000-2025),football-data;sofascore;transfermarkt,3,False,False
2021-22,2022-05-07,Adana Demirspor,Alanyaspor,1,2,football-data.co.uk (ayna: xgabora/Club-Football-Match-Data-2000-2025),football-data;sofascore;transfermarkt,3,False,False
2021-22,2022-05-07,Fatih Karagümrük,Göztepe,3,1,football-data.co.uk (ayna: xgabora/Club-Football-Match-Data-2000-2025),football-data;sofascore;transfermarkt,3,False,False
2021-22,2022-05-07,Sivasspor,Kasımpaşa,1,3,football-data.co.uk (ayna: xgabora/Club-Football-Match-Data-2000-2025),football-data;sofascore;transfermarkt,3,False,False
2021-22,2022-05-07,İstanbul Başakşehir,Galatasaray,0,0,football-data.co.uk (ayna: xgabora/Club-Football-Match-Data-2000-2025),football-data;sofascore;transfermarkt,3,False,False
2021-22,2022-05-08,Altay,Giresunspor,1,1,football-data.co.uk (ayna: xgabora/Club-Football-Match-Data-2000-2025),football-data;sofascore;transfermarkt,3,False,False
2021-22,2022-05-08,Beşiktaş,Fenerbahçe,1,1,football-data.co.uk (ayna: xgabora/Club-Football-Match-Data-2000-2025),football-data;sofascore;transfermarkt,3,False,False
2021-22,2022-05-08,Yeni Malatyaspor,Çaykur Rizespor,1,3,football-data.co.uk (ayna: xgabora/Club-Football-Match-Data-2000-2025),football-data;sofascore;transfermarkt,3,False,False
2021-22,2022-05-09,Antalyaspor,Konyaspor,3,2,football-data.co.uk (ayna: xgabora/Club-Football-Match-Data-2000-2025),football-data;sofascore;transfermarkt,3,False,False
2021-22,2022-05-14,Kayserispor,Yeni Malatyaspor,3,0,football-data.co.uk (ayna: xgabora/Club-Football-Match-Data-2000-2025),football-data;sofascore;transfermarkt,3,False,False
2021-22,2022-05-15,Alanyaspor,Gaziantep FK,3,0,football-data.co.uk (ayna: xgabora/Club-Football-Match-Data-2000-2025),football-data;sofascore;transfermarkt,3,False,False
2021-22,2022-05-15,Fenerbahçe,Fatih Karagümrük,0,0,football-data.co.uk (ayna: xgabora/Club-Football-Match-Data-2000-2025),football-data;sofascore;transfermarkt,3,False,False
2021-22,2022-05-15,Giresunspor,İstanbul Başakşehir,1,1,football-data.co.uk (ayna: xgabora/Club-Football-Match-Data-2000-2025),football-data;sofascore;transfermarkt,3,False,False
2021-22,2022-05-15,Göztepe,Beşiktaş,0,2,football-data.co.uk (ayna: xgabora/Club-Football-Match-Data-2000-2025),football-data;sofascore;transfermarkt,3,False,False
2021-22,2022-05-15,Kasımpaşa,Antalyaspor,2,4,football-data.co.uk (ayna: xgabora/Club-Football-Match-Data-2000-2025),football-data;sofascore;transfermarkt,3,False,False
2021-22,2022-05-15,Konyaspor,Hatayspor,3,1,football-data.co.uk (ayna: xgabora/Club-Football-Match-Data-2000-2025),football-data;sofascore;transfermarkt,3,False,False
2021-22,2022-05-15,Trabzonspor,Altay,2,1,football-data.co.uk (ayna: xgabora/Club-Football-Match-Data-2000-2025),football-data;sofascore;transfermarkt,3,False,False
2021-22,2022-05-16,Galatasaray,Adana Demirspor,3,2,football-data.co.uk (ayna: xgabora/Club-Football-Match-Data-2000-2025),football-data;sofascore;transfermarkt,3,False,False
2021-22,2022-05-16,Çaykur Rizespor,Sivasspor,1,2,football-data.co.uk (ayna: xgabora/Club-Football-Match-Data-2000-2025),football-data;sofascore;transfermarkt,3,False,False
2021-22,2022-05-20,Antalyaspor,Galatasaray,1,1,football-data.co.uk (ayna: xgabora/Club-Football-Match-Data-2000-2025),football-data;sofascore;transfermarkt,3,False,False
2021-22,2022-05-20,Gaziantep FK,Çaykur Rizespor,2,0,football-data.co.uk (ayna: xgabora/Club-Football-Match-Data-2000-2025),football-data;sofascore;transfermarkt,3,False,False
2021-22,2022-05-21,Altay,Kasımpaşa,2,4,football-data.co.uk (ayna: xgabora/Club-Football-Match-Data-2000-2025),football-data;sofascore;transfermarkt,3,False,False
2021-22,2022-05-21,Beşiktaş,Konyaspor,1,1,football-data.co.uk (ayna: xgabora/Club-Football-Match-Data-2000-2025),football-data;sofascore;transfermarkt,3,False,False
2021-22,2022-05-21,Sivasspor,Kayserispor,2,1,football-data.co.uk (ayna: xgabora/Club-Football-Match-Data-2000-2025),football-data;sofascore;transfermarkt,3,False,False
2021-22,2022-05-21,Yeni Malatyaspor,Fenerbahçe,0,5,football-data.co.uk (ayna: xgabora/Club-Football-Match-Data-2000-2025),football-data;sofascore;transfermarkt,3,False,False
2021-22,2022-05-22,Adana Demirspor,Göztepe,7,0,football-data.co.uk (ayna: xgabora/Club-Football-Match-Data-2000-2025),football-data;sofascore;transfermarkt,3,False,False
2021-22,2022-05-22,Fatih Karagümrük,Alanyaspor,0,1,football-data.co.uk (ayna: xgabora/Club-Football-Match-Data-2000-2025),football-data;sofascore;transfermarkt,3,False,False
2021-22,2022-05-22,Hatayspor,Giresunspor,4,1,football-data.co.uk (ayna: xgabora/Club-Football-Match-Data-2000-2025),football-data;sofascore;transfermarkt,3,False,False
2021-22,2022-05-22,İstanbul Başakşehir,Trabzonspor,3,1,football-data.co.uk (ayna: xgabora/Club-Football-Match-Data-2000-2025),football-data;sofascore;transfermarkt,3,False,False
2022-23,2022-08-05,İstanbulspor,Trabzonspor,0,2,football-data.co.uk (ayna: xgabora/Club-Football-Match-Data-2000-2025),football-data;sofascore;transfermarkt,3,False,False
2022-23,2022-08-06,Beşiktaş,Kayserispor,1,0,football-data.co.uk (ayna: xgabora/Club-Football-Match-Data-2000-2025),football-data;sofascore;transfermarkt,3,False,False
2022-23,2022-08-06,Sivasspor,Gaziantep FK,1,1,football-data.co.uk (ayna: xgabora/Club-Football-Match-Data-2000-2025),football-data;sofascore;transfermarkt,3,False,False
2022-23,2022-08-07,Antalyaspor,Galatasaray,0,1,football-data.co.uk (ayna: xgabora/Club-Football-Match-Data-2000-2025),football-data;sofascore;transfermarkt,3,False,False
2022-23,2022-08-07,Fatih Karagümrük,Alanyaspor,2,4,football-data.co.uk (ayna: xgabora/Club-Football-Match-Data-2000-2025),football-data;sofascore;transfermarkt,3,False,False
2022-23,2022-08-07,Giresunspor,Adana Demirspor,2,3,football-data.co.uk (ayna: xgabora/Club-Football-Match-Data-2000-2025),football-data;sofascore;transfermarkt,3,False,False
2022-23,2022-08-08,Ankaragücü,Konyaspor,0,0,football-data.co.uk (ayna: xgabora/Club-Football-Match-Data-2000-2025),football-data;sofascore;transfermarkt,3,False,False
2022-23,2022-08-08,Fenerbahçe,Ümraniyespor,3,3,football-data.co.uk (ayna: xgabora/Club-Football-Match-Data-2000-2025),football-data;sofascore;transfermarkt,3,False,False
2022-23,2022-08-08,İstanbul Başakşehir,Kasımpaşa,4,0,football-data.co.uk (ayna: xgabora/Club-Football-Match-Data-2000-2025),football-data;sofascore;transfermarkt,3,False,False
2022-23,2022-08-12,Trabzonspor,Hatayspor,1,0,football-data.co.uk (ayna: xgabora/Club-Football-Match-Data-2000-2025),football-data;sofascore;transfermarkt,3,False,False
2022-23,2022-08-13,Adana Demirspor,Sivasspor,3,0,football-data.co.uk (ayna: xgabora/Club-Football-Match-Data-2000-2025),football-data;sofascore;transfermarkt,3,False,False
2022-23,2022-08-13,Galatasaray,Giresunspor,0,1,football-data.co.uk (ayna: xgabora/Club-Football-Match-Data-2000-2025),football-data;sofascore;transfermarkt,3,False,False
2022-23,2022-08-13,Kayserispor,İstanbulspor,1,0,football-data.co.uk (ayna: xgabora/Club-Football-Match-Data-2000-2025),football-data;sofascore;transfermarkt,3,False,False
2022-23,2022-08-14,Alanyaspor,Beşiktaş,3,3,football-data.co.uk (ayna: xgabora/Club-Football-Match-Data-2000-2025),football-data;sofascore;transfermarkt,3,False,False
2022-23,2022-08-14,Gaziantep FK,Ankaragücü,1,0,football-data.co.uk (ayna: xgabora/Club-Football-Match-Data-2000-2025),football-data;sofascore;transfermarkt,3,False,False
2022-23,2022-08-14,Ümraniyespor,Antalyaspor,0,1,football-data.co.uk (ayna: xgabora/Club-Football-Match-Data-2000-2025),football-data;sofascore;transfermarkt,3,False,False
2022-23,2022-08-15,Kasımpaşa,Fenerbahçe,0,6,football-data.co.uk (ayna: xgabora/Club-Football-Match-Data-2000-2025),football-data;sofascore;transfermarkt,3,False,False
2022-23,2022-08-15,Konyaspor,İstanbul Başakşehir,0,0,football-data.co.uk (ayna: xgabora/Club-Football-Match-Data-2000-2025),football-data;sofascore;transfermarkt,3,False,False
2022-23,2022-08-19,Ümraniyespor,Galatasaray,0,1,football-data.co.uk (ayna: xgabora/Club-Football-Match-Data-2000-2025),football-data;sofascore;transfermarkt,3,False,False
2022-23,2022-08-20,Antalyaspor,Trabzonspor,5,2,football-data.co.uk (ayna: xgabora/Club-Football-Match-Data-2000-2025),football-data;sofascore;transfermarkt,3,False,False
2022-23,2022-08-20,Giresunspor,Kasımpaşa,1,0,football-data.co.uk (ayna: xgabora/Club-Football-Match-Data-2000-2025),football-data;sofascore;transfermarkt,3,False,False
2022-23,2022-08-20,Hatayspor,Gaziantep FK,1,2,football-data.co.uk (ayna: xgabora/Club-Football-Match-Data-2000-2025),football-data;sofascore;transfermarkt,3,False,False
2022-23,2022-08-21,Beşiktaş,Fatih Karagümrük,4,1,football-data.co.uk (ayna: xgabora/Club-Football-Match-Data-2000-2025),football-data;sofascore;transfermarkt,3,False,False
2022-23,2022-08-21,İstanbul Başakşehir,Kayserispor,2,0,football-data.co.uk (ayna: xgabora/Club-Football-Match-Data-2000-2025),football-data;sofascore;transfermarkt,3,False,False
2022-23,2022-08-22,Fenerbahçe,Adana Demirspor,4,2,football-data.co.uk (ayna: xgabora/Club-Football-Match-Data-2000-2025),football-data;sofascore;transfermarkt,3,False,False
2022-23,2022-08-22,Sivasspor,Alanyaspor,1,1,football-data.co.uk (ayna: xgabora/Club-Football-Match-Data-2000-2025),football-data;sofascore;transfermarkt,3,False,False
2022-23,2022-08-22,İstanbulspor,Konyaspor,0,4,football-data.co.uk (ayna: xgabora/Club-Football-Match-Data-2000-2025),football-data;sofascore;transfermarkt,3,False,False
2022-23,2022-08-26,Gaziantep FK,Antalyaspor,5,2,football-data.co.uk (ayna: xgabora/Club-Football-Match-Data-2000-2025),football-data;sofascore;transfermarkt,3,False,False
2022-23,2022-08-27,Adana Demirspor,Ümraniyespor,1,0,football-data.co.uk (ayna: xgabora/Club-Football-Match-Data-2000-2025),football-data;sofascore;transfermarkt,3,False,False
2022-23,2022-08-27,Alanyaspor,İstanbulspor,0,1,football-data.co.uk (ayna: xgabora/Club-Football-Match-Data-2000-2025),football-data;sofascore;transfermarkt,3,False,False
2022-23,2022-08-27,Fatih Karagümrük,Ankaragücü,4,1,football-data.co.uk (ayna: xgabora/Club-Football-Match-Data-2000-2025),football-data;sofascore;transfermarkt,3,False,False
2022-23,2022-08-28,Kasımpaşa,Hatayspor,1,0,football-data.co.uk (ayna: xgabora/Club-Football-Match-Data-2000-2025),football-data;sofascore;transfermarkt,3,False,False
2022-23,2022-08-28,Kayserispor,Giresunspor,3,0,football-data.co.uk (ayna: xgabora/Club-Football-Match-Data-2000-2025),football-data;sofascore;transfermarkt,3,False,False
2022-23,2022-08-28,Trabzonspor,Galatasaray,0,0,football-data.co.uk (ayna: xgabora/Club-Football-Match-Data-2000-2025),football-data;sofascore;transfermarkt,3,False,False
2022-23,2022-08-29,Beşiktaş,Sivasspor,3,1,football-data.co.uk (ayna: xgabora/Club-Football-Match-Data-2000-2025),football-data;sofascore;transfermarkt,3,False,False
2022-23,2022-08-29,Konyaspor,Fenerbahçe,1,0,football-data.co.uk (ayna: xgabora/Club-Football-Match-Data-2000-2025),football-data;sofascore;transfermarkt,3,False,False
2022-23,2022-09-02,Ümraniyespor,Trabzonspor,0,1,football-data.co.uk (ayna: xgabora/Club-Football-Match-Data-2000-2025),football-data;sofascore;transfermarkt,3,False,False
2022-23,2022-09-03,Fenerbahçe,Kayserispor,2,0,football-data.co.uk (ayna: xgabora/Club-Football-Match-Data-2000-2025),football-data;sofascore;transfermarkt,3,False,False
2022-23,2022-09-03,Giresunspor,Konyaspor,0,1,football-data.co.uk (ayna: xgabora/Club-Football-Match-Data-2000-2025),football-data;sofascore;transfermarkt,3,False,False
2022-23,2022-09-03,Sivasspor,Fatih Karagümrük,0,0,football-data.co.uk (ayna: xgabora/Club-Football-Match-Data-2000-2025),football-data;sofascore;transfermarkt,3,False,False
2022-23,2022-09-03,İstanbul Başakşehir,Alanyaspor,2,0,football-data.co.uk (ayna: xgabora/Club-Football-Match-Data-2000-2025),football-data;sofascore;transfermarkt,3,False,False
2022-23,2022-09-04,Ankaragücü,Beşiktaş,2,3,football-data.co.uk (ayna: xgabora/Club-Football-Match-Data-2000-2025),football-data;sofascore;transfermarkt,3,False,False
2022-23,2022-09-04,Antalyaspor,Kasımpaşa,0,2,football-data.co.uk (ayna: xgabora/Club-Football-Match-Data-2000-2025),football-data;sofascore;transfermarkt,3,False,False
2022-23,2022-09-04,Hatayspor,Adana Demirspor,1,1,football-data.co.uk (ayna: xgabora/Club-Football-Match-Data-2000-2025),football-data;sofascore;transfermarkt,3,False,False
2022-23,2022-09-05,Galatasaray,Gaziantep FK,2,1,football-data.co.uk (ayna: xgabora/Club-Football-Match-Data-2000-2025),football-data;sofascore;transfermarkt,3,False,False
2022-23,2022-09-09,Alanyaspor,Ankaragücü,2,1,football-data.co.uk (ayna: xgabora/Club-Football-Match-Data-2000-2025),football-data;sofascore;transfermarkt,3,False,False
2022-23,2022-09-10,Fatih Karagümrük,Giresunspor,1,1,football-data.co.uk (ayna: xgabora/Club-Football-Match-Data-2000-2025),football-data;sofascore;transfermarkt,3,False,False
2022-23,2022-09-10,Konyaspor,Hatayspor,1,0,football-data.co.uk (ayna: xgabora/Club-Football-Match-Data-2000-2025),football-data;sofascore;transfermarkt,3,False,False
2022-23,2022-09-11,Gaziantep FK,Ümraniyespor,1,1,football-data.co.uk (ayna: xgabora/Club-Football-Match-Data-2000-2025),football-data;sofascore;transfermarkt,3,False,False
2022-23,2022-09-11,Kasımpaşa,Galatasaray,2,3,football-data.co.uk (ayna: xgabora/Club-Football-Match-Data-2000-2025),football-data;sofascore;transfermarkt,3,False,False
2022-23,2022-09-11,Kayserispor,Antalyaspor,1,0,football-data.co.uk (ayna: xgabora/Club-Football-Match-Data-2000-2025),football-data;sofascore;transfermarkt,3,False,False
2022-23,2022-09-11,Sivasspor,İstanbulspor,1,1,football-data.co.uk (ayna: xgabora/Club-Football-Match-Data-2000-2025),football-data;sofascore;transfermarkt,3,False,False
2022-23,2022-09-12,Adana Demirspor,Trabzonspor,3,2,football-data.co.uk (ayna: xgabora/Club-Football-Match-Data-2000-2025),football-data;sofascore;transfermarkt,3,False,False
2022-23,2022-09-12,Beşiktaş,İstanbul Başakşehir,0,1,football-data.co.uk (ayna: xgabora/Club-Football-Match-Data-2000-2025),football-data;sofascore;transfermarkt,3,False,False
2022-23,2022-09-16,Galatasaray,Konyaspor,2,1,football-data.co.uk (ayna: xgabora/Club-Football-Match-Data-2000-2025),football-data;sofascore;transfermarkt,3,False,False
2022-23,2022-09-16,Hatayspor,Kayserispor,0,4,football-data.co.uk (ayna: xgabora/Club-Football-Match-Data-2000-2025),football-data;sofascore;transfermarkt,3,False,False
2022-23,2022-09-17,Antalyaspor,Adana Demirspor,0,3,football-data.co.uk (ayna: xgabora/Club-Football-Match-Data-2000-2025),football-data;sofascore;transfermarkt,3,False,False
2022-23,2022-09-17,Ümraniyespor,Kasımpaşa,1,2,football-data.co.uk (ayna: xgabora/Club-Football-Match-Data-2000-2025),football-data;sofascore;transfermarkt,3,False,False
2022-23,2022-09-17,İstanbulspor,Beşiktaş,2,2,football-data.co.uk (ayna: xgabora/Club-Football-Match-Data-2000-2025),football-data;sofascore;transfermarkt,3,False,False
2022-23,2022-09-18,Ankaragücü,Sivasspor,2,1,football-data.co.uk (ayna: xgabora/Club-Football-Match-Data-2000-2025),football-data;sofascore;transfermarkt,3,False,False
2022-23,2022-09-18,Fenerbahçe,Alanyaspor,5,0,football-data.co.uk (ayna: xgabora/Club-Football-Match-Data-2000-2025),football-data;sofascore;transfermarkt,3,False,False
2022-23,2022-09-18,Trabzonspor,Gaziantep FK,3,2,football-data.co.uk (ayna: xgabora/Club-Football-Match-Data-2000-2025),football-data;sofascore;transfermarkt,3,False,False
2022-23,2022-09-18,İstanbul Başakşehir,Fatih Karagümrük,0,0,football-data.co.uk (ayna: xgabora/Club-Football-Match-Data-2000-2025),football-data;sofascore;transfermarkt,3,False,False
2022-23,2022-10-01,Adana Demirspor,Galatasaray,0,0,football-data.co.uk (ayna: xgabora/Club-Football-Match-Data-2000-2025),football-data;sofascore;transfermarkt,3,False,False
2022-23,2022-10-01,Ankaragücü,İstanbul Başakşehir,1,2,football-data.co.uk (ayna: xgabora/Club-Football-Match-Data-2000-2025),football-data;sofascore;transfermarkt,3,False,False
2022-23,2022-10-01,Kasımpaşa,Gaziantep FK,1,0,football-data.co.uk (ayna: xgabora/Club-Football-Match-Data-2000-2025),football-data;sofascore;transfermarkt,3,False,False
2022-23,2022-10-01,Kayserispor,Trabzonspor,1,2,football-data.co.uk (ayna: xgabora/Club-Football-Match-Data-2000-2025),football-data;sofascore;transfermarkt,3,False,False
2022-23,2022-10-02,Alanyaspor,Giresunspor,1,1,football-data.co.uk (ayna: xgabora/Club-Football-Match-Data-2000-2025),football-data;sofascore;transfermarkt,3,False,False
2022-23,2022-10-02,Beşiktaş,Fenerbahçe,0,0,football-data.co.uk (ayna: xgabora/Club-Football-Match-Data-2000-2025),football-data;sofascore;transfermarkt,3,False,False
2022-23,2022-10-02,Konyaspor,Ümraniyespor,1,0,football-data.co.uk (ayna: xgabora/Club-Football-Match-Data-2000-2025),football-data;sofascore;transfermarkt,3,False,False
2022-23,2022-10-02,Sivasspor,Hatayspor,1,2,football-data.co.uk (ayna: xgabora/Club-Football-Match-Data-2000-2025),football-data;sofascore;transfermarkt,3,False,False
2022-23,2022-10-03,Fatih Karagümrük,İstanbulspor,1,2,football-data.co.uk (ayna: xgabora/Club-Football-Match-Data-2000-2025),football-data;sofascore;transfermarkt,3,False,False
2022-23,2022-10-07,Gaziantep FK,Adana Demirspor,1,1,football-data.co.uk (ayna: xgabora/Club-Football-Match-Data-2000-2025),football-data;sofascore;transfermarkt,3,False,False
2022-23,2022-10-08,Antalyaspor,Konyaspor,1,1,football-data.co.uk (ayna: xgabora/Club-Football-Match-Data-2000-2025),football-data;sofascore;transfermarkt,3,False,False
2022-23,2022-10-08,Giresunspor,Beşiktaş,0,1,football-data.co.uk (ayna: xgabora/Club-Football-Match-Data-2000-2025),football-data;sofascore;transfermarkt,3,False,False
2022-23,2022-10-08,İstanbulspor,Ankaragücü,1,2,football-data.co.uk (ayna: xgabora/Club-Football-Match-Data-2000-2025),football-data;sofascore;transfermarkt,3,False,False
2022-23,2022-10-09,Fenerbahçe,Fatih Karagümrük,5,4,football-data.co.uk (ayna: xgabora/Club-Football-Match-Data-2000-2025),football-data;sofascore;transfermarkt,3,False,False
2022-23,2022-10-09,Hatayspor,Alanyaspor,1,0,football-data.co.uk (ayna: xgabora/Club-Football-Match-Data-2000-2025),football-data;sofascore;transfermarkt,3,False,False
2022-23,2022-10-09,Ümraniyespor,Kayserispor,2,2,football-data.co.uk (ayna: xgabora/Club-Football-Match-Data-2000-2025),football-data;sofascore;transfermarkt,3,False,False
2022-23,2022-10-10,Trabzonspor,Kasımpaşa,0,0,football-data.co.uk (ayna: xgabora/Club-Football-Match-Data-2000-2025),football-data;sofascore;transfermarkt,3,False,False
2022-23,2022-10-10,İstanbul Başakşehir,Sivasspor,0,2,football-data.co.uk (ayna: xgabora/Club-Football-Match-Data-2000-2025),football-data;sofascore;transfermarkt,3,False,False
2022-23,2022-10-14,Alanyaspor,Antalyaspor,3,2,football-data.co.uk (ayna: xgabora/Club-Football-Match-Data-2000-2025),football-data;sofascore;transfermarkt,3,False,False
2022-23,2022-10-15,Fatih Karagümrük,Hatayspor,3,0,football-data.co.uk (ayna: xgabora/Club-Football-Match-Data-2000-2025),football-data;sofascore;transfermarkt,3,False,False
2022-23,2022-10-15,Kasımpaşa,Adana Demirspor,1,4,football-data.co.uk (ayna: xgabora/Club-Football-Match-Data-2000-2025),football-data;sofascore;transfermarkt,3,False,False
2022-23,2022-10-15,Kayserispor,Galatasaray,2,1,football-data.co.uk (ayna: xgabora/Club-Football-Match-Data-2000-2025),football-data;sofascore;transfermarkt,3,False,False
2022-23,2022-10-15,Konyaspor,Gaziantep FK,0,1,football-data.co.uk (ayna: xgabora/Club-Football-Match-Data-2000-2025),football-data;sofascore;transfermarkt,3,False,False
2022-23,2022-10-16,Beşiktaş,Trabzonspor,2,2,football-data.co.uk (ayna: xgabora/Club-Football-Match-Data-2000-2025),football-data;sofascore;transfermarkt,3,False,False
2022-23,2022-10-16,İstanbul Başakşehir,İstanbulspor,2,0,football-data.co.uk (ayna: xgabora/Club-Football-Match-Data-2000-2025),football-data;sofascore;transfermarkt,3,False,False
2022-23,2022-10-17,Ankaragücü,Fenerbahçe,0,3,football-data.co.uk (ayna: xgabora/Club-Football-Match-Data-2000-2025),football-data;sofascore;transfermarkt,3,False,False
2022-23,2022-10-17,Sivasspor,Giresunspor,3,0,football-data.co.uk (ayna: xgabora/Club-Football-Match-Data-2000-2025),football-data;sofascore;transfermarkt,3,False,False
2022-23,2022-10-21,Antalyaspor,İstanbulspor,2,1,football-data.co.uk (ayna: xgabora/Club-Football-Match-Data-2000-2025),football-data;sofascore;transfermarkt,3,False,False
2022-23,2022-10-22,Fenerbahçe,İstanbul Başakşehir,1,0,football-data.co.uk (ayna: xgabora/Club-Football-Match-Data-2000-2025),football-data;sofascore;transfermarkt,3,False,False
2022-23,2022-10-22,Trabzonspor,Sivasspor,1,0,football-data.co.uk (ayna: xgabora/Club-Football-Match-Data-2000-2025),football-data;sofascore;transfermarkt,3,False,False
2022-23,2022-10-22,Ümraniyespor,Fatih Karagümrük,1,3,football-data.co.uk (ayna: xgabora/Club-Football-Match-Data-2000-2025),football-data;sofascore;transfermarkt,3,False,False
2022-23,2022-10-23,Adana Demirspor,Konyaspor,1,1,football-data.co.uk (ayna: xgabora/Club-Football-Match-Data-2000-2025),football-data;sofascore;transfermarkt,3,False,False
2022-23,2022-10-23,Galatasaray,Alanyaspor,2,2,football-data.co.uk (ayna: xgabora/Club-Football-Match-Data-2000-2025),football-data;sofascore;transfermarkt,3,False,False
2022-23,2022-10-23,Kasımpaşa,Kayserispor,0,1,football-data.co.uk (ayna: xgabora/Club-Football-Match-Data-2000-2025),football-data;sofascore;transfermarkt,3,False,False
2022-23,2022-10-24,Giresunspor,Ankaragücü,1,1,football-data.co.uk (ayna: xgabora/Club-Football-Match-Data-2000-2025),football-data;sofascore;transfermarkt,3,False,False
2022-23,2022-10-24,Hatayspor,Beşiktaş,2,1,football-data.co.uk (ayna: xgabora/Club-Football-Match-Data-2000-2025),football-data;sofascore;transfermarkt,3,False,False
2022-23,2022-10-28,Fatih Karagümrük,Galatasaray,0,2,football-data.co.uk (ayna: xgabora/Club-Football-Match-Data-2000-2025),football-data;sofascore;transfermarkt,3,False,False
2022-23,2022-10-29,Alanyaspor,Gaziantep FK,2,0,football-data.co.uk (ayna: xgabora/Club-Football-Match-Data-2000-2025),football-data;sofascore;transfermarkt,3,False,False
2022-23,2022-10-29,Konyaspor,Kasımpaşa,1,1,football-data.co.uk (ayna: xgabora/Club-Football-Match-Data-2000-2025),football-data;sofascore;transfermarkt,3,False,False
2022-23,2022-10-30,Ankaragücü,Hatayspor,4,1,football-data.co.uk (ayna: xgabora/Club-Football-Match-Data-2000-2025),football-data;sofascore;transfermarkt,3,False,False
2022-23,2022-10-30,Beşiktaş,Ümraniyespor,5,2,football-data.co.uk (ayna: xgabora/Club-Football-Match-Data-2000-2025),football-data;sofascore;transfermarkt,3,False,False
2022-23,2022-10-30,Kayserispor,Adana Demirspor,2,2,football-data.co.uk (ayna: xgabora/Club-Football-Match-Data-2000-2025),football-data;sofascore;transfermarkt,3,False,False
2022-23,2022-10-30,İstanbulspor,Fenerbahçe,2,5,football-data.co.uk (ayna: xgabora/Club-Football-Match-Data-2000-2025),football-data;sofascore;transfermarkt,3,False,False
2022-23,2022-10-31,Sivasspor,Antalyaspor,0,2,football-data.co.uk (ayna: xgabora/Club-Football-Match-Data-2000-2025),football-data;sofascore;transfermarkt,3,False,False
2022-23,2022-10-31,İstanbul Başakşehir,Giresunspor,3,1,football-data.co.uk (ayna: xgabora/Club-Football-Match-Data-2000-2025),football-data;sofascore;transfermarkt,3,False,False
2022-23,2022-11-04,Kasımpaşa,Ankaragücü,1,1,football-data.co.uk (ayna: xgabora/Club-Football-Match-Data-2000-2025),football-data;sofascore;transfermarkt,3,False,False
2022-23,2022-11-04,Ümraniyespor,Alanyaspor,3,1,football-data.co.uk (ayna: xgabora/Club-Football-Match-Data-2000-2025),football-data;sofascore;transfermarkt,3,False,False
2022-23,2022-11-05,Galatasaray,Beşiktaş,2,1,football-data.co.uk (ayna: xgabora/Club-Football-Match-Data-2000-2025),football-data;sofascore;transfermarkt,3,False,False
2022-23,2022-11-05,Giresunspor,İstanbulspor,3,2,football-data.co.uk (ayna: xgabora/Club-Football-Match-Data-2000-2025),football-data;sofascore;transfermarkt,3,False,False
2022-23,2022-11-06,Antalyaspor,Fatih Karagümrük,4,2,football-data.co.uk (ayna: xgabora/Club-Football-Match-Data-2000-2025),football-data;sofascore;transfermarkt,3,False,False
2022-23,2022-11-06,Gaziantep FK,Kayserispor,1,2,football-data.co.uk (ayna: xgabora/Club-Football-Match-Data-2000-2025),football-data;sofascore;transfermarkt,3,False,False
2022-23,2022-11-06,Trabzonspor,Konyaspor,2,2,football-data.co.uk (ayna: xgabora/Club-Football-Match-Data-2000-2025),football-data;sofascore;transfermarkt,3,False,False
2022-23,2022-11-07,Fenerbahçe,Sivasspor,1,0,football-data.co.uk (ayna: xgabora/Club-Football-Match-Data-2000-2025),football-data;sofascore;transfermarkt,3,False,False
2022-23,2022-11-07,Hatayspor,İstanbul Başakşehir,3,3,football-data.co.uk (ayna: xgabora/Club-Football-Match-Data-2000-2025),football-data;sofascore;transfermarkt,3,False,False
2022-23,2022-11-11,Alanyaspor,Adana Demirspor,0,0,football-data.co.uk (ayna: xgabora/Club-Football-Match-Data-2000-2025),football-data;sofascore;transfermarkt,3,False,False
2022-23,2022-11-11,Ankaragücü,Trabzonspor,1,1,football-data.co.uk (ayna: xgabora/Club-Football-Match-Data-2000-2025),football-data;sofascore;transfermarkt,3,False,False
2022-23,2022-11-12,Fenerbahçe,Giresunspor,1,2,football-data.co.uk (ayna: xgabora/Club-Football-Match-Data-2000-2025),football-data;sofascore;transfermarkt,3,False,False
2022-23,2022-11-12,Sivasspor,Ümraniyespor,2,2,football-data.co.uk (ayna: xgabora/Club-Football-Match-Data-2000-2025),football-data;sofascore;transfermarkt,3,False,False
2022-23,2022-11-12,İstanbul Başakşehir,Galatasaray,0,7,football-data.co.uk (ayna: xgabora/Club-Football-Match-Data-2000-2025),football-data;sofascore;transfermarkt,3,False,False
2022-23,2022-11-13,Fatih Karagümrük,Gaziantep FK,3,3,football-data.co.uk (ayna: xgabora/Club-Football-Match-Data-2000-2025),football-data;sofascore;transfermarkt,3,False,False
2022-23,2022-11-13,Kayserispor,Konyaspor,1,2,football-data.co.uk (ayna: xgabora/Club-Football-Match-Data-2000-2025),football-data;sofascore;transfermarkt,3,False,False
2022-23,2022-11-13,İstanbulspor,Hatayspor,0,1,football-data.co.uk (ayna: xgabora/Club-Football-Match-Data-2000-2025),football-data;sofascore;transfermarkt,3,False,False
2022-23,2022-12-23,Antalyaspor,Ankaragücü,0,2,football-data.co.uk (ayna: xgabora/Club-Football-Match-Data-2000-2025),football-data;sofascore;transfermarkt,3,False,False
2022-23,2022-12-23,Ümraniyespor,İstanbul Başakşehir,1,3,football-data.co.uk (ayna: xgabora/Club-Football-Match-Data-2000-2025),football-data;sofascore;transfermarkt,3,False,False
2022-23,2022-12-24,Hatayspor,Giresunspor,1,1,football-data.co.uk (ayna: xgabora/Club-Football-Match-Data-2000-2025),football-data;sofascore;transfermarkt,3,False,False
2022-23,2022-12-24,Kasımpaşa,Sivasspor,1,2,football-data.co.uk (ayna: xgabora/Club-Football-Match-Data-2000-2025),football-data;sofascore;transfermarkt,3,False,False
2022-23,2022-12-24,Trabzonspor,Fenerbahçe,2,0,football-data.co.uk (ayna: xgabora/Club-Football-Match-Data-2000-2025),football-data;sofascore;transfermarkt,3,False,False
2022-23,2022-12-25,Adana Demirspor,Fatih Karagümrük,2,1,football-data.co.uk (ayna: xgabora/Club-Football-Match-Data-2000-2025),football-data;sofascore;transfermarkt,3,False,False
2022-23,2022-12-25,Galatasaray,İstanbulspor,2,1,football-data.co.uk (ayna: xgabora/Club-Football-Match-Data-2000-2025),football-data;sofascore;transfermarkt,3,False,False
2022-23,2022-12-25,Gaziantep FK,Beşiktaş,1,1,football-data.co.uk (ayna: xgabora/Club-Football-Match-Data-2000-2025),football-data;sofascore;transfermarkt,3,False,False
2022-23,2022-12-25,Konyaspor,Alanyaspor,2,2,football-data.co.uk (ayna: xgabora/Club-Football-Match-Data-2000-2025),football-data;sofascore;transfermarkt,3,False,False
2022-23,2022-12-27,Ankaragücü,Ümraniyespor,1,2,football-data.co.uk (ayna: xgabora/Club-Football-Match-Data-2000-2025),football-data;sofascore;transfermarkt,3,False,False
2022-23,2022-12-27,Fenerbahçe,Hatayspor,4,0,football-data.co.uk (ayna: xgabora/Club-Football-Match-Data-2000-2025),football-data;sofascore;transfermarkt,3,False,False
2022-23,2022-12-27,İstanbul Başakşehir,Antalyaspor,2,0,football-data.co.uk (ayna: xgabora/Club-Football-Match-Data-2000-2025),football-data;sofascore;transfermarkt,3,False,False
2022-23,2022-12-28,Alanyaspor,Kayserispor,3,1,football-data.co.uk (ayna: xgabora/Club-Football-Match-Data-2000-2025),football-data;sofascore;transfermarkt,3,False,False
2022-23,2022-12-28,Fatih Karagümrük,Trabzonspor,4,1,football-data.co.uk (ayna: xgabora/Club-Football-Match-Data-2000-2025),football-data;sofascore;transfermarkt,3,False,False
2022-23,2022-12-28,İstanbulspor,Kasımpaşa,2,1,football-data.co.uk (ayna: xgabora/Club-Football-Match-Data-2000-2025),football-data;sofascore;transfermarkt,3,False,False
2022-23,2022-12-29,Beşiktaş,Adana Demirspor,1,0,football-data.co.uk (ayna: xgabora/Club-Football-Match-Data-2000-2025),football-data;sofascore;transfermarkt,3,False,False
2022-23,2022-12-29,Giresunspor,Gaziantep FK,2,1,football-data.co.uk (ayna: xgabora/Club-Football-Match-Data-2000-2025),football-data;sofascore;transfermarkt,3,False,False
2022-23,2022-12-29,Sivasspor,Galatasaray,1,2,football-data.co.uk (ayna: xgabora/Club-Football-Match-Data-2000-2025),football-data;sofascore;transfermarkt,3,False,False
2022-23,2023-01-03,Antalyaspor,Fenerbahçe,1,2,football-data.co.uk (ayna: xgabora/Club-Football-Match-Data-2000-2025),football-data;sofascore;transfermarkt,3,False,False
2022-23,2023-01-03,Ümraniyespor,Hatayspor,2,2,football-data.co.uk (ayna: xgabora/Club-Football-Match-Data-2000-2025),football-data;sofascore;transfermarkt,3,False,False
2022-23,2023-01-04,Galatasaray,Ankaragücü,2,1,football-data.co.uk (ayna: xgabora/Club-Football-Match-Data-2000-2025),football-data;sofascore;transfermarkt,3,False,False
2022-23,2023-01-04,Kasımpaşa,Alanyaspor,4,1,football-data.co.uk (ayna: xgabora/Club-Football-Match-Data-2000-2025),football-data;sofascore;transfermarkt,3,False,False
2022-23,2023-01-04,Kayserispor,Fatih Karagümrük,2,4,football-data.co.uk (ayna: xgabora/Club-Football-Match-Data-2000-2025),football-data;sofascore;transfermarkt,3,False,False
2022-23,2023-01-04,Konyaspor,Sivasspor,2,2,football-data.co.uk (ayna: xgabora/Club-Football-Match-Data-2000-2025),football-data;sofascore;transfermarkt,3,False,False
2022-23,2023-01-05,Adana Demirspor,İstanbulspor,6,0,football-data.co.uk (ayna: xgabora/Club-Football-Match-Data-2000-2025),football-data;sofascore;transfermarkt,3,False,False
2022-23,2023-01-05,Gaziantep FK,İstanbul Başakşehir,1,1,football-data.co.uk (ayna: xgabora/Club-Football-Match-Data-2000-2025),football-data;sofascore;transfermarkt,3,False,False
2022-23,2023-01-05,Trabzonspor,Giresunspor,3,0,football-data.co.uk (ayna: xgabora/Club-Football-Match-Data-2000-2025),football-data;sofascore;transfermarkt,3,False,False
2022-23,2023-01-07,Beşiktaş,Kasımpaşa,2,1,football-data.co.uk (ayna: xgabora/Club-Football-Match-Data-2000-2025),football-data;sofascore;transfermarkt,3,False,False
2022-23,2023-01-07,Hatayspor,Antalyaspor,0,0,football-data.co.uk (ayna: xgabora/Club-Football-Match-Data-2000-2025),football-data;sofascore;transfermarkt,3,False,False
2022-23,2023-01-08,Ankaragücü,Kayserispor,2,1,football-data.co.uk (ayna: xgabora/Club-Football-Match-Data-2000-2025),football-data;sofascore;transfermarkt,3,False,False
2022-23,2023-01-08,Fatih Karagümrük,Konyaspor,3,3,football-data.co.uk (ayna: xgabora/Club-Football-Match-Data-2000-2025),football-data;sofascore;transfermarkt,3,False,False
2022-23,2023-01-08,Fenerbahçe,Galatasaray,0,3,football-data.co.uk (ayna: xgabora/Club-Football-Match-Data-2000-2025),football-data;sofascore;transfermarkt,3,False,False
2022-23,2023-01-08,Giresunspor,Ümraniyespor,0,1,football-data.co.uk (ayna: xgabora/Club-Football-Match-Data-2000-2025),football-data;sofascore;transfermarkt,3,False,False
2022-23,2023-01-09,Alanyaspor,Trabzonspor,5,0,football-data.co.uk (ayna: xgabora/Club-Football-Match-Data-2000-2025),football-data;sofascore;transfermarkt,3,False,False
2022-23,2023-01-09,İstanbul Başakşehir,Adana Demirspor,2,1,football-data.co.uk (ayna: xgabora/Club-Football-Match-Data-2000-2025),football-data;sofascore;transfermarkt,3,False,False
2022-23,2023-01-09,İstanbulspor,Gaziantep FK,1,1,football-data.co.uk (ayna: xgabora/Club-Football-Match-Data-2000-2025),football-data;sofascore;transfermarkt,3,False,False
2022-23,2023-01-13,Galatasaray,Hatayspor,4,0,football-data.co.uk (ayna: xgabora/Club-Football-Match-Data-2000-2025),football-data;sofascore;transfermarkt,3,False,False
2022-23,2023-01-13,Kayserispor,Sivasspor,4,1,football-data.co.uk (ayna: xgabora/Club-Football-Match-Data-2000-2025),football-data;sofascore;transfermarkt,3,False,False
2022-23,2023-01-14,Adana Demirspor,Ankaragücü,3,1,football-data.co.uk (ayna: xgabora/Club-Football-Match-Data-2000-2025),football-data;sofascore;transfermarkt,3,False,False
2022-23,2023-01-14,Antalyaspor,Giresunspor,2,2,football-data.co.uk (ayna: xgabora/Club-Football-Match-Data-2000-2025),football-data;sofascore;transfermarkt,3,False,False
2022-23,2023-01-14,Konyaspor,Beşiktaş,1,2,football-data.co.uk (ayna: xgabora/Club-Football-Match-Data-2000-2025),football-data;sofascore;transfermarkt,3,False,False
2022-23,2023-01-14,Trabzonspor,İstanbul Başakşehir,1,0,football-data.co.uk (ayna: xgabora/Club-Football-Match-Data-2000-2025),football-data;sofascore;transfermarkt,3,False,False
2022-23,2023-01-15,Gaziantep FK,Fenerbahçe,1,2,football-data.co.uk (ayna: xgabora/Club-Football-Match-Data-2000-2025),football-data;sofascore;transfermarkt,3,False,False
2022-23,2023-01-15,Kasımpaşa,Fatih Karagümrük,2,2,football-data.co.uk (ayna: xgabora/Club-Football-Match-Data-2000-2025),football-data;sofascore;transfermarkt,3,False,False
2022-23,2023-01-15,Ümraniyespor,İstanbulspor,0,2,football-data.co.uk (ayna: xgabora/Club-Football-Match-Data-2000-2025),football-data;sofascore;transfermarkt,3,False,False
2022-23,2023-01-20,Adana Demirspor,Giresunspor,1,1,football-data.co.uk (ayna: xgabora/Club-Football-Match-Data-2000-2025),football-data;sofascore;transfermarkt,3,False,False
2022-23,2023-01-21,Galatasaray,Antalyaspor,2,1,football-data.co.uk (ayna: xgabora/Club-Football-Match-Data-2000-2025),football-data;sofascore;transfermarkt,3,False,False
2022-23,2023-01-21,Kasımpaşa,İstanbul Başakşehir,1,3,football-data.co.uk (ayna: xgabora/Club-Football-Match-Data-2000-2025),football-data;sofascore;transfermarkt,3,False,False
2022-23,2023-01-22,Alanyaspor,Fatih Karagümrük,2,2,football-data.co.uk (ayna: xgabora/Club-Football-Match-Data-2000-2025),football-data;sofascore;transfermarkt,3,False,False
2022-23,2023-01-22,Gaziantep FK,Sivasspor,1,2,football-data.co.uk (ayna: xgabora/Club-Football-Match-Data-2000-2025),football-data;sofascore;transfermarkt,3,False,False
2022-23,2023-01-22,Kayserispor,Beşiktaş,0,2,football-data.co.uk (ayna: xgabora/Club-Football-Match-Data-2000-2025),football-data;sofascore;transfermarkt,3,False,False
2022-23,2023-01-22,Trabzonspor,İstanbulspor,4,0,football-data.co.uk (ayna: xgabora/Club-Football-Match-Data-2000-2025),football-data;sofascore;transfermarkt,3,False,False
2022-23,2023-01-23,Konyaspor,Ankaragücü,0,1,football-data.co.uk (ayna: xgabora/Club-Football-Match-Data-2000-2025),football-data;sofascore;transfermarkt,3,False,False
2022-23,2023-01-23,Ümraniyespor,Fenerbahçe,1,2,football-data.co.uk (ayna: xgabora/Club-Football-Match-Data-2000-2025),football-data;sofascore;transfermarkt,3,False,False
2022-23,2023-01-27,Beşiktaş,Alanyaspor,3,0,football-data.co.uk (ayna: xgabora/Club-Football-Match-Data-2000-2025),football-data;sofascore;transfermarkt,3,False,False
2022-23,2023-01-28,Ankaragücü,Gaziantep FK,0,2,football-data.co.uk (ayna: xgabora/Club-Football-Match-Data-2000-2025),football-data;sofascore;transfermarkt,3,False,False
2022-23,2023-01-28,Antalyaspor,Ümraniyespor,3,2,football-data.co.uk (ayna: xgabora/Club-Football-Match-Data-2000-2025),football-data;sofascore;transfermarkt,3,False,False
2022-23,2023-01-28,Giresunspor,Galatasaray,0,4,football-data.co.uk (ayna: xgabora/Club-Football-Match-Data-2000-2025),football-data;sofascore;transfermarkt,3,False,False
2022-23,2023-01-28,Hatayspor,Trabzonspor,2,1,football-data.co.uk (ayna: xgabora/Club-Football-Match-Data-2000-2025),football-data;sofascore;transfermarkt,3,False,False
2022-23,2023-01-28,Sivasspor,Adana Demirspor,1,2,football-data.co.uk (ayna: xgabora/Club-Football-Match-Data-2000-2025),football-data;sofascore;transfermarkt,3,False,False
2022-23,2023-01-29,Fenerbahçe,Kasımpaşa,5,1,football-data.co.uk (ayna: xgabora/Club-Football-Match-Data-2000-2025),football-data;sofascore;transfermarkt,3,False,False
2022-23,2023-01-29,İstanbul Başakşehir,Konyaspor,2,0,football-data.co.uk (ayna: xgabora/Club-Football-Match-Data-2000-2025),football-data;sofascore;transfermarkt,3,False,False
2022-23,2023-01-29,İstanbulspor,Kayserispor,2,4,football-data.co.uk (ayna: xgabora/Club-Football-Match-Data-2000-2025),football-data;sofascore;transfermarkt,3,False,False
2022-23,2023-01-31,Alanyaspor,Sivasspor,0,3,football-data.co.uk (ayna: xgabora/Club-Football-Match-Data-2000-2025),football-data;sofascore;transfermarkt,3,False,False
2022-23,2023-01-31,Fatih Karagümrük,Beşiktaş,1,1,football-data.co.uk (ayna: xgabora/Club-Football-Match-Data-2000-2025),football-data;sofascore;transfermarkt,3,False,False
2022-23,2023-02-01,Galatasaray,Ümraniyespor,3,2,football-data.co.uk (ayna: xgabora/Club-Football-Match-Data-2000-2025),football-data;sofascore;transfermarkt,3,False,False
2022-23,2023-02-01,Gaziantep FK,Hatayspor,4,1,football-data.co.uk (ayna: xgabora/Club-Football-Match-Data-2000-2025),football-data;sofascore;transfermarkt,3,False,False
2022-23,2023-02-01,Kasımpaşa,Giresunspor,5,1,football-data.co.uk (ayna: xgabora/Club-Football-Match-Data-2000-2025),football-data;sofascore;transfermarkt,3,False,False
2022-23,2023-02-01,Trabzonspor,Antalyaspor,2,0,football-data.co.uk (ayna: xgabora/Club-Football-Match-Data-2000-2025),football-data;sofascore;transfermarkt,3,False,False
2022-23,2023-02-02,Adana Demirspor,Fenerbahçe,1,1,football-data.co.uk (ayna: xgabora/Club-Football-Match-Data-2000-2025),football-data;sofascore;transfermarkt,3,False,False
2022-23,2023-02-02,Kayserispor,İstanbul Başakşehir,1,0,football-data.co.uk (ayna: xgabora/Club-Football-Match-Data-2000-2025),football-data;sofascore;transfermarkt,3,False,False
2022-23,2023-02-02,Konyaspor,İstanbulspor,0,1,football-data.co.uk (ayna: xgabora/Club-Football-Match-Data-2000-2025),football-data;sofascore;transfermarkt,3,False,False
2022-23,2023-02-04,Ankaragücü,Fatih Karagümrük,0,2,football-data.co.uk (ayna: xgabora/Club-Football-Match-Data-2000-2025),football-data;sofascore;transfermarkt,3,False,False
2022-23,2023-02-04,Antalyaspor,Gaziantep FK,1,0,football-data.co.uk (ayna: xgabora/Club-Football-Match-Data-2000-2025),football-data;sofascore;transfermarkt,3,False,False
2022-23,2023-02-04,Sivasspor,Beşiktaş,1,0,football-data.co.uk (ayna: xgabora/Club-Football-Match-Data-2000-2025),football-data;sofascore;transfermarkt,3,False,False
2022-23,2023-02-05,Galatasaray,Trabzonspor,2,1,football-data.co.uk (ayna: xgabora/Club-Football-Match-Data-2000-2025),football-data;sofascore;transfermarkt,3,False,False
2022-23,2023-02-05,Hatayspor,Kasımpaşa,1,0,football-data.co.uk (ayna: xgabora/Club-Football-Match-Data-2000-2025),football-data;sofascore;transfermarkt,3,False,False
2022-23,2023-02-05,İstanbulspor,Alanyaspor,2,1,football-data.co.uk (ayna: xgabora/Club-Football-Match-Data-2000-2025),football-data;sofascore;transfermarkt,3,False,False
2022-23,2023-02-25,Fenerbahçe,Konyaspor,4,0,football-data.co.uk (ayna: xgabora/Club-Football-Match-Data-2000-2025),football-data;sofascore;transfermarkt,3,False,False
2022-23,2023-02-25,Giresunspor,Kayserispor,1,2,football-data.co.uk (ayna: xgabora/Club-Football-Match-Data-2000-2025),football-data;sofascore;transfermarkt,3,False,False
2022-23,2023-02-25,Ümraniyespor,Gaziantep FK,3,0,football-data.co.uk (ayna: xgabora/Club-Football-Match-Data-2000-2025),football-data;transfermarkt,2,False,False
2022-23,2023-02-26,Beşiktaş,Antalyaspor,0,0,football-data.co.uk (ayna: xgabora/Club-Football-Match-Data-2000-2025),football-data;sofascore;transfermarkt,3,False,False
2022-23,2023-02-26,Ümraniyespor,Adana Demirspor,1,1,football-data.co.uk (ayna: xgabora/Club-Football-Match-Data-2000-2025),football-data;sofascore;transfermarkt,3,False,False
2022-23,2023-03-03,Alanyaspor,İstanbul Başakşehir,1,0,football-data.co.uk (ayna: xgabora/Club-Football-Match-Data-2000-2025),football-data;sofascore;transfermarkt,3,False,False
2022-23,2023-03-04,Fatih Karagümrük,Sivasspor,4,3,football-data.co.uk (ayna: xgabora/Club-Football-Match-Data-2000-2025),football-data;sofascore;transfermarkt,3,False,False
2022-23,2023-03-04,Kayserispor,Fenerbahçe,1,2,football-data.co.uk (ayna: xgabora/Club-Football-Match-Data-2000-2025),football-data;sofascore;transfermarkt,3,False,False
2022-23,2023-03-04,Trabzonspor,Ümraniyespor,1,2,football-data.co.uk (ayna: xgabora/Club-Football-Match-Data-2000-2025),football-data;sofascore;transfermarkt,3,False,False
2022-23,2023-03-05,Adana Demirspor,Hatayspor,3,0,football-data.co.uk (ayna: xgabora/Club-Football-Match-Data-2000-2025),football-data;transfermarkt,2,False,False
2022-23,2023-03-05,Beşiktaş,Ankaragücü,2,1,football-data.co.uk (ayna: xgabora/Club-Football-Match-Data-2000-2025),football-data;sofascore;transfermarkt,3,False,False
2022-23,2023-03-05,Gaziantep FK,Galatasaray,0,3,football-data.co.uk (ayna: xgabora/Club-Football-Match-Data-2000-2025),football-data;transfermarkt,2,False,False
2022-23,2023-03-05,Konyaspor,Giresunspor,0,0,football-data.co.uk (ayna: xgabora/Club-Football-Match-Data-2000-2025),football-data;sofascore;transfermarkt,3,False,False
2022-23,2023-03-06,Kasımpaşa,Antalyaspor,3,1,football-data.co.uk (ayna: xgabora/Club-Football-Match-Data-2000-2025),football-data;sofascore;transfermarkt,3,False,False
2022-23,2023-03-10,Giresunspor,Fatih Karagümrük,2,2,football-data.co.uk (ayna: xgabora/Club-Football-Match-Data-2000-2025),football-data;sofascore;transfermarkt,3,False,False
2022-23,2023-03-11,Antalyaspor,Kayserispor,4,0,football-data.co.uk (ayna: xgabora/Club-Football-Match-Data-2000-2025),football-data;sofascore;transfermarkt,3,False,False
2022-23,2023-03-11,Galatasaray,Kasımpaşa,1,0,football-data.co.uk (ayna: xgabora/Club-Football-Match-Data-2000-2025),football-data;sofascore;transfermarkt,3,False,False
2022-23,2023-03-12,Ankaragücü,Alanyaspor,2,0,football-data.co.uk (ayna: xgabora/Club-Football-Match-Data-2000-2025),football-data;sofascore;transfermarkt,3,False,False
2022-23,2023-03-12,Hatayspor,Konyaspor,0,3,football-data.co.uk (ayna: xgabora/Club-Football-Match-Data-2000-2025),football-data;transfermarkt,2,False,False
2022-23,2023-03-12,Trabzonspor,Adana Demirspor,4,1,football-data.co.uk (ayna: xgabora/Club-Football-Match-Data-2000-2025),football-data;sofascore;transfermarkt,3,False,False
2022-23,2023-03-12,İstanbul Başakşehir,Beşiktaş,0,2,football-data.co.uk (ayna: xgabora/Club-Football-Match-Data-2000-2025),football-data;sofascore;transfermarkt,3,False,False
2022-23,2023-03-13,İstanbulspor,Sivasspor,3,0,football-data.co.uk (ayna: xgabora/Club-Football-Match-Data-2000-2025),football-data;sofascore;transfermarkt,3,False,False
2022-23,2023-03-17,Konyaspor,Galatasaray,2,1,football-data.co.uk (ayna: xgabora/Club-Football-Match-Data-2000-2025),football-data;sofascore;transfermarkt,3,False,False
2022-23,2023-03-18,Adana Demirspor,Antalyaspor,2,0,football-data.co.uk (ayna: xgabora/Club-Football-Match-Data-2000-2025),football-data;sofascore;transfermarkt,3,False,False
2022-23,2023-03-18,Beşiktaş,İstanbulspor,3,1,football-data.co.uk (ayna: xgabora/Club-Football-Match-Data-2000-2025),football-data;sofascore;transfermarkt,3,False,False
2022-23,2023-03-18,Kasımpaşa,Ümraniyespor,1,1,football-data.co.uk (ayna: xgabora/Club-Football-Match-Data-2000-2025),football-data;sofascore;transfermarkt,3,False,False
2022-23,2023-03-19,Alanyaspor,Fenerbahçe,1,3,football-data.co.uk (ayna: xgabora/Club-Football-Match-Data-2000-2025),football-data;sofascore;transfermarkt,3,False,False
2022-23,2023-03-19,Fatih Karagümrük,İstanbul Başakşehir,2,2,football-data.co.uk (ayna: xgabora/Club-Football-Match-Data-2000-2025),football-data;sofascore;transfermarkt,3,False,False
2022-23,2023-03-19,Gaziantep FK,Trabzonspor,0,3,football-data.co.uk (ayna: xgabora/Club-Football-Match-Data-2000-2025),football-data;transfermarkt,2,False,False
2022-23,2023-03-19,Kayserispor,Hatayspor,3,0,football-data.co.uk (ayna: xgabora/Club-Football-Match-Data-2000-2025),football-data;transfermarkt,2,False,False
2022-23,2023-03-19,Sivasspor,Ankaragücü,2,0,football-data.co.uk (ayna: xgabora/Club-Football-Match-Data-2000-2025),football-data;sofascore;transfermarkt,3,False,False
2022-23,2023-04-01,Galatasaray,Adana Demirspor,2,0,football-data.co.uk (ayna: xgabora/Club-Football-Match-Data-2000-2025),football-data;sofascore;transfermarkt,3,False,False
2022-23,2023-04-01,Trabzonspor,Kayserispor,3,4,football-data.co.uk (ayna: xgabora/Club-Football-Match-Data-2000-2025),football-data;sofascore;transfermarkt,3,False,False
2022-23,2023-04-01,İstanbul Başakşehir,Ankaragücü,1,0,football-data.co.uk (ayna: xgabora/Club-Football-Match-Data-2000-2025),football-data;sofascore;transfermarkt,3,False,False
2022-23,2023-04-02,Fenerbahçe,Beşiktaş,2,4,football-data.co.uk (ayna: xgabora/Club-Football-Match-Data-2000-2025),football-data;sofascore;transfermarkt,3,False,False
2022-23,2023-04-02,Gaziantep FK,Kasımpaşa,0,3,football-data.co.uk (ayna: xgabora/Club-Football-Match-Data-2000-2025),football-data;transfermarkt,2,False,False
2022-23,2023-04-02,Giresunspor,Alanyaspor,2,2,football-data.co.uk (ayna: xgabora/Club-Football-Match-Data-2000-2025),football-data;sofascore;transfermarkt,3,False,False
2022-23,2023-04-02,Hatayspor,Sivasspor,0,3,football-data.co.uk (ayna: xgabora/Club-Football-Match-Data-2000-2025),football-data;transfermarkt,2,False,False
2022-23,2023-04-02,Ümraniyespor,Konyaspor,2,2,football-data.co.uk (ayna: xgabora/Club-Football-Match-Data-2000-2025),football-data;sofascore;transfermarkt,3,False,False
2022-23,2023-04-03,İstanbulspor,Fatih Karagümrük,0,1,football-data.co.uk (ayna: xgabora/Club-Football-Match-Data-2000-2025),football-data;sofascore;transfermarkt,3,False,False
2022-23,2023-04-07,Konyaspor,Antalyaspor,1,1,football-data.co.uk (ayna: xgabora/Club-Football-Match-Data-2000-2025),football-data;sofascore;transfermarkt,3,False,False
2022-23,2023-04-08,Ankaragücü,İstanbulspor,3,2,football-data.co.uk (ayna: xgabora/Club-Football-Match-Data-2000-2025),football-data;sofascore;transfermarkt,3,False,False
2022-23,2023-04-08,Kasımpaşa,Trabzonspor,2,0,football-data.co.uk (ayna: xgabora/Club-Football-Match-Data-2000-2025),football-data;sofascore;transfermarkt,3,False,False
2022-23,2023-04-09,Adana Demirspor,Gaziantep FK,3,0,football-data.co.uk (ayna: xgabora/Club-Football-Match-Data-2000-2025),football-data;transfermarkt,2,False,False
2022-23,2023-04-09,Alanyaspor,Hatayspor,3,0,football-data.co.uk (ayna: xgabora/Club-Football-Match-Data-2000-2025),football-data;transfermarkt,2,False,False
2022-23,2023-04-09,Beşiktaş,Giresunspor,3,1,football-data.co.uk (ayna: xgabora/Club-Football-Match-Data-2000-2025),football-data;sofascore;transfermarkt,3,False,False
2022-23,2023-04-09,Sivasspor,İstanbul Başakşehir,1,1,football-data.co.uk (ayna: xgabora/Club-Football-Match-Data-2000-2025),football-data;sofascore;transfermarkt,3,False,False
2022-23,2023-04-10,Fatih Karagümrük,Fenerbahçe,1,2,football-data.co.uk (ayna: xgabora/Club-Football-Match-Data-2000-2025),football-data;sofascore;transfermarkt,3,False,False
2022-23,2023-04-10,Kayserispor,Ümraniyespor,3,1,football-data.co.uk (ayna: xgabora/Club-Football-Match-Data-2000-2025),football-data;sofascore;transfermarkt,3,False,False
2022-23,2023-04-14,Antalyaspor,Alanyaspor,3,1,football-data.co.uk (ayna: xgabora/Club-Football-Match-Data-2000-2025),football-data;sofascore;transfermarkt,3,False,False
2022-23,2023-04-14,Galatasaray,Kayserispor,6,0,football-data.co.uk (ayna: xgabora/Club-Football-Match-Data-2000-2025),football-data;sofascore;transfermarkt,3,False,False
2022-23,2023-04-15,Adana Demirspor,Kasımpaşa,5,0,football-data.co.uk (ayna: xgabora/Club-Football-Match-Data-2000-2025),football-data;sofascore;transfermarkt,3,False,False
2022-23,2023-04-15,Fenerbahçe,Ankaragücü,2,1,football-data.co.uk (ayna: xgabora/Club-Football-Match-Data-2000-2025),football-data;sofascore;transfermarkt,3,False,False
2022-23,2023-04-15,İstanbulspor,İstanbul Başakşehir,1,0,football-data.co.uk (ayna: xgabora/Club-Football-Match-Data-2000-2025),football-data;sofascore;transfermarkt,3,False,False
2022-23,2023-04-16,Gaziantep FK,Konyaspor,0,3,football-data.co.uk (ayna: xgabora/Club-Football-Match-Data-2000-2025),football-data;transfermarkt,2,False,False
2022-23,2023-04-16,Giresunspor,Sivasspor,1,0,football-data.co.uk (ayna: xgabora/Club-Football-Match-Data-2000-2025),football-data;sofascore;transfermarkt,3,False,False
2022-23,2023-04-16,Hatayspor,Fatih Karagümrük,0,3,football-data.co.uk (ayna: xgabora/Club-Football-Match-Data-2000-2025),football-data;transfermarkt,2,False,False
2022-23,2023-04-16,Trabzonspor,Beşiktaş,0,0,football-data.co.uk (ayna: xgabora/Club-Football-Match-Data-2000-2025),football-data;sofascore;transfermarkt,3,False,False
2022-23,2023-04-18,Alanyaspor,Galatasaray,1,4,football-data.co.uk (ayna: xgabora/Club-Football-Match-Data-2000-2025),football-data;sofascore;transfermarkt,3,False,False
2022-23,2023-04-18,Fatih Karagümrük,Ümraniyespor,4,2,football-data.co.uk (ayna: xgabora/Club-Football-Match-Data-2000-2025),football-data;sofascore;transfermarkt,3,False,False
2022-23,2023-04-19,Beşiktaş,Hatayspor,3,0,football-data.co.uk (ayna: xgabora/Club-Football-Match-Data-2000-2025),football-data;transfermarkt,2,False,False
2022-23,2023-04-19,Kayserispor,Kasımpaşa,0,0,football-data.co.uk (ayna: xgabora/Club-Football-Match-Data-2000-2025),football-data;sofascore;transfermarkt,3,False,False
2022-23,2023-04-19,Konyaspor,Adana Demirspor,1,2,football-data.co.uk (ayna: xgabora/Club-Football-Match-Data-2000-2025),football-data;sofascore;transfermarkt,3,False,False
2022-23,2023-04-19,İstanbul Başakşehir,Fenerbahçe,1,2,football-data.co.uk (ayna: xgabora/Club-Football-Match-Data-2000-2025),football-data;sofascore;transfermarkt,3,False,False
2022-23,2023-04-19,İstanbulspor,Antalyaspor,3,3,football-data.co.uk (ayna: xgabora/Club-Football-Match-Data-2000-2025),football-data;sofascore;transfermarkt,3,False,False
2022-23,2023-04-20,Ankaragücü,Giresunspor,3,1,football-data.co.uk (ayna: xgabora/Club-Football-Match-Data-2000-2025),football-data;sofascore;transfermarkt,3,False,False
2022-23,2023-04-20,Sivasspor,Trabzonspor,4,1,football-data.co.uk (ayna: xgabora/Club-Football-Match-Data-2000-2025),football-data;sofascore;transfermarkt,3,False,False
2022-23,2023-04-22,Ümraniyespor,Beşiktaş,0,2,football-data.co.uk (ayna: xgabora/Club-Football-Match-Data-2000-2025),football-data;sofascore;transfermarkt,3,False,False
2022-23,2023-04-23,Adana Demirspor,Kayserispor,5,3,football-data.co.uk (ayna: xgabora/Club-Football-Match-Data-2000-2025),football-data;sofascore;transfermarkt,3,False,False
2022-23,2023-04-23,Galatasaray,Fatih Karagümrük,3,3,football-data.co.uk (ayna: xgabora/Club-Football-Match-Data-2000-2025),football-data;sofascore;transfermarkt,3,False,False
2022-23,2023-04-23,Gaziantep FK,Alanyaspor,0,3,football-data.co.uk (ayna: xgabora/Club-Football-Match-Data-2000-2025),football-data;transfermarkt,2,False,False
2022-23,2023-04-23,Hatayspor,Ankaragücü,0,3,football-data.co.uk (ayna: xgabora/Club-Football-Match-Data-2000-2025),football-data;transfermarkt,2,False,False
2022-23,2023-04-23,Kasımpaşa,Konyaspor,1,2,football-data.co.uk (ayna: xgabora/Club-Football-Match-Data-2000-2025),football-data;sofascore;transfermarkt,3,False,False
2022-23,2023-04-24,Antalyaspor,Sivasspor,1,2,football-data.co.uk (ayna: xgabora/Club-Football-Match-Data-2000-2025),football-data;sofascore;transfermarkt,3,False,False
2022-23,2023-04-24,Fenerbahçe,İstanbulspor,3,3,football-data.co.uk (ayna: xgabora/Club-Football-Match-Data-2000-2025),football-data;sofascore;transfermarkt,3,False,False
2022-23,2023-04-24,Giresunspor,İstanbul Başakşehir,2,4,football-data.co.uk (ayna: xgabora/Club-Football-Match-Data-2000-2025),football-data;sofascore;transfermarkt,3,False,False
2022-23,2023-04-28,Alanyaspor,Ümraniyespor,1,0,football-data.co.uk (ayna: xgabora/Club-Football-Match-Data-2000-2025),football-data;sofascore;transfermarkt,3,False,False
2022-23,2023-04-29,Ankaragücü,Kasımpaşa,0,0,football-data.co.uk (ayna: xgabora/Club-Football-Match-Data-2000-2025),football-data;sofascore;transfermarkt,3,False,False
2022-23,2023-04-29,Fatih Karagümrük,Antalyaspor,0,1,football-data.co.uk (ayna: xgabora/Club-Football-Match-Data-2000-2025),football-data;sofascore;transfermarkt,3,False,False
2022-23,2023-04-29,Konyaspor,Trabzonspor,2,1,football-data.co.uk (ayna: xgabora/Club-Football-Match-Data-2000-2025),football-data;sofascore;transfermarkt,3,False,False
2022-23,2023-04-29,Sivasspor,Fenerbahçe,1,3,football-data.co.uk (ayna: xgabora/Club-Football-Match-Data-2000-2025),football-data;sofascore;transfermarkt,3,False,False
2022-23,2023-04-30,Beşiktaş,Galatasaray,3,1,football-data.co.uk (ayna: xgabora/Club-Football-Match-Data-2000-2025),football-data;sofascore;transfermarkt,3,False,False
2022-23,2023-04-30,Kayserispor,Gaziantep FK,3,0,football-data.co.uk (ayna: xgabora/Club-Football-Match-Data-2000-2025),football-data;transfermarkt,2,False,False
2022-23,2023-04-30,İstanbul Başakşehir,Hatayspor,3,0,football-data.co.uk (ayna: xgabora/Club-Football-Match-Data-2000-2025),football-data;transfermarkt,2,False,False
2022-23,2023-05-01,İstanbulspor,Giresunspor,1,0,football-data.co.uk (ayna: xgabora/Club-Football-Match-Data-2000-2025),football-data;sofascore;transfermarkt,3,False,False
2022-23,2023-05-06,Adana Demirspor,Alanyaspor,4,2,football-data.co.uk (ayna: xgabora/Club-Football-Match-Data-2000-2025),football-data;sofascore;transfermarkt,3,False,False
2022-23,2023-05-06,Antalyaspor,Beşiktaş,1,3,football-data.co.uk (ayna: xgabora/Club-Football-Match-Data-2000-2025),football-data;sofascore;transfermarkt,3,False,False
2022-23,2023-05-07,Gaziantep FK,Fatih Karagümrük,0,3,football-data.co.uk (ayna: xgabora/Club-Football-Match-Data-2000-2025),football-data;transfermarkt,2,False,False
2022-23,2023-05-07,Giresunspor,Fenerbahçe,1,1,football-data.co.uk (ayna: xgabora/Club-Football-Match-Data-2000-2025),football-data;sofascore;transfermarkt,3,False,False
2022-23,2023-05-07,Hatayspor,İstanbulspor,0,3,football-data.co.uk (ayna: xgabora/Club-Football-Match-Data-2000-2025),football-data;transfermarkt,2,False,False
2022-23,2023-05-07,Konyaspor,Kayserispor,2,2,football-data.co.uk (ayna: xgabora/Club-Football-Match-Data-2000-2025),football-data;sofascore;transfermarkt,3,False,False
2022-23,2023-05-07,Ümraniyespor,Sivasspor,4,1,football-data.co.uk (ayna: xgabora/Club-Football-Match-Data-2000-2025),football-data;sofascore;transfermarkt,3,False,False
2022-23,2023-05-08,Galatasaray,İstanbul Başakşehir,1,0,football-data.co.uk (ayna: xgabora/Club-Football-Match-Data-2000-2025),football-data;sofascore;transfermarkt,3,False,False
2022-23,2023-05-08,Trabzonspor,Ankaragücü,2,0,football-data.co.uk (ayna: xgabora/Club-Football-Match-Data-2000-2025),football-data;sofascore;transfermarkt,3,False,False
2022-23,2023-05-16,Alanyaspor,Konyaspor,0,3,football-data.co.uk (ayna: xgabora/Club-Football-Match-Data-2000-2025),football-data;sofascore;transfermarkt,3,False,False
2022-23,2023-05-16,Sivasspor,Kasımpaşa,1,2,football-data.co.uk (ayna: xgabora/Club-Football-Match-Data-2000-2025),football-data;sofascore;transfermarkt,3,False,False
2022-23,2023-05-16,İstanbulspor,Galatasaray,0,2,football-data.co.uk (ayna: xgabora/Club-Football-Match-Data-2000-2025),football-data;sofascore;transfermarkt,3,False,False
2022-23,2023-05-17,Ankaragücü,Antalyaspor,1,1,football-data.co.uk (ayna: xgabora/Club-Football-Match-Data-2000-2025),football-data;sofascore;transfermarkt,3,False,False
2022-23,2023-05-17,Beşiktaş,Gaziantep FK,3,0,football-data.co.uk (ayna: xgabora/Club-Football-Match-Data-2000-2025),football-data;transfermarkt,2,False,False
2022-23,2023-05-17,Fatih Karagümrük,Adana Demirspor,2,3,football-data.co.uk (ayna: xgabora/Club-Football-Match-Data-2000-2025),football-data;sofascore;transfermarkt,3,False,False
2022-23,2023-05-17,Giresunspor,Hatayspor,3,0,football-data.co.uk (ayna: xgabora/Club-Football-Match-Data-2000-2025),football-data;transfermarkt,2,False,False
2022-23,2023-05-17,İstanbul Başakşehir,Ümraniyespor,1,1,football-data.co.uk (ayna: xgabora/Club-Football-Match-Data-2000-2025),football-data;sofascore;transfermarkt,3,False,False
2022-23,2023-05-18,Fenerbahçe,Trabzonspor,3,1,football-data.co.uk (ayna: xgabora/Club-Football-Match-Data-2000-2025),football-data;sofascore;transfermarkt,3,False,False
2022-23,2023-05-20,Galatasaray,Sivasspor,2,0,football-data.co.uk (ayna: xgabora/Club-Football-Match-Data-2000-2025),football-data;sofascore;transfermarkt,3,False,False
2022-23,2023-05-20,Kasımpaşa,İstanbulspor,1,0,football-data.co.uk (ayna: xgabora/Club-Football-Match-Data-2000-2025),football-data;sofascore;transfermarkt,3,False,False
2022-23,2023-05-20,Kayserispor,Alanyaspor,0,4,football-data.co.uk (ayna: xgabora/Club-Football-Match-Data-2000-2025),football-data;sofascore;transfermarkt,3,False,False
2022-23,2023-05-21,Adana Demirspor,Beşiktaş,1,4,football-data.co.uk (ayna: xgabora/Club-Football-Match-Data-2000-2025),football-data;sofascore;transfermarkt,3,False,False
2022-23,2023-05-21,Antalyaspor,İstanbul Başakşehir,0,0,football-data.co.uk (ayna: xgabora/Club-Football-Match-Data-2000-2025),football-data;sofascore;transfermarkt,3,False,False
2022-23,2023-05-21,Gaziantep FK,Giresunspor,0,3,football-data.co.uk (ayna: xgabora/Club-Football-Match-Data-2000-2025),football-data;transfermarkt,2,False,False
2022-23,2023-05-21,Hatayspor,Fenerbahçe,0,3,football-data.co.uk (ayna: xgabora/Club-Football-Match-Data-2000-2025),football-data;transfermarkt,2,False,False
2022-23,2023-05-21,Ümraniyespor,Ankaragücü,1,2,football-data.co.uk (ayna: xgabora/Club-Football-Match-Data-2000-2025),football-data;sofascore;transfermarkt,3,False,False
2022-23,2023-05-22,Trabzonspor,Fatih Karagümrük,4,1,football-data.co.uk (ayna: xgabora/Club-Football-Match-Data-2000-2025),football-data;sofascore;transfermarkt,3,False,False
2022-23,2023-05-30,Alanyaspor,Kasımpaşa,1,3,football-data.co.uk (ayna: xgabora/Club-Football-Match-Data-2000-2025),football-data;sofascore;transfermarkt,3,False,False
2022-23,2023-05-30,Ankaragücü,Galatasaray,1,4,football-data.co.uk (ayna: xgabora/Club-Football-Match-Data-2000-2025),football-data;sofascore;transfermarkt,3,False,False
2022-23,2023-05-30,Fatih Karagümrük,Kayserispor,2,0,football-data.co.uk (ayna: xgabora/Club-Football-Match-Data-2000-2025),football-data;sofascore;transfermarkt,3,False,False
2022-23,2023-05-30,Fenerbahçe,Antalyaspor,2,0,football-data.co.uk (ayna: xgabora/Club-Football-Match-Data-2000-2025),football-data;sofascore;transfermarkt,3,False,False
2022-23,2023-05-30,Giresunspor,Trabzonspor,2,4,football-data.co.uk (ayna: xgabora/Club-Football-Match-Data-2000-2025),football-data;sofascore;transfermarkt,3,False,False
2022-23,2023-05-30,Hatayspor,Ümraniyespor,0,3,football-data.co.uk (ayna: xgabora/Club-Football-Match-Data-2000-2025),football-data;transfermarkt,2,False,False
2022-23,2023-05-30,Sivasspor,Konyaspor,1,0,football-data.co.uk (ayna: xgabora/Club-Football-Match-Data-2000-2025),football-data;sofascore;transfermarkt,3,False,False
2022-23,2023-05-30,İstanbul Başakşehir,Gaziantep FK,3,0,football-data.co.uk (ayna: xgabora/Club-Football-Match-Data-2000-2025),football-data;transfermarkt,2,False,False
2022-23,2023-05-30,İstanbulspor,Adana Demirspor,0,2,football-data.co.uk (ayna: xgabora/Club-Football-Match-Data-2000-2025),football-data;sofascore;transfermarkt,3,False,False
2022-23,2023-06-03,Adana Demirspor,İstanbul Başakşehir,2,3,football-data.co.uk (ayna: xgabora/Club-Football-Match-Data-2000-2025),football-data;sofascore;transfermarkt,3,False,False
2022-23,2023-06-03,Antalyaspor,Hatayspor,3,0,football-data.co.uk (ayna: xgabora/Club-Football-Match-Data-2000-2025),football-data;transfermarkt,2,False,False
2022-23,2023-06-03,Gaziantep FK,İstanbulspor,0,3,football-data.co.uk (ayna: xgabora/Club-Football-Match-Data-2000-2025),football-data;transfermarkt,2,False,False
2022-23,2023-06-03,Kasımpaşa,Beşiktaş,2,5,football-data.co.uk (ayna: xgabora/Club-Football-Match-Data-2000-2025),football-data;sofascore;transfermarkt,3,False,False
2022-23,2023-06-03,Kayserispor,Ankaragücü,0,1,football-data.co.uk (ayna: xgabora/Club-Football-Match-Data-2000-2025),football-data;sofascore;transfermarkt,3,False,False
2022-23,2023-06-03,Konyaspor,Fatih Karagümrük,1,1,football-data.co.uk (ayna: xgabora/Club-Football-Match-Data-2000-2025),football-data;sofascore;transfermarkt,3,False,False
2022-23,2023-06-03,Trabzonspor,Alanyaspor,5,1,football-data.co.uk (ayna: xgabora/Club-Football-Match-Data-2000-2025),football-data;sofascore;transfermarkt,3,False,False
2022-23,2023-06-03,Ümraniyespor,Giresunspor,0,1,football-data.co.uk (ayna: xgabora/Club-Football-Match-Data-2000-2025),football-data;sofascore;transfermarkt,3,False,False
2022-23,2023-06-04,Galatasaray,Fenerbahçe,3,0,football-data.co.uk (ayna: xgabora/Club-Football-Match-Data-2000-2025),football-data;sofascore;transfermarkt,3,False,False
2022-23,2023-06-06,Fatih Karagümrük,Kasımpaşa,3,0,football-data.co.uk (ayna: xgabora/Club-Football-Match-Data-2000-2025),football-data;sofascore;transfermarkt,3,False,False
2022-23,2023-06-06,Sivasspor,Kayserispor,1,1,football-data.co.uk (ayna: xgabora/Club-Football-Match-Data-2000-2025),football-data;sofascore;transfermarkt,3,False,False
2022-23,2023-06-06,İstanbul Başakşehir,Trabzonspor,3,1,football-data.co.uk (ayna: xgabora/Club-Football-Match-Data-2000-2025),football-data;sofascore;transfermarkt,3,False,False
2022-23,2023-06-07,Ankaragücü,Adana Demirspor,1,2,football-data.co.uk (ayna: xgabora/Club-Football-Match-Data-2000-2025),football-data;sofascore;transfermarkt,3,False,False
2022-23,2023-06-07,Beşiktaş,Konyaspor,3,3,football-data.co.uk (ayna: xgabora/Club-Football-Match-Data-2000-2025),football-data;sofascore;transfermarkt,3,False,False
2022-23,2023-06-07,Fenerbahçe,Gaziantep FK,3,0,football-data.co.uk (ayna: xgabora/Club-Football-Match-Data-2000-2025),football-data;transfermarkt,2,False,False
2022-23,2023-06-07,Giresunspor,Antalyaspor,2,0,football-data.co.uk (ayna: xgabora/Club-Football-Match-Data-2000-2025),football-data;sofascore;transfermarkt,3,False,False
2022-23,2023-06-07,Hatayspor,Galatasaray,0,3,football-data.co.uk (ayna: xgabora/Club-Football-Match-Data-2000-2025),football-data;transfermarkt,2,False,False
2022-23,2023-06-07,İstanbulspor,Ümraniyespor,4,0,football-data.co.uk (ayna: xgabora/Club-Football-Match-Data-2000-2025),football-data;sofascore;transfermarkt,3,False,False
2023-24,2023-08-11,Trabzonspor,Antalyaspor,1,0,football-data.co.uk (ayna: xgabora/Club-Football-Match-Data-2000-2025),football-data;sofascore;openfootball;transfermarkt,4,False,False
2023-24,2023-08-12,Kasımpaşa,Ankaragücü,3,2,football-data.co.uk (ayna: xgabora/Club-Football-Match-Data-2000-2025),football-data;sofascore;openfootball;transfermarkt,4,False,False
2023-24,2023-08-12,Kayserispor,Galatasaray,0,0,football-data.co.uk (ayna: xgabora/Club-Football-Match-Data-2000-2025),football-data;sofascore;openfootball;transfermarkt,4,False,False
2023-24,2023-08-12,Konyaspor,İstanbulspor,1,1,football-data.co.uk (ayna: xgabora/Club-Football-Match-Data-2000-2025),football-data;sofascore;openfootball;transfermarkt,4,False,False
2023-24,2023-08-12,Pendikspor,Hatayspor,1,5,football-data.co.uk (ayna: xgabora/Club-Football-Match-Data-2000-2025),football-data;sofascore;openfootball;transfermarkt,4,False,False
2023-24,2023-08-13,Adana Demirspor,Çaykur Rizespor,2,1,football-data.co.uk (ayna: xgabora/Club-Football-Match-Data-2000-2025),football-data;sofascore;openfootball;transfermarkt,4,False,False
2023-24,2023-08-13,Fenerbahçe,Gaziantep FK,2,1,football-data.co.uk (ayna: xgabora/Club-Football-Match-Data-2000-2025),football-data;sofascore;openfootball;transfermarkt,4,False,False
2023-24,2023-08-13,Sivasspor,Samsunspor,1,1,football-data.co.uk (ayna: xgabora/Club-Football-Match-Data-2000-2025),football-data;sofascore;openfootball;transfermarkt,4,False,False
2023-24,2023-08-14,Alanyaspor,İstanbul Başakşehir,2,0,football-data.co.uk (ayna: xgabora/Club-Football-Match-Data-2000-2025),football-data;sofascore;openfootball;transfermarkt,4,False,False
2023-24,2023-08-14,Fatih Karagümrük,Beşiktaş,0,1,football-data.co.uk (ayna: xgabora/Club-Football-Match-Data-2000-2025),football-data;sofascore;openfootball;transfermarkt,4,False,False
2023-24,2023-08-18,Antalyaspor,Konyaspor,1,1,football-data.co.uk (ayna: xgabora/Club-Football-Match-Data-2000-2025),football-data;sofascore;openfootball;transfermarkt,4,False,False
2023-24,2023-08-18,İstanbulspor,Kayserispor,1,1,football-data.co.uk (ayna: xgabora/Club-Football-Match-Data-2000-2025),football-data;sofascore;openfootball;transfermarkt,4,False,False
2023-24,2023-08-19,Galatasaray,Trabzonspor,2,0,football-data.co.uk (ayna: xgabora/Club-Football-Match-Data-2000-2025),football-data;sofascore;openfootball;transfermarkt,4,False,False
2023-24,2023-08-19,Hatayspor,Kasımpaşa,0,0,football-data.co.uk (ayna: xgabora/Club-Football-Match-Data-2000-2025),football-data;sofascore;openfootball;transfermarkt,4,False,False
2023-24,2023-08-19,Çaykur Rizespor,Alanyaspor,0,0,football-data.co.uk (ayna: xgabora/Club-Football-Match-Data-2000-2025),football-data;sofascore;openfootball;transfermarkt,4,False,False
2023-24,2023-08-20,Beşiktaş,Pendikspor,1,1,football-data.co.uk (ayna: xgabora/Club-Football-Match-Data-2000-2025),football-data;sofascore;openfootball;transfermarkt,4,False,False
2023-24,2023-08-20,Gaziantep FK,Sivasspor,1,3,football-data.co.uk (ayna: xgabora/Club-Football-Match-Data-2000-2025),football-data;sofascore;openfootball;transfermarkt,4,False,False
2023-24,2023-08-20,İstanbul Başakşehir,Fatih Karagümrük,0,2,football-data.co.uk (ayna: xgabora/Club-Football-Match-Data-2000-2025),football-data;sofascore;openfootball;transfermarkt,4,False,False
2023-24,2023-08-21,Ankaragücü,Adana Demirspor,1,1,football-data.co.uk (ayna: xgabora/Club-Football-Match-Data-2000-2025),football-data;sofascore;openfootball;transfermarkt,4,False,False
2023-24,2023-08-21,Samsunspor,Fenerbahçe,0,2,football-data.co.uk (ayna: xgabora/Club-Football-Match-Data-2000-2025),football-data;sofascore;openfootball;transfermarkt,4,False,False
2023-24,2023-08-25,Konyaspor,Gaziantep FK,2,0,football-data.co.uk (ayna: xgabora/Club-Football-Match-Data-2000-2025),football-data;sofascore;openfootball;transfermarkt,4,False,False
2023-24,2023-08-26,Kasımpaşa,Pendikspor,1,1,football-data.co.uk (ayna: xgabora/Club-Football-Match-Data-2000-2025),football-data;sofascore;openfootball;transfermarkt,4,False,False
2023-24,2023-08-26,Sivasspor,Antalyaspor,1,1,football-data.co.uk (ayna: xgabora/Club-Football-Match-Data-2000-2025),football-data;sofascore;openfootball;transfermarkt,4,False,False
2023-24,2023-08-26,Trabzonspor,Çaykur Rizespor,2,3,football-data.co.uk (ayna: xgabora/Club-Football-Match-Data-2000-2025),football-data;sofascore;openfootball;transfermarkt,4,False,False
2023-24,2023-08-27,Alanyaspor,Hatayspor,0,0,football-data.co.uk (ayna: xgabora/Club-Football-Match-Data-2000-2025),football-data;sofascore;openfootball;transfermarkt,4,False,False
2023-24,2023-08-27,Fatih Karagümrük,Ankaragücü,1,1,football-data.co.uk (ayna: xgabora/Club-Football-Match-Data-2000-2025),football-data;sofascore;openfootball;transfermarkt,4,False,False
2023-24,2023-08-27,Kayserispor,Samsunspor,2,1,football-data.co.uk (ayna: xgabora/Club-Football-Match-Data-2000-2025),football-data;sofascore;openfootball;transfermarkt,4,False,False
2023-24,2023-09-01,Kasımpaşa,Trabzonspor,1,5,football-data.co.uk (ayna: xgabora/Club-Football-Match-Data-2000-2025),football-data;sofascore;openfootball;transfermarkt,4,False,False
2023-24,2023-09-01,Çaykur Rizespor,Fatih Karagümrük,1,0,football-data.co.uk (ayna: xgabora/Club-Football-Match-Data-2000-2025),football-data;sofascore;openfootball;transfermarkt,4,False,False
2023-24,2023-09-02,Antalyaspor,Kayserispor,1,1,football-data.co.uk (ayna: xgabora/Club-Football-Match-Data-2000-2025),football-data;sofascore;openfootball;transfermarkt,4,False,False
2023-24,2023-09-02,Gaziantep FK,Galatasaray,0,3,football-data.co.uk (ayna: xgabora/Club-Football-Match-Data-2000-2025),football-data;sofascore;openfootball;transfermarkt,4,False,False
2023-24,2023-09-02,Pendikspor,Alanyaspor,1,1,football-data.co.uk (ayna: xgabora/Club-Football-Match-Data-2000-2025),football-data;sofascore;openfootball;transfermarkt,4,False,False
2023-24,2023-09-02,İstanbul Başakşehir,Konyaspor,0,1,football-data.co.uk (ayna: xgabora/Club-Football-Match-Data-2000-2025),football-data;sofascore;openfootball;transfermarkt,4,False,False
2023-24,2023-09-03,Ankaragücü,Fenerbahçe,0,1,football-data.co.uk (ayna: xgabora/Club-Football-Match-Data-2000-2025),football-data;sofascore;openfootball;transfermarkt,4,False,False
2023-24,2023-09-03,Beşiktaş,Sivasspor,2,0,football-data.co.uk (ayna: xgabora/Club-Football-Match-Data-2000-2025),football-data;sofascore;openfootball;transfermarkt,4,False,False
2023-24,2023-09-03,Hatayspor,Adana Demirspor,3,3,football-data.co.uk (ayna: xgabora/Club-Football-Match-Data-2000-2025),football-data;sofascore;openfootball;transfermarkt,4,False,False
2023-24,2023-09-16,Adana Demirspor,Pendikspor,3,0,football-data.co.uk (ayna: xgabora/Club-Football-Match-Data-2000-2025),football-data;sofascore;openfootball;transfermarkt,4,False,False
2023-24,2023-09-16,Galatasaray,Samsunspor,4,2,football-data.co.uk (ayna: xgabora/Club-Football-Match-Data-2000-2025),football-data;sofascore;openfootball;transfermarkt,4,False,False
2023-24,2023-09-16,Kayserispor,Gaziantep FK,2,0,football-data.co.uk (ayna: xgabora/Club-Football-Match-Data-2000-2025),football-data;sofascore;openfootball;transfermarkt,4,False,False
2023-24,2023-09-16,Konyaspor,Çaykur Rizespor,1,2,football-data.co.uk (ayna: xgabora/Club-Football-Match-Data-2000-2025),football-data;sofascore;openfootball;transfermarkt,4,False,False
2023-24,2023-09-17,Alanyaspor,Kasımpaşa,3,3,football-data.co.uk (ayna: xgabora/Club-Football-Match-Data-2000-2025),football-data;sofascore;openfootball;transfermarkt,4,False,False
2023-24,2023-09-17,Fenerbahçe,Antalyaspor,3,2,football-data.co.uk (ayna: xgabora/Club-Football-Match-Data-2000-2025),football-data;sofascore;openfootball;transfermarkt,4,False,False
2023-24,2023-09-17,Trabzonspor,Beşiktaş,3,0,football-data.co.uk (ayna: xgabora/Club-Football-Match-Data-2000-2025),football-data;sofascore;openfootball;transfermarkt,4,False,False
2023-24,2023-09-17,İstanbulspor,İstanbul Başakşehir,0,2,football-data.co.uk (ayna: xgabora/Club-Football-Match-Data-2000-2025),football-data;sofascore;openfootball;transfermarkt,4,False,False
2023-24,2023-09-18,Fatih Karagümrük,Hatayspor,0,0,football-data.co.uk (ayna: xgabora/Club-Football-Match-Data-2000-2025),football-data;sofascore;openfootball;transfermarkt,4,False,False
2023-24,2023-09-18,Sivasspor,Ankaragücü,1,3,football-data.co.uk (ayna: xgabora/Club-Football-Match-Data-2000-2025),football-data;sofascore;openfootball;transfermarkt,4,False,False
2023-24,2023-09-22,Gaziantep FK,İstanbulspor,2,0,football-data.co.uk (ayna: xgabora/Club-Football-Match-Data-2000-2025),football-data;sofascore;openfootball;transfermarkt,4,False,False
2023-24,2023-09-23,Antalyaspor,Samsunspor,2,0,football-data.co.uk (ayna: xgabora/Club-Football-Match-Data-2000-2025),football-data;sofascore;openfootball;transfermarkt,4,False,False
2023-24,2023-09-23,Pendikspor,Fatih Karagümrük,1,1,football-data.co.uk (ayna: xgabora/Club-Football-Match-Data-2000-2025),football-data;sofascore;openfootball;transfermarkt,4,False,False
2023-24,2023-09-23,Çaykur Rizespor,Sivasspor,1,1,football-data.co.uk (ayna: xgabora/Club-Football-Match-Data-2000-2025),football-data;sofascore;openfootball;transfermarkt,4,False,False
2023-24,2023-09-23,İstanbul Başakşehir,Galatasaray,1,2,football-data.co.uk (ayna: xgabora/Club-Football-Match-Data-2000-2025),football-data;sofascore;openfootball;transfermarkt,4,False,False
2023-24,2023-09-24,Alanyaspor,Fenerbahçe,0,1,football-data.co.uk (ayna: xgabora/Club-Football-Match-Data-2000-2025),football-data;sofascore;openfootball;transfermarkt,4,False,False
2023-24,2023-09-24,Ankaragücü,Konyaspor,1,1,football-data.co.uk (ayna: xgabora/Club-Football-Match-Data-2000-2025),football-data;sofascore;openfootball;transfermarkt,4,False,False
2023-24,2023-09-24,Beşiktaş,Kayserispor,2,1,football-data.co.uk (ayna: xgabora/Club-Football-Match-Data-2000-2025),football-data;sofascore;openfootball;transfermarkt,4,False,False
2023-24,2023-09-24,Kasımpaşa,Adana Demirspor,2,1,football-data.co.uk (ayna: xgabora/Club-Football-Match-Data-2000-2025),football-data;sofascore;openfootball;transfermarkt,4,False,False
2023-24,2023-09-25,Hatayspor,Trabzonspor,3,2,football-data.co.uk (ayna: xgabora/Club-Football-Match-Data-2000-2025),football-data;sofascore;openfootball;transfermarkt,4,False,False
2023-24,2023-09-26,İstanbulspor,Galatasaray,0,1,football-data.co.uk (ayna: xgabora/Club-Football-Match-Data-2000-2025),football-data;sofascore;openfootball;transfermarkt,4,False,False
2023-24,2023-09-27,Adana Demirspor,Beşiktaş,4,2,football-data.co.uk (ayna: xgabora/Club-Football-Match-Data-2000-2025),football-data;sofascore;openfootball;transfermarkt,4,False,False
2023-24,2023-09-28,Fenerbahçe,İstanbul Başakşehir,4,0,football-data.co.uk (ayna: xgabora/Club-Football-Match-Data-2000-2025),football-data;sofascore;openfootball;transfermarkt,4,False,False
2023-24,2023-09-29,Samsunspor,Gaziantep FK,1,2,football-data.co.uk (ayna: xgabora/Club-Football-Match-Data-2000-2025),football-data;sofascore;openfootball;transfermarkt,4,False,False
2023-24,2023-09-30,Galatasaray,Ankaragücü,2,1,football-data.co.uk (ayna: xgabora/Club-Football-Match-Data-2000-2025),football-data;sofascore;openfootball;transfermarkt,4,False,False
2023-24,2023-09-30,Sivasspor,Hatayspor,0,0,football-data.co.uk (ayna: xgabora/Club-Football-Match-Data-2000-2025),football-data;sofascore;openfootball;transfermarkt,4,False,False
2023-24,2023-09-30,Trabzonspor,Pendikspor,2,1,football-data.co.uk (ayna: xgabora/Club-Football-Match-Data-2000-2025),football-data;sofascore;openfootball;transfermarkt,4,False,False
2023-24,2023-09-30,İstanbulspor,Antalyaspor,1,2,football-data.co.uk (ayna: xgabora/Club-Football-Match-Data-2000-2025),football-data;sofascore;openfootball;transfermarkt,4,False,False
2023-24,2023-10-01,Adana Demirspor,Alanyaspor,4,0,football-data.co.uk (ayna: xgabora/Club-Football-Match-Data-2000-2025),football-data;sofascore;openfootball;transfermarkt,4,False,False
2023-24,2023-10-01,Fatih Karagümrük,Kasımpaşa,2,3,football-data.co.uk (ayna: xgabora/Club-Football-Match-Data-2000-2025),football-data;sofascore;openfootball;transfermarkt,4,False,False
2023-24,2023-10-01,Fenerbahçe,Çaykur Rizespor,5,0,football-data.co.uk (ayna: xgabora/Club-Football-Match-Data-2000-2025),football-data;sofascore;openfootball;transfermarkt,4,False,False
2023-24,2023-10-01,Konyaspor,Beşiktaş,0,2,football-data.co.uk (ayna: xgabora/Club-Football-Match-Data-2000-2025),football-data;sofascore;openfootball;transfermarkt,4,False,False
2023-24,2023-10-02,Kayserispor,İstanbul Başakşehir,0,0,football-data.co.uk (ayna: xgabora/Club-Football-Match-Data-2000-2025),football-data;sofascore;openfootball;transfermarkt,4,False,False
2023-24,2023-10-06,Adana Demirspor,Trabzonspor,1,0,football-data.co.uk (ayna: xgabora/Club-Football-Match-Data-2000-2025),football-data;sofascore;openfootball;transfermarkt,4,False,False
2023-24,2023-10-06,Alanyaspor,Fatih Karagümrük,2,1,football-data.co.uk (ayna: xgabora/Club-Football-Match-Data-2000-2025),football-data;sofascore;openfootball;transfermarkt,4,False,False
2023-24,2023-10-07,Ankaragücü,Kayserispor,3,0,football-data.co.uk (ayna: xgabora/Club-Football-Match-Data-2000-2025),football-data;sofascore;openfootball;transfermarkt,4,False,False
2023-24,2023-10-07,Antalyaspor,Galatasaray,0,2,football-data.co.uk (ayna: xgabora/Club-Football-Match-Data-2000-2025),football-data;sofascore;openfootball;transfermarkt,4,False,False
2023-24,2023-10-07,Pendikspor,Sivasspor,2,3,football-data.co.uk (ayna: xgabora/Club-Football-Match-Data-2000-2025),football-data;sofascore;openfootball;transfermarkt,4,False,False
2023-24,2023-10-07,İstanbul Başakşehir,Gaziantep FK,2,0,football-data.co.uk (ayna: xgabora/Club-Football-Match-Data-2000-2025),football-data;sofascore;openfootball;transfermarkt,4,False,False
2023-24,2023-10-08,Beşiktaş,İstanbulspor,2,0,football-data.co.uk (ayna: xgabora/Club-Football-Match-Data-2000-2025),football-data;sofascore;openfootball;transfermarkt,4,False,False
2023-24,2023-10-08,Hatayspor,Konyaspor,3,1,football-data.co.uk (ayna: xgabora/Club-Football-Match-Data-2000-2025),football-data;sofascore;openfootball;transfermarkt,4,False,False
2023-24,2023-10-08,Kasımpaşa,Fenerbahçe,0,2,football-data.co.uk (ayna: xgabora/Club-Football-Match-Data-2000-2025),football-data;sofascore;openfootball;transfermarkt,4,False,False
2023-24,2023-10-08,Çaykur Rizespor,Samsunspor,1,0,football-data.co.uk (ayna: xgabora/Club-Football-Match-Data-2000-2025),football-data;sofascore;openfootball;transfermarkt,4,False,False
2023-24,2023-10-21,Galatasaray,Beşiktaş,2,1,football-data.co.uk (ayna: xgabora/Club-Football-Match-Data-2000-2025),football-data;sofascore;openfootball;transfermarkt,4,False,False
2023-24,2023-10-21,Gaziantep FK,Antalyaspor,1,0,football-data.co.uk (ayna: xgabora/Club-Football-Match-Data-2000-2025),football-data;sofascore;openfootball;transfermarkt,4,False,False
2023-24,2023-10-21,Kayserispor,Çaykur Rizespor,3,1,football-data.co.uk (ayna: xgabora/Club-Football-Match-Data-2000-2025),football-data;sofascore;openfootball;transfermarkt,4,False,False
2023-24,2023-10-21,Konyaspor,Pendikspor,1,2,football-data.co.uk (ayna: xgabora/Club-Football-Match-Data-2000-2025),football-data;sofascore;openfootball;transfermarkt,4,False,False
2023-24,2023-10-22,Fenerbahçe,Hatayspor,4,2,football-data.co.uk (ayna: xgabora/Club-Football-Match-Data-2000-2025),football-data;sofascore;openfootball;transfermarkt,4,False,False
2023-24,2023-10-22,Samsunspor,İstanbul Başakşehir,0,0,football-data.co.uk (ayna: xgabora/Club-Football-Match-Data-2000-2025),football-data;sofascore;openfootball;transfermarkt,4,False,False
2023-24,2023-10-22,Sivasspor,Kasımpaşa,0,1,football-data.co.uk (ayna: xgabora/Club-Football-Match-Data-2000-2025),football-data;sofascore;openfootball;transfermarkt,4,False,False
2023-24,2023-10-22,İstanbulspor,Ankaragücü,2,1,football-data.co.uk (ayna: xgabora/Club-Football-Match-Data-2000-2025),football-data;sofascore;openfootball;transfermarkt,4,False,False
2023-24,2023-10-23,Fatih Karagümrük,Adana Demirspor,2,0,football-data.co.uk (ayna: xgabora/Club-Football-Match-Data-2000-2025),football-data;sofascore;openfootball;transfermarkt,4,False,False
2023-24,2023-10-23,Trabzonspor,Alanyaspor,1,0,football-data.co.uk (ayna: xgabora/Club-Football-Match-Data-2000-2025),football-data;sofascore;openfootball;transfermarkt,4,False,False
2023-24,2023-10-27,Hatayspor,Kayserispor,1,2,football-data.co.uk (ayna: xgabora/Club-Football-Match-Data-2000-2025),football-data;sofascore;openfootball;transfermarkt,4,False,False
2023-24,2023-10-27,Kasımpaşa,İstanbulspor,3,1,football-data.co.uk (ayna: xgabora/Club-Football-Match-Data-2000-2025),football-data;sofascore;openfootball;transfermarkt,4,False,False
2023-24,2023-10-28,Adana Demirspor,Konyaspor,3,0,football-data.co.uk (ayna: xgabora/Club-Football-Match-Data-2000-2025),football-data;sofascore;openfootball;transfermarkt,4,False,False
2023-24,2023-10-28,Alanyaspor,Sivasspor,1,2,football-data.co.uk (ayna: xgabora/Club-Football-Match-Data-2000-2025),football-data;sofascore;openfootball;transfermarkt,4,False,False
2023-24,2023-10-28,Çaykur Rizespor,Galatasaray,0,1,football-data.co.uk (ayna: xgabora/Club-Football-Match-Data-2000-2025),football-data;sofascore;openfootball;transfermarkt,4,False,False
2023-24,2023-10-29,Ankaragücü,Samsunspor,2,0,football-data.co.uk (ayna: xgabora/Club-Football-Match-Data-2000-2025),football-data;sofascore;openfootball;transfermarkt,4,False,False
2023-24,2023-10-29,Antalyaspor,İstanbul Başakşehir,1,0,football-data.co.uk (ayna: xgabora/Club-Football-Match-Data-2000-2025),football-data;sofascore;openfootball;transfermarkt,4,False,False
2023-24,2023-10-29,Fatih Karagümrük,Trabzonspor,0,0,football-data.co.uk (ayna: xgabora/Club-Football-Match-Data-2000-2025),football-data;sofascore;openfootball;transfermarkt,4,False,False
2023-24,2023-10-29,Pendikspor,Fenerbahçe,0,5,football-data.co.uk (ayna: xgabora/Club-Football-Match-Data-2000-2025),football-data;sofascore;openfootball;transfermarkt,4,False,False
2023-24,2023-10-30,Beşiktaş,Gaziantep FK,2,0,football-data.co.uk (ayna: xgabora/Club-Football-Match-Data-2000-2025),football-data;sofascore;openfootball;transfermarkt,4,False,False
2023-24,2023-11-03,Galatasaray,Kasımpaşa,2,1,football-data.co.uk (ayna: xgabora/Club-Football-Match-Data-2000-2025),football-data;sofascore;openfootball;transfermarkt,4,False,False
2023-24,2023-11-04,Fenerbahçe,Trabzonspor,2,3,football-data.co.uk (ayna: xgabora/Club-Football-Match-Data-2000-2025),football-data;sofascore;openfootball;transfermarkt,4,False,False
2023-24,2023-11-04,Samsunspor,Hatayspor,2,1,football-data.co.uk (ayna: xgabora/Club-Football-Match-Data-2000-2025),football-data;sofascore;openfootball;transfermarkt,4,False,False
2023-24,2023-11-04,İstanbulspor,Pendikspor,2,4,football-data.co.uk (ayna: xgabora/Club-Football-Match-Data-2000-2025),football-data;sofascore;openfootball;transfermarkt,4,False,False
2023-24,2023-11-05,Antalyaspor,Beşiktaş,3,2,football-data.co.uk (ayna: xgabora/Club-Football-Match-Data-2000-2025),football-data;sofascore;openfootball;transfermarkt,4,False,False
2023-24,2023-11-05,Konyaspor,Fatih Karagümrük,1,1,football-data.co.uk (ayna: xgabora/Club-Football-Match-Data-2000-2025),football-data;sofascore;openfootball;transfermarkt,4,False,False
2023-24,2023-11-05,Sivasspor,Adana Demirspor,1,1,football-data.co.uk (ayna: xgabora/Club-Football-Match-Data-2000-2025),football-data;sofascore;openfootball;transfermarkt,4,False,False
2023-24,2023-11-05,İstanbul Başakşehir,Ankaragücü,3,3,football-data.co.uk (ayna: xgabora/Club-Football-Match-Data-2000-2025),football-data;sofascore;openfootball;transfermarkt,4,False,False
2023-24,2023-11-06,Gaziantep FK,Çaykur Rizespor,2,0,football-data.co.uk (ayna: xgabora/Club-Football-Match-Data-2000-2025),football-data;sofascore;openfootball;transfermarkt,4,False,False
2023-24,2023-11-06,Kayserispor,Alanyaspor,1,0,football-data.co.uk (ayna: xgabora/Club-Football-Match-Data-2000-2025),football-data;sofascore;openfootball;transfermarkt,4,False,False
2023-24,2023-11-08,Samsunspor,İstanbulspor,2,1,football-data.co.uk (ayna: xgabora/Club-Football-Match-Data-2000-2025),football-data;sofascore;openfootball;transfermarkt,4,False,False
2023-24,2023-11-10,Ankaragücü,Antalyaspor,0,4,football-data.co.uk (ayna: xgabora/Club-Football-Match-Data-2000-2025),football-data;sofascore;openfootball;transfermarkt,4,False,False
2023-24,2023-11-10,Trabzonspor,Konyaspor,2,1,football-data.co.uk (ayna: xgabora/Club-Football-Match-Data-2000-2025),football-data;sofascore;openfootball;transfermarkt,4,False,False
2023-24,2023-11-11,Alanyaspor,Gaziantep FK,0,3,football-data.co.uk (ayna: xgabora/Club-Football-Match-Data-2000-2025),football-data;sofascore;openfootball;transfermarkt,4,False,False
2023-24,2023-11-11,Fatih Karagümrük,Sivasspor,3,0,football-data.co.uk (ayna: xgabora/Club-Football-Match-Data-2000-2025),football-data;sofascore;openfootball;transfermarkt,4,False,False
2023-24,2023-11-11,Hatayspor,Galatasaray,2,1,football-data.co.uk (ayna: xgabora/Club-Football-Match-Data-2000-2025),football-data;sofascore;openfootball;transfermarkt,4,False,False
2023-24,2023-11-11,Kasımpaşa,Kayserispor,3,4,football-data.co.uk (ayna: xgabora/Club-Football-Match-Data-2000-2025),football-data;sofascore;openfootball;transfermarkt,4,False,False
2023-24,2023-11-12,Adana Demirspor,Fenerbahçe,0,0,football-data.co.uk (ayna: xgabora/Club-Football-Match-Data-2000-2025),football-data;sofascore;openfootball;transfermarkt,4,False,False
2023-24,2023-11-12,Beşiktaş,İstanbul Başakşehir,1,0,football-data.co.uk (ayna: xgabora/Club-Football-Match-Data-2000-2025),football-data;sofascore;openfootball;transfermarkt,4,False,False
2023-24,2023-11-12,Pendikspor,Samsunspor,1,0,football-data.co.uk (ayna: xgabora/Club-Football-Match-Data-2000-2025),football-data;sofascore;openfootball;transfermarkt,4,False,False
2023-24,2023-11-12,Çaykur Rizespor,İstanbulspor,1,0,football-data.co.uk (ayna: xgabora/Club-Football-Match-Data-2000-2025),football-data;sofascore;openfootball;transfermarkt,4,False,False
2023-24,2023-11-25,Galatasaray,Alanyaspor,4,0,football-data.co.uk (ayna: xgabora/Club-Football-Match-Data-2000-2025),football-data;sofascore;openfootball;transfermarkt,4,False,False
2023-24,2023-11-25,Gaziantep FK,Ankaragücü,0,1,football-data.co.uk (ayna: xgabora/Club-Football-Match-Data-2000-2025),football-data;sofascore;openfootball;transfermarkt,4,False,False
2023-24,2023-11-25,Konyaspor,Kasımpaşa,2,0,football-data.co.uk (ayna: xgabora/Club-Football-Match-Data-2000-2025),football-data;sofascore;openfootball;transfermarkt,4,False,False
2023-24,2023-11-25,İstanbulspor,Hatayspor,2,1,football-data.co.uk (ayna: xgabora/Club-Football-Match-Data-2000-2025),football-data;sofascore;openfootball;transfermarkt,4,False,False
2023-24,2023-11-26,Antalyaspor,Çaykur Rizespor,0,0,football-data.co.uk (ayna: xgabora/Club-Football-Match-Data-2000-2025),football-data;sofascore;openfootball;transfermarkt,4,False,False
2023-24,2023-11-26,Fenerbahçe,Fatih Karagümrük,2,1,football-data.co.uk (ayna: xgabora/Club-Football-Match-Data-2000-2025),football-data;sofascore;openfootball;transfermarkt,4,False,False
2023-24,2023-11-26,Kayserispor,Adana Demirspor,1,1,football-data.co.uk (ayna: xgabora/Club-Football-Match-Data-2000-2025),football-data;sofascore;openfootball;transfermarkt,4,False,False
2023-24,2023-11-26,Samsunspor,Beşiktaş,1,2,football-data.co.uk (ayna: xgabora/Club-Football-Match-Data-2000-2025),football-data;sofascore;openfootball;transfermarkt,4,False,False
2023-24,2023-11-27,Sivasspor,Trabzonspor,3,3,football-data.co.uk (ayna: xgabora/Club-Football-Match-Data-2000-2025),football-data;sofascore;openfootball;transfermarkt,4,False,False
2023-24,2023-11-27,İstanbul Başakşehir,Pendikspor,4,1,football-data.co.uk (ayna: xgabora/Club-Football-Match-Data-2000-2025),football-data;sofascore;openfootball;transfermarkt,4,False,False
2023-24,2023-12-01,Fatih Karagümrük,İstanbulspor,3,0,football-data.co.uk (ayna: xgabora/Club-Football-Match-Data-2000-2025),football-data;sofascore;openfootball;transfermarkt,4,False,False
2023-24,2023-12-01,Hatayspor,Antalyaspor,3,3,football-data.co.uk (ayna: xgabora/Club-Football-Match-Data-2000-2025),football-data;sofascore;openfootball;transfermarkt,4,False,False
2023-24,2023-12-02,Adana Demirspor,Samsunspor,2,3,football-data.co.uk (ayna: xgabora/Club-Football-Match-Data-2000-2025),football-data;sofascore;openfootball;transfermarkt,4,False,False
2023-24,2023-12-02,Alanyaspor,Konyaspor,2,2,football-data.co.uk (ayna: xgabora/Club-Football-Match-Data-2000-2025),football-data;sofascore;openfootball;transfermarkt,4,False,False
2023-24,2023-12-02,Pendikspor,Galatasaray,0,2,football-data.co.uk (ayna: xgabora/Club-Football-Match-Data-2000-2025),football-data;sofascore;openfootball;transfermarkt,4,False,False
2023-24,2023-12-02,Çaykur Rizespor,İstanbul Başakşehir,3,2,football-data.co.uk (ayna: xgabora/Club-Football-Match-Data-2000-2025),football-data;sofascore;openfootball;transfermarkt,4,False,False
2023-24,2023-12-03,Ankaragücü,Beşiktaş,1,1,football-data.co.uk (ayna: xgabora/Club-Football-Match-Data-2000-2025),football-data;sofascore;openfootball;transfermarkt,4,False,False
2023-24,2023-12-03,Kasımpaşa,Gaziantep FK,4,2,football-data.co.uk (ayna: xgabora/Club-Football-Match-Data-2000-2025),football-data;sofascore;openfootball;transfermarkt,4,False,False
2023-24,2023-12-03,Trabzonspor,Kayserispor,0,1,football-data.co.uk (ayna: xgabora/Club-Football-Match-Data-2000-2025),football-data;sofascore;openfootball;transfermarkt,4,False,False
2023-24,2023-12-04,Fenerbahçe,Sivasspor,4,1,football-data.co.uk (ayna: xgabora/Club-Football-Match-Data-2000-2025),football-data;sofascore;openfootball;transfermarkt,4,False,False
2023-24,2023-12-08,Galatasaray,Adana Demirspor,3,1,football-data.co.uk (ayna: xgabora/Club-Football-Match-Data-2000-2025),football-data;sofascore;openfootball;transfermarkt,4,False,False
2023-24,2023-12-09,Antalyaspor,Fatih Karagümrük,2,1,football-data.co.uk (ayna: xgabora/Club-Football-Match-Data-2000-2025),football-data;sofascore;openfootball;transfermarkt,4,False,False
2023-24,2023-12-09,Beşiktaş,Fenerbahçe,1,3,football-data.co.uk (ayna: xgabora/Club-Football-Match-Data-2000-2025),football-data;sofascore;openfootball;transfermarkt,4,False,False
2023-24,2023-12-09,Samsunspor,Kasımpaşa,4,2,football-data.co.uk (ayna: xgabora/Club-Football-Match-Data-2000-2025),football-data;sofascore;openfootball;transfermarkt,4,False,False
2023-24,2023-12-10,Gaziantep FK,Trabzonspor,1,3,football-data.co.uk (ayna: xgabora/Club-Football-Match-Data-2000-2025),football-data;sofascore;openfootball;transfermarkt,4,False,False
2023-24,2023-12-10,Kayserispor,Pendikspor,2,0,football-data.co.uk (ayna: xgabora/Club-Football-Match-Data-2000-2025),football-data;sofascore;openfootball;transfermarkt,4,False,False
2023-24,2023-12-10,İstanbul Başakşehir,Hatayspor,1,0,football-data.co.uk (ayna: xgabora/Club-Football-Match-Data-2000-2025),football-data;sofascore;openfootball;transfermarkt,4,False,False
2023-24,2023-12-10,İstanbulspor,Alanyaspor,0,1,football-data.co.uk (ayna: xgabora/Club-Football-Match-Data-2000-2025),football-data;sofascore;openfootball;transfermarkt,4,False,False
2023-24,2023-12-11,Ankaragücü,Çaykur Rizespor,1,1,football-data.co.uk (ayna: xgabora/Club-Football-Match-Data-2000-2025),football-data;sofascore;openfootball;transfermarkt,4,False,False
2023-24,2023-12-11,Konyaspor,Sivasspor,0,1,football-data.co.uk (ayna: xgabora/Club-Football-Match-Data-2000-2025),football-data;sofascore;openfootball;transfermarkt,4,False,False
2023-24,2023-12-19,Gaziantep FK,Adana Demirspor,2,2,football-data.co.uk (ayna: xgabora/Club-Football-Match-Data-2000-2025),football-data;sofascore;openfootball;transfermarkt,4,False,False
2023-24,2023-12-19,İstanbul Başakşehir,Sivasspor,3,1,football-data.co.uk (ayna: xgabora/Club-Football-Match-Data-2000-2025),football-data;sofascore;openfootball;transfermarkt,4,False,False
2023-24,2023-12-19,İstanbulspor,Trabzonspor,0,3,football-data.co.uk (ayna: xgabora/Club-Football-Match-Data-2000-2025),football-data;openfootball;transfermarkt,4,True,False
2023-24,2023-12-20,Antalyaspor,Kasımpaşa,0,0,football-data.co.uk (ayna: xgabora/Club-Football-Match-Data-2000-2025),football-data;sofascore;openfootball;transfermarkt,4,False,False
2023-24,2023-12-20,Galatasaray,Fatih Karagümrük,1,0,football-data.co.uk (ayna: xgabora/Club-Football-Match-Data-2000-2025),football-data;sofascore;openfootball;transfermarkt,4,False,False
2023-24,2023-12-20,Kayserispor,Fenerbahçe,3,4,football-data.co.uk (ayna: xgabora/Club-Football-Match-Data-2000-2025),football-data;sofascore;openfootball;transfermarkt,4,False,False
2023-24,2023-12-21,Ankaragücü,Hatayspor,0,0,football-data.co.uk (ayna: xgabora/Club-Football-Match-Data-2000-2025),football-data;sofascore;openfootball;transfermarkt,4,False,False
2023-24,2023-12-21,Beşiktaş,Alanyaspor,1,3,football-data.co.uk (ayna: xgabora/Club-Football-Match-Data-2000-2025),football-data;sofascore;openfootball;transfermarkt,4,False,False
2023-24,2023-12-21,Samsunspor,Konyaspor,1,1,football-data.co.uk (ayna: xgabora/Club-Football-Match-Data-2000-2025),football-data;sofascore;openfootball;transfermarkt,4,False,False
2023-24,2023-12-21,Çaykur Rizespor,Pendikspor,5,1,football-data.co.uk (ayna: xgabora/Club-Football-Match-Data-2000-2025),football-data;sofascore;openfootball;transfermarkt,4,False,False
2023-24,2023-12-23,Fatih Karagümrük,Gaziantep FK,0,3,football-data.co.uk (ayna: xgabora/Club-Football-Match-Data-2000-2025),football-data;sofascore;openfootball;transfermarkt,4,False,False
2023-24,2023-12-23,Sivasspor,İstanbulspor,1,0,football-data.co.uk (ayna: xgabora/Club-Football-Match-Data-2000-2025),football-data;sofascore;openfootball;transfermarkt,4,False,False
2023-24,2023-12-23,Trabzonspor,İstanbul Başakşehir,1,1,football-data.co.uk (ayna: xgabora/Club-Football-Match-Data-2000-2025),football-data;sofascore;openfootball;transfermarkt,4,False,False
2023-24,2023-12-24,Adana Demirspor,Antalyaspor,2,1,football-data.co.uk (ayna: xgabora/Club-Football-Match-Data-2000-2025),football-data;sofascore;openfootball;transfermarkt,4,False,False
2023-24,2023-12-24,Fenerbahçe,Galatasaray,0,0,football-data.co.uk (ayna: xgabora/Club-Football-Match-Data-2000-2025),football-data;sofascore;openfootball;transfermarkt,4,False,False
2023-24,2023-12-24,Konyaspor,Kayserispor,2,0,football-data.co.uk (ayna: xgabora/Club-Football-Match-Data-2000-2025),football-data;sofascore;openfootball;transfermarkt,4,False,False
2023-24,2023-12-25,Alanyaspor,Samsunspor,3,1,football-data.co.uk (ayna: xgabora/Club-Football-Match-Data-2000-2025),football-data;sofascore;openfootball;transfermarkt,4,False,False
2023-24,2023-12-25,Hatayspor,Beşiktaş,1,2,football-data.co.uk (ayna: xgabora/Club-Football-Match-Data-2000-2025),football-data;sofascore;openfootball;transfermarkt,4,False,False
2023-24,2023-12-25,Kasımpaşa,Çaykur Rizespor,2,2,football-data.co.uk (ayna: xgabora/Club-Football-Match-Data-2000-2025),football-data;sofascore;openfootball;transfermarkt,4,False,False
2023-24,2023-12-25,Pendikspor,Ankaragücü,1,1,football-data.co.uk (ayna: xgabora/Club-Football-Match-Data-2000-2025),football-data;sofascore;openfootball;transfermarkt,4,False,False
2023-24,2024-01-05,Antalyaspor,Alanyaspor,0,0,football-data.co.uk (ayna: xgabora/Club-Football-Match-Data-2000-2025),football-data;sofascore;openfootball;transfermarkt,4,False,False
2023-24,2024-01-05,Beşiktaş,Kasımpaşa,1,3,football-data.co.uk (ayna: xgabora/Club-Football-Match-Data-2000-2025),football-data;sofascore;openfootball;transfermarkt,4,False,False
2023-24,2024-01-05,Gaziantep FK,Pendikspor,2,2,football-data.co.uk (ayna: xgabora/Club-Football-Match-Data-2000-2025),football-data;sofascore;openfootball;transfermarkt,4,False,False
2023-24,2024-01-06,Ankaragücü,Trabzonspor,0,1,football-data.co.uk (ayna: xgabora/Club-Football-Match-Data-2000-2025),football-data;sofascore;openfootball;transfermarkt,4,False,False
2023-24,2024-01-06,Samsunspor,Fatih Karagümrük,1,0,football-data.co.uk (ayna: xgabora/Club-Football-Match-Data-2000-2025),football-data;sofascore;openfootball;transfermarkt,4,False,False
2023-24,2024-01-06,Çaykur Rizespor,Hatayspor,2,0,football-data.co.uk (ayna: xgabora/Club-Football-Match-Data-2000-2025),football-data;sofascore;openfootball;transfermarkt,4,False,False
2023-24,2024-01-06,İstanbul Başakşehir,Adana Demirspor,0,0,football-data.co.uk (ayna: xgabora/Club-Football-Match-Data-2000-2025),football-data;sofascore;openfootball;transfermarkt,4,False,False
2023-24,2024-01-07,Galatasaray,Konyaspor,3,0,football-data.co.uk (ayna: xgabora/Club-Football-Match-Data-2000-2025),football-data;sofascore;openfootball;transfermarkt,4,False,False
2023-24,2024-01-07,Kayserispor,Sivasspor,1,3,football-data.co.uk (ayna: xgabora/Club-Football-Match-Data-2000-2025),football-data;sofascore;openfootball;transfermarkt,4,False,False
2023-24,2024-01-07,İstanbulspor,Fenerbahçe,1,5,football-data.co.uk (ayna: xgabora/Club-Football-Match-Data-2000-2025),football-data;sofascore;openfootball;transfermarkt,4,False,False
2023-24,2024-01-09,Alanyaspor,Ankaragücü,1,1,football-data.co.uk (ayna: xgabora/Club-Football-Match-Data-2000-2025),football-data;sofascore;openfootball;transfermarkt,4,False,False
2023-24,2024-01-09,Kasımpaşa,İstanbul Başakşehir,0,3,football-data.co.uk (ayna: xgabora/Club-Football-Match-Data-2000-2025),football-data;sofascore;openfootball;transfermarkt,4,False,False
2023-24,2024-01-09,Pendikspor,Antalyaspor,0,1,football-data.co.uk (ayna: xgabora/Club-Football-Match-Data-2000-2025),football-data;sofascore;openfootball;transfermarkt,4,False,False
2023-24,2024-01-09,Çaykur Rizespor,Beşiktaş,0,4,football-data.co.uk (ayna: xgabora/Club-Football-Match-Data-2000-2025),football-data;sofascore;openfootball;transfermarkt,4,False,False
2023-24,2024-01-10,Adana Demirspor,İstanbulspor,2,2,football-data.co.uk (ayna: xgabora/Club-Football-Match-Data-2000-2025),football-data;sofascore;openfootball;transfermarkt,4,False,False
2023-24,2024-01-10,Fatih Karagümrük,Kayserispor,4,1,football-data.co.uk (ayna: xgabora/Club-Football-Match-Data-2000-2025),football-data;sofascore;openfootball;transfermarkt,4,False,False
2023-24,2024-01-10,Fenerbahçe,Konyaspor,7,1,football-data.co.uk (ayna: xgabora/Club-Football-Match-Data-2000-2025),football-data;sofascore;openfootball;transfermarkt,4,False,False
2023-24,2024-01-10,Hatayspor,Gaziantep FK,0,0,football-data.co.uk (ayna: xgabora/Club-Football-Match-Data-2000-2025),football-data;sofascore;openfootball;transfermarkt,4,False,False
2023-24,2024-01-11,Sivasspor,Galatasaray,1,1,football-data.co.uk (ayna: xgabora/Club-Football-Match-Data-2000-2025),football-data;sofascore;openfootball;transfermarkt,4,False,False
2023-24,2024-01-11,Trabzonspor,Samsunspor,2,1,football-data.co.uk (ayna: xgabora/Club-Football-Match-Data-2000-2025),football-data;sofascore;openfootball;transfermarkt,4,False,False
2023-24,2024-01-13,Ankaragücü,Kasımpaşa,3,1,football-data.co.uk (ayna: xgabora/Club-Football-Match-Data-2000-2025),football-data;sofascore;openfootball;transfermarkt,4,False,False
2023-24,2024-01-13,Beşiktaş,Fatih Karagümrük,3,0,football-data.co.uk (ayna: xgabora/Club-Football-Match-Data-2000-2025),football-data;sofascore;openfootball;transfermarkt,4,False,False
2023-24,2024-01-13,Hatayspor,Pendikspor,1,1,football-data.co.uk (ayna: xgabora/Club-Football-Match-Data-2000-2025),football-data;sofascore;openfootball;transfermarkt,4,False,False
2023-24,2024-01-13,Çaykur Rizespor,Adana Demirspor,1,0,football-data.co.uk (ayna: xgabora/Club-Football-Match-Data-2000-2025),football-data;sofascore;openfootball;transfermarkt,4,False,False
2023-24,2024-01-13,İstanbul Başakşehir,Alanyaspor,3,2,football-data.co.uk (ayna: xgabora/Club-Football-Match-Data-2000-2025),football-data;sofascore;openfootball;transfermarkt,4,False,False
2023-24,2024-01-14,Antalyaspor,Trabzonspor,1,1,football-data.co.uk (ayna: xgabora/Club-Football-Match-Data-2000-2025),football-data;sofascore;openfootball;transfermarkt,4,False,False
2023-24,2024-01-14,Gaziantep FK,Fenerbahçe,0,1,football-data.co.uk (ayna: xgabora/Club-Football-Match-Data-2000-2025),football-data;sofascore;openfootball;transfermarkt,4,False,False
2023-24,2024-01-14,Samsunspor,Sivasspor,2,0,football-data.co.uk (ayna: xgabora/Club-Football-Match-Data-2000-2025),football-data;sofascore;openfootball;transfermarkt,4,False,False
2023-24,2024-01-14,İstanbulspor,Konyaspor,0,0,football-data.co.uk (ayna: xgabora/Club-Football-Match-Data-2000-2025),football-data;sofascore;openfootball;transfermarkt,4,False,False
2023-24,2024-01-15,Galatasaray,Kayserispor,2,1,football-data.co.uk (ayna: xgabora/Club-Football-Match-Data-2000-2025),football-data;sofascore;openfootball;transfermarkt,4,False,False
2023-24,2024-01-20,Adana Demirspor,Ankaragücü,1,1,football-data.co.uk (ayna: xgabora/Club-Football-Match-Data-2000-2025),football-data;sofascore;openfootball;transfermarkt,4,False,False
2023-24,2024-01-20,Alanyaspor,Çaykur Rizespor,2,1,football-data.co.uk (ayna: xgabora/Club-Football-Match-Data-2000-2025),football-data;sofascore;openfootball;transfermarkt,4,False,False
2023-24,2024-01-20,Fatih Karagümrük,İstanbul Başakşehir,1,1,football-data.co.uk (ayna: xgabora/Club-Football-Match-Data-2000-2025),football-data;sofascore;openfootball;transfermarkt,4,False,False
2023-24,2024-01-20,Kasımpaşa,Hatayspor,3,0,football-data.co.uk (ayna: xgabora/Club-Football-Match-Data-2000-2025),football-data;sofascore;openfootball;transfermarkt,4,False,False
2023-24,2024-01-20,Pendikspor,Beşiktaş,4,0,football-data.co.uk (ayna: xgabora/Club-Football-Match-Data-2000-2025),football-data;sofascore;openfootball;transfermarkt,4,False,False
2023-24,2024-01-21,Fenerbahçe,Samsunspor,1,1,football-data.co.uk (ayna: xgabora/Club-Football-Match-Data-2000-2025),football-data;sofascore;openfootball;transfermarkt,4,False,False
2023-24,2024-01-21,Konyaspor,Antalyaspor,1,1,football-data.co.uk (ayna: xgabora/Club-Football-Match-Data-2000-2025),football-data;sofascore;openfootball;transfermarkt,4,False,False
2023-24,2024-01-21,Sivasspor,Gaziantep FK,2,2,football-data.co.uk (ayna: xgabora/Club-Football-Match-Data-2000-2025),football-data;sofascore;openfootball;transfermarkt,4,False,False
2023-24,2024-01-21,Trabzonspor,Galatasaray,1,5,football-data.co.uk (ayna: xgabora/Club-Football-Match-Data-2000-2025),football-data;sofascore;openfootball;transfermarkt,4,False,False
2023-24,2024-01-22,Kayserispor,İstanbulspor,0,1,football-data.co.uk (ayna: xgabora/Club-Football-Match-Data-2000-2025),football-data;sofascore;openfootball;transfermarkt,4,False,False
2023-24,2024-01-23,Beşiktaş,Adana Demirspor,0,0,football-data.co.uk (ayna: xgabora/Club-Football-Match-Data-2000-2025),football-data;sofascore;openfootball;transfermarkt,4,False,False
2023-24,2024-01-23,Hatayspor,Alanyaspor,1,1,football-data.co.uk (ayna: xgabora/Club-Football-Match-Data-2000-2025),football-data;sofascore;openfootball;transfermarkt,4,False,False
2023-24,2024-01-23,Pendikspor,Kasımpaşa,3,2,football-data.co.uk (ayna: xgabora/Club-Football-Match-Data-2000-2025),football-data;sofascore;openfootball;transfermarkt,4,False,False
2023-24,2024-01-24,Ankaragücü,Fatih Karagümrük,2,0,football-data.co.uk (ayna: xgabora/Club-Football-Match-Data-2000-2025),football-data;sofascore;openfootball;transfermarkt,4,False,False
2023-24,2024-01-24,Antalyaspor,Sivasspor,2,1,football-data.co.uk (ayna: xgabora/Club-Football-Match-Data-2000-2025),football-data;sofascore;openfootball;transfermarkt,4,False,False
2023-24,2024-01-24,Gaziantep FK,Konyaspor,1,1,football-data.co.uk (ayna: xgabora/Club-Football-Match-Data-2000-2025),football-data;sofascore;openfootball;transfermarkt,4,False,False
2023-24,2024-01-24,İstanbul Başakşehir,Fenerbahçe,0,1,football-data.co.uk (ayna: xgabora/Club-Football-Match-Data-2000-2025),football-data;sofascore;openfootball;transfermarkt,4,False,False
2023-24,2024-01-25,Galatasaray,İstanbulspor,3,1,football-data.co.uk (ayna: xgabora/Club-Football-Match-Data-2000-2025),football-data;sofascore;openfootball;transfermarkt,4,False,False
2023-24,2024-01-25,Samsunspor,Kayserispor,2,0,football-data.co.uk (ayna: xgabora/Club-Football-Match-Data-2000-2025),football-data;sofascore;openfootball;transfermarkt,4,False,False
2023-24,2024-01-25,Çaykur Rizespor,Trabzonspor,1,0,football-data.co.uk (ayna: xgabora/Club-Football-Match-Data-2000-2025),football-data;sofascore;openfootball;transfermarkt,4,False,False
2023-24,2024-01-27,Adana Demirspor,Hatayspor,0,1,football-data.co.uk (ayna: xgabora/Club-Football-Match-Data-2000-2025),football-data;sofascore;openfootball;transfermarkt,4,False,False
2023-24,2024-01-27,Alanyaspor,Pendikspor,1,1,football-data.co.uk (ayna: xgabora/Club-Football-Match-Data-2000-2025),football-data;sofascore;openfootball;transfermarkt,4,False,False
2023-24,2024-01-28,Fatih Karagümrük,Çaykur Rizespor,4,0,football-data.co.uk (ayna: xgabora/Club-Football-Match-Data-2000-2025),football-data;sofascore;openfootball;transfermarkt,4,False,False
2023-24,2024-01-28,Fenerbahçe,Ankaragücü,2,1,football-data.co.uk (ayna: xgabora/Club-Football-Match-Data-2000-2025),football-data;sofascore;openfootball;transfermarkt,4,False,False
2023-24,2024-01-28,Konyaspor,İstanbul Başakşehir,2,3,football-data.co.uk (ayna: xgabora/Club-Football-Match-Data-2000-2025),football-data;sofascore;openfootball;transfermarkt,4,False,False
2023-24,2024-01-28,Sivasspor,Beşiktaş,1,0,football-data.co.uk (ayna: xgabora/Club-Football-Match-Data-2000-2025),football-data;sofascore;openfootball;transfermarkt,4,False,False
2023-24,2024-01-29,Galatasaray,Gaziantep FK,2,1,football-data.co.uk (ayna: xgabora/Club-Football-Match-Data-2000-2025),football-data;sofascore;openfootball;transfermarkt,4,False,False
2023-24,2024-01-29,Kayserispor,Antalyaspor,1,1,football-data.co.uk (ayna: xgabora/Club-Football-Match-Data-2000-2025),football-data;sofascore;openfootball;transfermarkt,4,False,False
2023-24,2024-01-29,Trabzonspor,Kasımpaşa,2,3,football-data.co.uk (ayna: xgabora/Club-Football-Match-Data-2000-2025),football-data;sofascore;openfootball;transfermarkt,4,False,False
2023-24,2024-01-29,İstanbulspor,Samsunspor,1,1,football-data.co.uk (ayna: xgabora/Club-Football-Match-Data-2000-2025),football-data;sofascore;openfootball;transfermarkt,4,False,False
2023-24,2024-02-02,Ankaragücü,Sivasspor,0,0,football-data.co.uk (ayna: xgabora/Club-Football-Match-Data-2000-2025),football-data;sofascore;openfootball;transfermarkt,4,False,False
2023-24,2024-02-02,Hatayspor,Fatih Karagümrük,3,1,football-data.co.uk (ayna: xgabora/Club-Football-Match-Data-2000-2025),football-data;sofascore;openfootball;transfermarkt,4,False,False
2023-24,2024-02-02,Samsunspor,Galatasaray,0,2,football-data.co.uk (ayna: xgabora/Club-Football-Match-Data-2000-2025),football-data;sofascore;openfootball;transfermarkt,4,False,False
2023-24,2024-02-03,Antalyaspor,Fenerbahçe,0,2,football-data.co.uk (ayna: xgabora/Club-Football-Match-Data-2000-2025),football-data;sofascore;openfootball;transfermarkt,4,False,False
2023-24,2024-02-03,Gaziantep FK,Kayserispor,1,1,football-data.co.uk (ayna: xgabora/Club-Football-Match-Data-2000-2025),football-data;sofascore;openfootball;transfermarkt,4,False,False
2023-24,2024-02-03,Çaykur Rizespor,Konyaspor,0,0,football-data.co.uk (ayna: xgabora/Club-Football-Match-Data-2000-2025),football-data;sofascore;openfootball;transfermarkt,4,False,False
2023-24,2024-02-03,İstanbul Başakşehir,İstanbulspor,2,0,football-data.co.uk (ayna: xgabora/Club-Football-Match-Data-2000-2025),football-data;sofascore;openfootball;transfermarkt,4,False,False
2023-24,2024-02-04,Beşiktaş,Trabzonspor,2,0,football-data.co.uk (ayna: xgabora/Club-Football-Match-Data-2000-2025),football-data;sofascore;openfootball;transfermarkt,4,False,False
2023-24,2024-02-04,Kasımpaşa,Alanyaspor,2,1,football-data.co.uk (ayna: xgabora/Club-Football-Match-Data-2000-2025),football-data;sofascore;openfootball;transfermarkt,4,False,False
2023-24,2024-02-04,Pendikspor,Adana Demirspor,2,1,football-data.co.uk (ayna: xgabora/Club-Football-Match-Data-2000-2025),football-data;sofascore;openfootball;transfermarkt,4,False,False
2023-24,2024-02-09,Adana Demirspor,Kasımpaşa,1,3,football-data.co.uk (ayna: xgabora/Club-Football-Match-Data-2000-2025),football-data;sofascore;openfootball;transfermarkt,4,False,False
2023-24,2024-02-10,Fatih Karagümrük,Pendikspor,2,0,football-data.co.uk (ayna: xgabora/Club-Football-Match-Data-2000-2025),football-data;sofascore;openfootball;transfermarkt,4,False,False
2023-24,2024-02-10,Galatasaray,İstanbul Başakşehir,2,0,football-data.co.uk (ayna: xgabora/Club-Football-Match-Data-2000-2025),football-data;sofascore;openfootball;transfermarkt,4,False,False
2023-24,2024-02-11,Fenerbahçe,Alanyaspor,2,2,football-data.co.uk (ayna: xgabora/Club-Football-Match-Data-2000-2025),football-data;sofascore;openfootball;transfermarkt,4,False,False
2023-24,2024-02-11,Konyaspor,Ankaragücü,1,0,football-data.co.uk (ayna: xgabora/Club-Football-Match-Data-2000-2025),football-data;sofascore;openfootball;transfermarkt,4,False,False
2023-24,2024-02-11,Sivasspor,Çaykur Rizespor,1,0,football-data.co.uk (ayna: xgabora/Club-Football-Match-Data-2000-2025),football-data;sofascore;openfootball;transfermarkt,4,False,False
2023-24,2024-02-11,İstanbulspor,Gaziantep FK,1,3,football-data.co.uk (ayna: xgabora/Club-Football-Match-Data-2000-2025),football-data;sofascore;openfootball;transfermarkt,4,False,False
2023-24,2024-02-12,Kayserispor,Beşiktaş,0,0,football-data.co.uk (ayna: xgabora/Club-Football-Match-Data-2000-2025),football-data;sofascore;openfootball;transfermarkt,4,False,False
2023-24,2024-02-12,Samsunspor,Antalyaspor,2,0,football-data.co.uk (ayna: xgabora/Club-Football-Match-Data-2000-2025),football-data;sofascore;openfootball;transfermarkt,4,False,False
2023-24,2024-02-12,Trabzonspor,Hatayspor,2,0,football-data.co.uk (ayna: xgabora/Club-Football-Match-Data-2000-2025),football-data;sofascore;openfootball;transfermarkt,4,False,False
2023-24,2024-02-16,Kasımpaşa,Fatih Karagümrük,1,1,football-data.co.uk (ayna: xgabora/Club-Football-Match-Data-2000-2025),football-data;sofascore;openfootball;transfermarkt,4,False,False
2023-24,2024-02-17,Antalyaspor,İstanbulspor,2,2,football-data.co.uk (ayna: xgabora/Club-Football-Match-Data-2000-2025),football-data;sofascore;openfootball;transfermarkt,4,False,False
2023-24,2024-02-17,Hatayspor,Sivasspor,1,1,football-data.co.uk (ayna: xgabora/Club-Football-Match-Data-2000-2025),football-data;sofascore;openfootball;transfermarkt,4,False,False
2023-24,2024-02-17,Çaykur Rizespor,Fenerbahçe,1,3,football-data.co.uk (ayna: xgabora/Club-Football-Match-Data-2000-2025),football-data;sofascore;openfootball;transfermarkt,4,False,False
2023-24,2024-02-18,Alanyaspor,Adana Demirspor,3,3,football-data.co.uk (ayna: xgabora/Club-Football-Match-Data-2000-2025),football-data;sofascore;openfootball;transfermarkt,4,False,False
2023-24,2024-02-18,Ankaragücü,Galatasaray,0,3,football-data.co.uk (ayna: xgabora/Club-Football-Match-Data-2000-2025),football-data;sofascore;openfootball;transfermarkt,4,False,False
2023-24,2024-02-18,Gaziantep FK,Samsunspor,1,1,football-data.co.uk (ayna: xgabora/Club-Football-Match-Data-2000-2025),football-data;sofascore;openfootball;transfermarkt,4,False,False
2023-24,2024-02-18,Pendikspor,Trabzonspor,0,2,football-data.co.uk (ayna: xgabora/Club-Football-Match-Data-2000-2025),football-data;sofascore;openfootball;transfermarkt,4,False,False
2023-24,2024-02-19,Beşiktaş,Konyaspor,2,0,football-data.co.uk (ayna: xgabora/Club-Football-Match-Data-2000-2025),football-data;sofascore;openfootball;transfermarkt,4,False,False
2023-24,2024-02-19,İstanbul Başakşehir,Kayserispor,2,3,football-data.co.uk (ayna: xgabora/Club-Football-Match-Data-2000-2025),football-data;sofascore;openfootball;transfermarkt,4,False,False
2023-24,2024-02-23,Samsunspor,Çaykur Rizespor,3,0,football-data.co.uk (ayna: xgabora/Club-Football-Match-Data-2000-2025),football-data;sofascore;openfootball;transfermarkt,4,False,False
2023-24,2024-02-24,Fenerbahçe,Kasımpaşa,2,1,football-data.co.uk (ayna: xgabora/Club-Football-Match-Data-2000-2025),football-data;sofascore;openfootball;transfermarkt,4,False,False
2023-24,2024-02-24,Gaziantep FK,İstanbul Başakşehir,0,2,football-data.co.uk (ayna: xgabora/Club-Football-Match-Data-2000-2025),football-data;sofascore;openfootball;transfermarkt,4,False,False
2023-24,2024-02-24,Kayserispor,Ankaragücü,3,2,football-data.co.uk (ayna: xgabora/Club-Football-Match-Data-2000-2025),football-data;sofascore;openfootball;transfermarkt,4,False,False
2023-24,2024-02-24,Konyaspor,Hatayspor,2,0,football-data.co.uk (ayna: xgabora/Club-Football-Match-Data-2000-2025),football-data;sofascore;openfootball;transfermarkt,4,False,False
2023-24,2024-02-25,Fatih Karagümrük,Alanyaspor,1,1,football-data.co.uk (ayna: xgabora/Club-Football-Match-Data-2000-2025),football-data;sofascore;openfootball;transfermarkt,4,False,False
2023-24,2024-02-25,Sivasspor,Pendikspor,4,1,football-data.co.uk (ayna: xgabora/Club-Football-Match-Data-2000-2025),football-data;sofascore;openfootball;transfermarkt,4,False,False
2023-24,2024-02-25,Trabzonspor,Adana Demirspor,1,0,football-data.co.uk (ayna: xgabora/Club-Football-Match-Data-2000-2025),football-data;sofascore;openfootball;transfermarkt,4,False,False
2023-24,2024-02-25,İstanbulspor,Beşiktaş,0,2,football-data.co.uk (ayna: xgabora/Club-Football-Match-Data-2000-2025),football-data;sofascore;openfootball;transfermarkt,4,False,False
2023-24,2024-02-26,Galatasaray,Antalyaspor,2,1,football-data.co.uk (ayna: xgabora/Club-Football-Match-Data-2000-2025),football-data;sofascore;openfootball;transfermarkt,4,False,False
2023-24,2024-03-01,Kasımpaşa,Sivasspor,0,0,football-data.co.uk (ayna: xgabora/Club-Football-Match-Data-2000-2025),football-data;sofascore;openfootball;transfermarkt,4,False,False
2023-24,2024-03-02,Ankaragücü,İstanbulspor,1,1,football-data.co.uk (ayna: xgabora/Club-Football-Match-Data-2000-2025),football-data;sofascore;openfootball;transfermarkt,4,False,False
2023-24,2024-03-02,Hatayspor,Fenerbahçe,0,2,football-data.co.uk (ayna: xgabora/Club-Football-Match-Data-2000-2025),football-data;sofascore;openfootball;transfermarkt,4,False,False
2023-24,2024-03-02,Çaykur Rizespor,Kayserispor,3,0,football-data.co.uk (ayna: xgabora/Club-Football-Match-Data-2000-2025),football-data;sofascore;openfootball;transfermarkt,4,False,False
2023-24,2024-03-03,Beşiktaş,Galatasaray,0,1,football-data.co.uk (ayna: xgabora/Club-Football-Match-Data-2000-2025),football-data;sofascore;openfootball;transfermarkt,4,False,False
2023-24,2024-03-03,Pendikspor,Konyaspor,0,2,football-data.co.uk (ayna: xgabora/Club-Football-Match-Data-2000-2025),football-data;sofascore;openfootball;transfermarkt,4,False,False
2023-24,2024-03-03,İstanbul Başakşehir,Samsunspor,1,0,football-data.co.uk (ayna: xgabora/Club-Football-Match-Data-2000-2025),football-data;sofascore;openfootball;transfermarkt,4,False,False
2023-24,2024-03-04,Adana Demirspor,Fatih Karagümrük,1,0,football-data.co.uk (ayna: xgabora/Club-Football-Match-Data-2000-2025),football-data;sofascore;openfootball;transfermarkt,4,False,False
2023-24,2024-03-04,Alanyaspor,Trabzonspor,3,1,football-data.co.uk (ayna: xgabora/Club-Football-Match-Data-2000-2025),football-data;sofascore;openfootball;transfermarkt,4,False,False
2023-24,2024-03-04,Antalyaspor,Gaziantep FK,1,0,football-data.co.uk (ayna: xgabora/Club-Football-Match-Data-2000-2025),football-data;sofascore;openfootball;transfermarkt,4,False,False
2023-24,2024-03-08,Galatasaray,Çaykur Rizespor,6,2,football-data.co.uk (ayna: xgabora/Club-Football-Match-Data-2000-2025),football-data;sofascore;openfootball;transfermarkt,4,False,False
2023-24,2024-03-09,Konyaspor,Adana Demirspor,2,2,football-data.co.uk (ayna: xgabora/Club-Football-Match-Data-2000-2025),football-data;sofascore;openfootball;transfermarkt,4,False,False
2023-24,2024-03-09,Sivasspor,Alanyaspor,1,2,football-data.co.uk (ayna: xgabora/Club-Football-Match-Data-2000-2025),football-data;sofascore;openfootball;transfermarkt,4,False,False
2023-24,2024-03-09,Trabzonspor,Fatih Karagümrük,5,1,football-data.co.uk (ayna: xgabora/Club-Football-Match-Data-2000-2025),football-data;sofascore;openfootball;transfermarkt,4,False,False
2023-24,2024-03-09,İstanbul Başakşehir,Antalyaspor,1,0,football-data.co.uk (ayna: xgabora/Club-Football-Match-Data-2000-2025),football-data;sofascore;openfootball;transfermarkt,4,False,False
2023-24,2024-03-10,Fenerbahçe,Pendikspor,4,1,football-data.co.uk (ayna: xgabora/Club-Football-Match-Data-2000-2025),football-data;sofascore;openfootball;transfermarkt,4,False,False
2023-24,2024-03-10,Kayserispor,Hatayspor,1,1,football-data.co.uk (ayna: xgabora/Club-Football-Match-Data-2000-2025),football-data;sofascore;openfootball;transfermarkt,4,False,False
2023-24,2024-03-10,Samsunspor,Ankaragücü,2,1,football-data.co.uk (ayna: xgabora/Club-Football-Match-Data-2000-2025),football-data;sofascore;openfootball;transfermarkt,4,False,False
2023-24,2024-03-10,İstanbulspor,Kasımpaşa,1,2,football-data.co.uk (ayna: xgabora/Club-Football-Match-Data-2000-2025),football-data;sofascore;openfootball;transfermarkt,4,False,False
2023-24,2024-03-11,Gaziantep FK,Beşiktaş,2,0,football-data.co.uk (ayna: xgabora/Club-Football-Match-Data-2000-2025),football-data;sofascore;openfootball;transfermarkt,4,False,False
2023-24,2024-03-15,Fatih Karagümrük,Konyaspor,1,1,football-data.co.uk (ayna: xgabora/Club-Football-Match-Data-2000-2025),football-data;sofascore;openfootball;transfermarkt,4,False,False
2023-24,2024-03-15,Pendikspor,İstanbulspor,1,0,football-data.co.uk (ayna: xgabora/Club-Football-Match-Data-2000-2025),football-data;sofascore;openfootball;transfermarkt,4,False,False
2023-24,2024-03-16,Adana Demirspor,Sivasspor,4,1,football-data.co.uk (ayna: xgabora/Club-Football-Match-Data-2000-2025),football-data;sofascore;openfootball;transfermarkt,4,False,False
2023-24,2024-03-16,Alanyaspor,Kayserispor,1,0,football-data.co.uk (ayna: xgabora/Club-Football-Match-Data-2000-2025),football-data;sofascore;openfootball;transfermarkt,4,False,False
2023-24,2024-03-16,Ankaragücü,İstanbul Başakşehir,2,1,football-data.co.uk (ayna: xgabora/Club-Football-Match-Data-2000-2025),football-data;sofascore;openfootball;transfermarkt,4,False,False
2023-24,2024-03-16,Beşiktaş,Antalyaspor,1,2,football-data.co.uk (ayna: xgabora/Club-Football-Match-Data-2000-2025),football-data;sofascore;openfootball;transfermarkt,4,False,False
2023-24,2024-03-17,Hatayspor,Samsunspor,3,0,football-data.co.uk (ayna: xgabora/Club-Football-Match-Data-2000-2025),football-data;sofascore;openfootball;transfermarkt,4,False,False
2023-24,2024-03-17,Kasımpaşa,Galatasaray,3,4,football-data.co.uk (ayna: xgabora/Club-Football-Match-Data-2000-2025),football-data;sofascore;openfootball;transfermarkt,4,False,False
2023-24,2024-03-17,Trabzonspor,Fenerbahçe,2,3,football-data.co.uk (ayna: xgabora/Club-Football-Match-Data-2000-2025),football-data;sofascore;openfootball;transfermarkt,4,False,False
2023-24,2024-03-17,Çaykur Rizespor,Gaziantep FK,3,1,football-data.co.uk (ayna: xgabora/Club-Football-Match-Data-2000-2025),football-data;sofascore;openfootball;transfermarkt,4,False,False
2023-24,2024-04-02,Antalyaspor,Ankaragücü,1,1,football-data.co.uk (ayna: xgabora/Club-Football-Match-Data-2000-2025),football-data;sofascore;openfootball;transfermarkt,4,False,False
2023-24,2024-04-02,Galatasaray,Hatayspor,1,0,football-data.co.uk (ayna: xgabora/Club-Football-Match-Data-2000-2025),football-data;sofascore;openfootball;transfermarkt,4,False,False
2023-24,2024-04-02,Gaziantep FK,Alanyaspor,0,3,football-data.co.uk (ayna: xgabora/Club-Football-Match-Data-2000-2025),football-data;sofascore;openfootball;transfermarkt,4,False,False
2023-24,2024-04-02,İstanbulspor,Çaykur Rizespor,0,4,football-data.co.uk (ayna: xgabora/Club-Football-Match-Data-2000-2025),football-data;sofascore;openfootball;transfermarkt,4,False,False
2023-24,2024-04-03,Fenerbahçe,Adana Demirspor,4,2,football-data.co.uk (ayna: xgabora/Club-Football-Match-Data-2000-2025),football-data;sofascore;openfootball;transfermarkt,4,False,False
2023-24,2024-04-03,Kayserispor,Kasımpaşa,0,2,football-data.co.uk (ayna: xgabora/Club-Football-Match-Data-2000-2025),football-data;sofascore;openfootball;transfermarkt,4,False,False
2023-24,2024-04-03,Konyaspor,Trabzonspor,1,3,football-data.co.uk (ayna: xgabora/Club-Football-Match-Data-2000-2025),football-data;sofascore;openfootball;transfermarkt,4,False,False
2023-24,2024-04-03,Sivasspor,Fatih Karagümrük,1,0,football-data.co.uk (ayna: xgabora/Club-Football-Match-Data-2000-2025),football-data;sofascore;openfootball;transfermarkt,4,False,False
2023-24,2024-04-04,Samsunspor,Pendikspor,0,0,football-data.co.uk (ayna: xgabora/Club-Football-Match-Data-2000-2025),football-data;sofascore;openfootball;transfermarkt,4,False,False
2023-24,2024-04-04,İstanbul Başakşehir,Beşiktaş,1,1,football-data.co.uk (ayna: xgabora/Club-Football-Match-Data-2000-2025),football-data;sofascore;openfootball;transfermarkt,4,False,False
2023-24,2024-04-12,Trabzonspor,Sivasspor,0,1,football-data.co.uk (ayna: xgabora/Club-Football-Match-Data-2000-2025),football-data;sofascore;openfootball;transfermarkt,4,False,False
2023-24,2024-04-13,Adana Demirspor,Kayserispor,0,0,football-data.co.uk (ayna: xgabora/Club-Football-Match-Data-2000-2025),football-data;sofascore;openfootball;transfermarkt,4,False,False
2023-24,2024-04-13,Ankaragücü,Gaziantep FK,3,1,football-data.co.uk (ayna: xgabora/Club-Football-Match-Data-2000-2025),football-data;sofascore;openfootball;transfermarkt,4,False,False
2023-24,2024-04-13,Beşiktaş,Samsunspor,1,1,football-data.co.uk (ayna: xgabora/Club-Football-Match-Data-2000-2025),football-data;sofascore;openfootball;transfermarkt,4,False,False
2023-24,2024-04-13,Kasımpaşa,Konyaspor,0,2,football-data.co.uk (ayna: xgabora/Club-Football-Match-Data-2000-2025),football-data;sofascore;openfootball;transfermarkt,4,False,False
2023-24,2024-04-14,Fatih Karagümrük,Fenerbahçe,1,2,football-data.co.uk (ayna: xgabora/Club-Football-Match-Data-2000-2025),football-data;sofascore;openfootball;transfermarkt,4,False,False
2023-24,2024-04-14,Hatayspor,İstanbulspor,0,3,football-data.co.uk (ayna: xgabora/Club-Football-Match-Data-2000-2025),football-data;sofascore;openfootball;transfermarkt,4,False,False
2023-24,2024-04-14,Pendikspor,İstanbul Başakşehir,2,3,football-data.co.uk (ayna: xgabora/Club-Football-Match-Data-2000-2025),football-data;sofascore;openfootball;transfermarkt,4,False,False
2023-24,2024-04-14,Çaykur Rizespor,Antalyaspor,3,0,football-data.co.uk (ayna: xgabora/Club-Football-Match-Data-2000-2025),football-data;sofascore;openfootball;transfermarkt,4,False,False
2023-24,2024-04-15,Alanyaspor,Galatasaray,0,4,football-data.co.uk (ayna: xgabora/Club-Football-Match-Data-2000-2025),football-data;sofascore;openfootball;transfermarkt,4,False,False
2023-24,2024-04-19,Beşiktaş,Ankaragücü,2,0,football-data.co.uk (ayna: xgabora/Club-Football-Match-Data-2000-2025),football-data;sofascore;openfootball;transfermarkt,4,False,False
2023-24,2024-04-20,Kayserispor,Trabzonspor,1,2,football-data.co.uk (ayna: xgabora/Club-Football-Match-Data-2000-2025),football-data;sofascore;openfootball;transfermarkt,4,False,False
2023-24,2024-04-20,Konyaspor,Alanyaspor,0,2,football-data.co.uk (ayna: xgabora/Club-Football-Match-Data-2000-2025),football-data;sofascore;openfootball;transfermarkt,4,False,False
2023-24,2024-04-20,Samsunspor,Adana Demirspor,1,1,football-data.co.uk (ayna: xgabora/Club-Football-Match-Data-2000-2025),football-data;sofascore;openfootball;transfermarkt,4,False,False
2023-24,2024-04-20,İstanbulspor,Fatih Karagümrük,1,2,football-data.co.uk (ayna: xgabora/Club-Football-Match-Data-2000-2025),football-data;sofascore;openfootball;transfermarkt,4,False,False
2023-24,2024-04-21,Antalyaspor,Hatayspor,2,1,football-data.co.uk (ayna: xgabora/Club-Football-Match-Data-2000-2025),football-data;sofascore;openfootball;transfermarkt,4,False,False
2023-24,2024-04-21,Galatasaray,Pendikspor,4,1,football-data.co.uk (ayna: xgabora/Club-Football-Match-Data-2000-2025),football-data;sofascore;openfootball;transfermarkt,4,False,False
2023-24,2024-04-21,Gaziantep FK,Kasımpaşa,2,0,football-data.co.uk (ayna: xgabora/Club-Football-Match-Data-2000-2025),football-data;sofascore;openfootball;transfermarkt,4,False,False
2023-24,2024-04-21,İstanbul Başakşehir,Çaykur Rizespor,2,0,football-data.co.uk (ayna: xgabora/Club-Football-Match-Data-2000-2025),football-data;sofascore;openfootball;transfermarkt,4,False,False
2023-24,2024-04-22,Sivasspor,Fenerbahçe,2,2,football-data.co.uk (ayna: xgabora/Club-Football-Match-Data-2000-2025),football-data;sofascore;openfootball;transfermarkt,4,False,False
2023-24,2024-04-26,Adana Demirspor,Galatasaray,0,3,football-data.co.uk (ayna: xgabora/Club-Football-Match-Data-2000-2025),football-data;sofascore;openfootball;transfermarkt,4,False,False
2023-24,2024-04-27,Fenerbahçe,Beşiktaş,2,1,football-data.co.uk (ayna: xgabora/Club-Football-Match-Data-2000-2025),football-data;sofascore;openfootball;transfermarkt,4,False,False
2023-24,2024-04-27,Hatayspor,İstanbul Başakşehir,1,2,football-data.co.uk (ayna: xgabora/Club-Football-Match-Data-2000-2025),football-data;sofascore;openfootball;transfermarkt,4,False,False
2023-24,2024-04-27,Kasımpaşa,Samsunspor,1,0,football-data.co.uk (ayna: xgabora/Club-Football-Match-Data-2000-2025),football-data;sofascore;openfootball;transfermarkt,4,False,False
2023-24,2024-04-27,Sivasspor,Konyaspor,1,0,football-data.co.uk (ayna: xgabora/Club-Football-Match-Data-2000-2025),football-data;sofascore;openfootball;transfermarkt,4,False,False
2023-24,2024-04-28,Alanyaspor,İstanbulspor,6,0,football-data.co.uk (ayna: xgabora/Club-Football-Match-Data-2000-2025),football-data;sofascore;openfootball;transfermarkt,4,False,False
2023-24,2024-04-28,Pendikspor,Kayserispor,1,2,football-data.co.uk (ayna: xgabora/Club-Football-Match-Data-2000-2025),football-data;sofascore;openfootball;transfermarkt,4,False,False
2023-24,2024-04-28,Trabzonspor,Gaziantep FK,4,2,football-data.co.uk (ayna: xgabora/Club-Football-Match-Data-2000-2025),football-data;sofascore;openfootball;transfermarkt,4,False,False
2023-24,2024-04-28,Çaykur Rizespor,Ankaragücü,2,2,football-data.co.uk (ayna: xgabora/Club-Football-Match-Data-2000-2025),football-data;sofascore;openfootball;transfermarkt,4,False,False
2023-24,2024-04-29,Fatih Karagümrük,Antalyaspor,4,1,football-data.co.uk (ayna: xgabora/Club-Football-Match-Data-2000-2025),football-data;sofascore;openfootball;transfermarkt,4,False,False
2023-24,2024-05-03,Ankaragücü,Alanyaspor,1,1,football-data.co.uk (ayna: xgabora/Club-Football-Match-Data-2000-2025),football-data;sofascore;openfootball;transfermarkt,4,False,False
2023-24,2024-05-03,Beşiktaş,Çaykur Rizespor,3,2,football-data.co.uk (ayna: xgabora/Club-Football-Match-Data-2000-2025),football-data;sofascore;openfootball;transfermarkt,4,False,False
2023-24,2024-05-04,Kayserispor,Fatih Karagümrük,2,2,football-data.co.uk (ayna: xgabora/Club-Football-Match-Data-2000-2025),football-data;sofascore;openfootball;transfermarkt,4,False,False
2023-24,2024-05-04,Samsunspor,Trabzonspor,3,1,football-data.co.uk (ayna: xgabora/Club-Football-Match-Data-2000-2025),football-data;sofascore;openfootball;transfermarkt,4,False,False
2023-24,2024-05-04,İstanbulspor,Adana Demirspor,0,1,football-data.co.uk (ayna: xgabora/Club-Football-Match-Data-2000-2025),football-data;sofascore;openfootball;transfermarkt,4,False,False
2023-24,2024-05-05,Galatasaray,Sivasspor,6,1,football-data.co.uk (ayna: xgabora/Club-Football-Match-Data-2000-2025),football-data;sofascore;openfootball;transfermarkt,4,False,False
2023-24,2024-05-05,Gaziantep FK,Hatayspor,1,1,football-data.co.uk (ayna: xgabora/Club-Football-Match-Data-2000-2025),football-data;sofascore;openfootball;transfermarkt,4,False,False
2023-24,2024-05-05,İstanbul Başakşehir,Kasımpaşa,4,1,football-data.co.uk (ayna: xgabora/Club-Football-Match-Data-2000-2025),football-data;sofascore;openfootball;transfermarkt,4,False,False
2023-24,2024-05-06,Antalyaspor,Pendikspor,1,2,football-data.co.uk (ayna: xgabora/Club-Football-Match-Data-2000-2025),football-data;sofascore;openfootball;transfermarkt,4,False,False
2023-24,2024-05-06,Konyaspor,Fenerbahçe,0,0,football-data.co.uk (ayna: xgabora/Club-Football-Match-Data-2000-2025),football-data;sofascore;openfootball;transfermarkt,4,False,False
2023-24,2024-05-12,Adana Demirspor,Gaziantep FK,1,6,football-data.co.uk (ayna: xgabora/Club-Football-Match-Data-2000-2025),football-data;sofascore;openfootball;transfermarkt,4,False,False
2023-24,2024-05-12,Alanyaspor,Beşiktaş,1,1,football-data.co.uk (ayna: xgabora/Club-Football-Match-Data-2000-2025),football-data;sofascore;openfootball;transfermarkt,4,False,False
2023-24,2024-05-12,Fatih Karagümrük,Galatasaray,2,3,football-data.co.uk (ayna: xgabora/Club-Football-Match-Data-2000-2025),football-data;sofascore;openfootball;transfermarkt,4,False,False
2023-24,2024-05-12,Fenerbahçe,Kayserispor,3,0,football-data.co.uk (ayna: xgabora/Club-Football-Match-Data-2000-2025),football-data;sofascore;openfootball;transfermarkt,4,False,False
2023-24,2024-05-12,Hatayspor,Ankaragücü,2,1,football-data.co.uk (ayna: xgabora/Club-Football-Match-Data-2000-2025),football-data;sofascore;openfootball;transfermarkt,4,False,False
2023-24,2024-05-12,Kasımpaşa,Antalyaspor,3,1,football-data.co.uk (ayna: xgabora/Club-Football-Match-Data-2000-2025),football-data;sofascore;openfootball;transfermarkt,4,False,False
2023-24,2024-05-12,Konyaspor,Samsunspor,3,0,football-data.co.uk (ayna: xgabora/Club-Football-Match-Data-2000-2025),football-data;sofascore;openfootball;transfermarkt,4,False,False
2023-24,2024-05-12,Pendikspor,Çaykur Rizespor,2,1,football-data.co.uk (ayna: xgabora/Club-Football-Match-Data-2000-2025),football-data;sofascore;openfootball;transfermarkt,4,False,False
2023-24,2024-05-12,Sivasspor,İstanbul Başakşehir,0,1,football-data.co.uk (ayna: xgabora/Club-Football-Match-Data-2000-2025),football-data;sofascore;openfootball;transfermarkt,4,False,False
2023-24,2024-05-12,Trabzonspor,İstanbulspor,3,0,football-data.co.uk (ayna: xgabora/Club-Football-Match-Data-2000-2025),football-data;sofascore;openfootball;transfermarkt,4,False,False
2023-24,2024-05-17,Antalyaspor,Adana Demirspor,2,1,football-data.co.uk (ayna: xgabora/Club-Football-Match-Data-2000-2025),football-data;sofascore;openfootball;transfermarkt,4,False,False
2023-24,2024-05-17,İstanbulspor,Sivasspor,1,3,football-data.co.uk (ayna: xgabora/Club-Football-Match-Data-2000-2025),football-data;sofascore;openfootball;transfermarkt,4,False,False
2023-24,2024-05-18,Ankaragücü,Pendikspor,0,0,football-data.co.uk (ayna: xgabora/Club-Football-Match-Data-2000-2025),football-data;sofascore;openfootball;transfermarkt,4,False,False
2023-24,2024-05-18,Beşiktaş,Hatayspor,2,2,football-data.co.uk (ayna: xgabora/Club-Football-Match-Data-2000-2025),football-data;sofascore;openfootball;transfermarkt,4,False,False
2023-24,2024-05-18,Gaziantep FK,Fatih Karagümrük,3,1,football-data.co.uk (ayna: xgabora/Club-Football-Match-Data-2000-2025),football-data;sofascore;openfootball;transfermarkt,4,False,False
2023-24,2024-05-18,Kayserispor,Konyaspor,2,2,football-data.co.uk (ayna: xgabora/Club-Football-Match-Data-2000-2025),football-data;sofascore;openfootball;transfermarkt,4,False,False
2023-24,2024-05-18,Samsunspor,Alanyaspor,1,1,football-data.co.uk (ayna: xgabora/Club-Football-Match-Data-2000-2025),football-data;sofascore;openfootball;transfermarkt,4,False,False
2023-24,2024-05-18,Çaykur Rizespor,Kasımpaşa,0,0,football-data.co.uk (ayna: xgabora/Club-Football-Match-Data-2000-2025),football-data;sofascore;openfootball;transfermarkt,4,False,False
2023-24,2024-05-18,İstanbul Başakşehir,Trabzonspor,0,1,football-data.co.uk (ayna: xgabora/Club-Football-Match-Data-2000-2025),football-data;sofascore;openfootball;transfermarkt,4,False,False
2023-24,2024-05-19,Galatasaray,Fenerbahçe,0,1,football-data.co.uk (ayna: xgabora/Club-Football-Match-Data-2000-2025),football-data;sofascore;openfootball;transfermarkt,4,False,False
2023-24,2024-05-24,Alanyaspor,Antalyaspor,1,1,football-data.co.uk (ayna: xgabora/Club-Football-Match-Data-2000-2025),football-data;sofascore;openfootball;transfermarkt,4,False,False
2023-24,2024-05-25,Fatih Karagümrük,Samsunspor,3,1,football-data.co.uk (ayna: xgabora/Club-Football-Match-Data-2000-2025),football-data;sofascore;openfootball;transfermarkt,4,False,False
2023-24,2024-05-25,Sivasspor,Kayserispor,2,1,football-data.co.uk (ayna: xgabora/Club-Football-Match-Data-2000-2025),football-data;sofascore;openfootball;transfermarkt,4,False,False
2023-24,2024-05-26,Adana Demirspor,İstanbul Başakşehir,2,6,football-data.co.uk (ayna: xgabora/Club-Football-Match-Data-2000-2025),football-data;sofascore;openfootball;transfermarkt,4,False,False
2023-24,2024-05-26,Fenerbahçe,İstanbulspor,6,0,football-data.co.uk (ayna: xgabora/Club-Football-Match-Data-2000-2025),football-data;sofascore;openfootball;transfermarkt,4,False,False
2023-24,2024-05-26,Hatayspor,Çaykur Rizespor,2,0,football-data.co.uk (ayna: xgabora/Club-Football-Match-Data-2000-2025),football-data;sofascore;openfootball;transfermarkt,4,False,False
2023-24,2024-05-26,Kasımpaşa,Beşiktaş,2,1,football-data.co.uk (ayna: xgabora/Club-Football-Match-Data-2000-2025),football-data;sofascore;openfootball;transfermarkt,4,False,False
2023-24,2024-05-26,Konyaspor,Galatasaray,1,3,football-data.co.uk (ayna: xgabora/Club-Football-Match-Data-2000-2025),football-data;sofascore;openfootball;transfermarkt,4,False,False
2023-24,2024-05-26,Pendikspor,Gaziantep FK,0,1,football-data.co.uk (ayna: xgabora/Club-Football-Match-Data-2000-2025),football-data;sofascore;openfootball;transfermarkt,4,False,False
2023-24,2024-05-26,Trabzonspor,Ankaragücü,4,2,football-data.co.uk (ayna: xgabora/Club-Football-Match-Data-2000-2025),football-data;sofascore;openfootball;transfermarkt,4,False,False
2024-25,2024-08-09,Galatasaray,Hatayspor,2,1,football-data.co.uk (ayna: xgabora/Club-Football-Match-Data-2000-2025),football-data;sofascore;openfootball;transfermarkt,4,False,False
2024-25,2024-08-10,Antalyaspor,Göztepe,0,0,football-data.co.uk (ayna: xgabora/Club-Football-Match-Data-2000-2025),football-data;sofascore;openfootball;transfermarkt,4,False,False
2024-25,2024-08-10,Fenerbahçe,Adana Demirspor,1,0,football-data.co.uk (ayna: xgabora/Club-Football-Match-Data-2000-2025),football-data;sofascore;openfootball;transfermarkt,4,False,False
2024-25,2024-08-10,Kasımpaşa,Konyaspor,2,3,football-data.co.uk (ayna: xgabora/Club-Football-Match-Data-2000-2025),football-data;sofascore;openfootball;transfermarkt,4,False,False
2024-25,2024-08-11,Alanyaspor,Eyüpspor,1,1,football-data.co.uk (ayna: xgabora/Club-Football-Match-Data-2000-2025),football-data;sofascore;openfootball;transfermarkt,4,False,False
2024-25,2024-08-11,Samsunspor,Beşiktaş,0,2,football-data.co.uk (ayna: xgabora/Club-Football-Match-Data-2000-2025),football-data;sofascore;openfootball;transfermarkt,4,False,False
2024-25,2024-08-11,Sivasspor,Trabzonspor,0,0,football-data.co.uk (ayna: xgabora/Club-Football-Match-Data-2000-2025),football-data;sofascore;openfootball;transfermarkt,4,False,False
2024-25,2024-08-12,Bodrum FK,Gaziantep FK,0,1,football-data.co.uk (ayna: xgabora/Club-Football-Match-Data-2000-2025),football-data;sofascore;openfootball;transfermarkt,4,False,False
2024-25,2024-08-12,Çaykur Rizespor,İstanbul Başakşehir,1,1,football-data.co.uk (ayna: xgabora/Club-Football-Match-Data-2000-2025),football-data;sofascore;openfootball;transfermarkt,4,False,False
2024-25,2024-08-16,Konyaspor,Galatasaray,1,2,football-data.co.uk (ayna: xgabora/Club-Football-Match-Data-2000-2025),football-data;sofascore;openfootball;transfermarkt,4,False,False
2024-25,2024-08-17,Adana Demirspor,Çaykur Rizespor,1,2,football-data.co.uk (ayna: xgabora/Club-Football-Match-Data-2000-2025),football-data;sofascore;openfootball;transfermarkt,4,False,False
2024-25,2024-08-17,Göztepe,Fenerbahçe,2,2,football-data.co.uk (ayna: xgabora/Club-Football-Match-Data-2000-2025),football-data;sofascore;openfootball;transfermarkt,4,False,False
2024-25,2024-08-17,Kayserispor,Sivasspor,1,2,football-data.co.uk (ayna: xgabora/Club-Football-Match-Data-2000-2025),football-data;sofascore;openfootball;transfermarkt,4,False,False
2024-25,2024-08-18,Beşiktaş,Antalyaspor,4,2,football-data.co.uk (ayna: xgabora/Club-Football-Match-Data-2000-2025),football-data;sofascore;openfootball;transfermarkt,4,False,False
2024-25,2024-08-18,Gaziantep FK,Samsunspor,0,1,football-data.co.uk (ayna: xgabora/Club-Football-Match-Data-2000-2025),football-data;sofascore;openfootball;transfermarkt,4,False,False
2024-25,2024-08-18,İstanbul Başakşehir,Alanyaspor,4,2,football-data.co.uk (ayna: xgabora/Club-Football-Match-Data-2000-2025),football-data;sofascore;openfootball;transfermarkt,4,False,False
2024-25,2024-08-19,Eyüpspor,Bodrum FK,4,1,football-data.co.uk (ayna: xgabora/Club-Football-Match-Data-2000-2025),football-data;sofascore;openfootball;transfermarkt,4,False,False
2024-25,2024-08-19,Hatayspor,Kasımpaşa,1,1,football-data.co.uk (ayna: xgabora/Club-Football-Match-Data-2000-2025),football-data;sofascore;openfootball;transfermarkt,4,False,False
2024-25,2024-08-23,Alanyaspor,Göztepe,1,1,football-data.co.uk (ayna: xgabora/Club-Football-Match-Data-2000-2025),football-data;sofascore;openfootball;transfermarkt,4,False,False
2024-25,2024-08-24,Bodrum FK,Konyaspor,3,1,football-data.co.uk (ayna: xgabora/Club-Football-Match-Data-2000-2025),football-data;sofascore;openfootball;transfermarkt,4,False,False
2024-25,2024-08-24,Sivasspor,Eyüpspor,0,1,football-data.co.uk (ayna: xgabora/Club-Football-Match-Data-2000-2025),football-data;sofascore;openfootball;transfermarkt,4,False,False
2024-25,2024-08-25,Antalyaspor,Hatayspor,3,2,football-data.co.uk (ayna: xgabora/Club-Football-Match-Data-2000-2025),football-data;sofascore;openfootball;transfermarkt,4,False,False
2024-25,2024-08-25,Kasımpaşa,Adana Demirspor,2,2,football-data.co.uk (ayna: xgabora/Club-Football-Match-Data-2000-2025),football-data;sofascore;openfootball;transfermarkt,4,False,False
2024-25,2024-08-25,Çaykur Rizespor,Fenerbahçe,0,5,football-data.co.uk (ayna: xgabora/Club-Football-Match-Data-2000-2025),football-data;sofascore;openfootball;transfermarkt,4,False,False
2024-25,2024-08-30,Fenerbahçe,Alanyaspor,3,0,football-data.co.uk (ayna: xgabora/Club-Football-Match-Data-2000-2025),football-data;sofascore;openfootball;transfermarkt,4,False,False
2024-25,2024-08-31,Adana Demirspor,Galatasaray,1,5,football-data.co.uk (ayna: xgabora/Club-Football-Match-Data-2000-2025),football-data;sofascore;openfootball;transfermarkt,4,False,False
2024-25,2024-08-31,Göztepe,Bodrum FK,2,0,football-data.co.uk (ayna: xgabora/Club-Football-Match-Data-2000-2025),football-data;sofascore;openfootball;transfermarkt,4,False,False
2024-25,2024-08-31,Konyaspor,Kayserispor,0,0,football-data.co.uk (ayna: xgabora/Club-Football-Match-Data-2000-2025),football-data;sofascore;openfootball;transfermarkt,4,False,False
2024-25,2024-08-31,Çaykur Rizespor,Kasımpaşa,0,1,football-data.co.uk (ayna: xgabora/Club-Football-Match-Data-2000-2025),football-data;sofascore;openfootball;transfermarkt,4,False,False
2024-25,2024-09-01,Beşiktaş,Sivasspor,2,0,football-data.co.uk (ayna: xgabora/Club-Football-Match-Data-2000-2025),football-data;sofascore;openfootball;transfermarkt,4,False,False
2024-25,2024-09-01,Eyüpspor,Trabzonspor,0,0,football-data.co.uk (ayna: xgabora/Club-Football-Match-Data-2000-2025),football-data;sofascore;openfootball;transfermarkt,4,False,False
2024-25,2024-09-01,Hatayspor,Samsunspor,0,3,football-data.co.uk (ayna: xgabora/Club-Football-Match-Data-2000-2025),football-data;sofascore;openfootball;transfermarkt,4,False,False
2024-25,2024-09-01,İstanbul Başakşehir,Antalyaspor,5,2,football-data.co.uk (ayna: xgabora/Club-Football-Match-Data-2000-2025),football-data;sofascore;openfootball;transfermarkt,4,False,False
2024-25,2024-09-14,Bodrum FK,İstanbul Başakşehir,0,1,football-data.co.uk (ayna: xgabora/Club-Football-Match-Data-2000-2025),football-data;sofascore;openfootball;transfermarkt,4,False,False
2024-25,2024-09-14,Galatasaray,Çaykur Rizespor,5,0,football-data.co.uk (ayna: xgabora/Club-Football-Match-Data-2000-2025),football-data;sofascore;openfootball;transfermarkt,4,False,False
2024-25,2024-09-14,Samsunspor,Konyaspor,0,1,football-data.co.uk (ayna: xgabora/Club-Football-Match-Data-2000-2025),football-data;sofascore;openfootball;transfermarkt,4,False,False
2024-25,2024-09-14,Sivasspor,Gaziantep FK,3,2,football-data.co.uk (ayna: xgabora/Club-Football-Match-Data-2000-2025),football-data;sofascore;openfootball;transfermarkt,4,False,False
2024-25,2024-09-15,Alanyaspor,Hatayspor,0,0,football-data.co.uk (ayna: xgabora/Club-Football-Match-Data-2000-2025),football-data;sofascore;openfootball;transfermarkt,4,False,False
2024-25,2024-09-15,Kasımpaşa,Fenerbahçe,0,2,football-data.co.uk (ayna: xgabora/Club-Football-Match-Data-2000-2025),football-data;sofascore;openfootball;transfermarkt,4,False,False
2024-25,2024-09-15,Kayserispor,Eyüpspor,2,2,football-data.co.uk (ayna: xgabora/Club-Football-Match-Data-2000-2025),football-data;sofascore;openfootball;transfermarkt,4,False,False
2024-25,2024-09-15,Trabzonspor,Beşiktaş,1,1,football-data.co.uk (ayna: xgabora/Club-Football-Match-Data-2000-2025),football-data;sofascore;openfootball;transfermarkt,4,False,False
2024-25,2024-09-16,Antalyaspor,Adana Demirspor,2,1,football-data.co.uk (ayna: xgabora/Club-Football-Match-Data-2000-2025),football-data;sofascore;openfootball;transfermarkt,4,False,False
2024-25,2024-09-17,Galatasaray,Gaziantep FK,3,1,football-data.co.uk (ayna: xgabora/Club-Football-Match-Data-2000-2025),football-data;sofascore;openfootball;transfermarkt,4,False,False
2024-25,2024-09-18,Samsunspor,İstanbul Başakşehir,2,0,football-data.co.uk (ayna: xgabora/Club-Football-Match-Data-2000-2025),football-data;sofascore;openfootball;transfermarkt,4,False,False
2024-25,2024-09-19,Trabzonspor,Kayserispor,2,2,football-data.co.uk (ayna: xgabora/Club-Football-Match-Data-2000-2025),football-data;sofascore;openfootball;transfermarkt,4,False,False
2024-25,2024-09-20,Hatayspor,Bodrum FK,0,1,football-data.co.uk (ayna: xgabora/Club-Football-Match-Data-2000-2025),football-data;sofascore;openfootball;transfermarkt,4,False,False
2024-25,2024-09-21,Fenerbahçe,Galatasaray,1,3,football-data.co.uk (ayna: xgabora/Club-Football-Match-Data-2000-2025),football-data;sofascore;openfootball;transfermarkt,4,False,False
2024-25,2024-09-21,Konyaspor,Sivasspor,0,0,football-data.co.uk (ayna: xgabora/Club-Football-Match-Data-2000-2025),football-data;sofascore;openfootball;transfermarkt,4,False,False
2024-25,2024-09-22,Adana Demirspor,Alanyaspor,0,2,football-data.co.uk (ayna: xgabora/Club-Football-Match-Data-2000-2025),football-data;sofascore;openfootball;transfermarkt,4,False,False
2024-25,2024-09-22,Beşiktaş,Eyüpspor,2,1,football-data.co.uk (ayna: xgabora/Club-Football-Match-Data-2000-2025),football-data;sofascore;openfootball;transfermarkt,4,False,False
2024-25,2024-09-22,Kasımpaşa,Antalyaspor,0,0,football-data.co.uk (ayna: xgabora/Club-Football-Match-Data-2000-2025),football-data;sofascore;openfootball;transfermarkt,4,False,False
2024-25,2024-09-22,Çaykur Rizespor,Samsunspor,0,1,football-data.co.uk (ayna: xgabora/Club-Football-Match-Data-2000-2025),football-data;sofascore;openfootball;transfermarkt,4,False,False
2024-25,2024-09-23,Gaziantep FK,Trabzonspor,0,0,football-data.co.uk (ayna: xgabora/Club-Football-Match-Data-2000-2025),football-data;sofascore;openfootball;transfermarkt,4,False,False
2024-25,2024-09-23,Göztepe,Kayserispor,3,0,football-data.co.uk (ayna: xgabora/Club-Football-Match-Data-2000-2025),football-data;sofascore;openfootball;transfermarkt,4,False,False
2024-25,2024-09-27,Sivasspor,İstanbul Başakşehir,1,2,football-data.co.uk (ayna: xgabora/Club-Football-Match-Data-2000-2025),football-data;sofascore;openfootball;transfermarkt,4,False,False
2024-25,2024-09-28,Alanyaspor,Çaykur Rizespor,1,0,football-data.co.uk (ayna: xgabora/Club-Football-Match-Data-2000-2025),football-data;sofascore;openfootball;transfermarkt,4,False,False
2024-25,2024-09-28,Galatasaray,Kasımpaşa,3,3,football-data.co.uk (ayna: xgabora/Club-Football-Match-Data-2000-2025),football-data;sofascore;openfootball;transfermarkt,4,False,False
2024-25,2024-09-28,Samsunspor,Göztepe,4,3,football-data.co.uk (ayna: xgabora/Club-Football-Match-Data-2000-2025),football-data;sofascore;openfootball;transfermarkt,4,False,False
2024-25,2024-09-29,Antalyaspor,Fenerbahçe,0,2,football-data.co.uk (ayna: xgabora/Club-Football-Match-Data-2000-2025),football-data;sofascore;openfootball;transfermarkt,4,False,False
2024-25,2024-09-29,Bodrum FK,Adana Demirspor,3,1,football-data.co.uk (ayna: xgabora/Club-Football-Match-Data-2000-2025),football-data;sofascore;openfootball;transfermarkt,4,False,False
2024-25,2024-09-29,Eyüpspor,Gaziantep FK,3,2,football-data.co.uk (ayna: xgabora/Club-Football-Match-Data-2000-2025),football-data;sofascore;openfootball;transfermarkt,4,False,False
2024-25,2024-09-29,Trabzonspor,Konyaspor,3,2,football-data.co.uk (ayna: xgabora/Club-Football-Match-Data-2000-2025),football-data;sofascore;openfootball;transfermarkt,4,False,False
2024-25,2024-09-30,Kayserispor,Beşiktaş,0,3,football-data.co.uk (ayna: xgabora/Club-Football-Match-Data-2000-2025),football-data;sofascore;openfootball;transfermarkt,4,False,False
2024-25,2024-10-04,Çaykur Rizespor,Antalyaspor,2,1,football-data.co.uk (ayna: xgabora/Club-Football-Match-Data-2000-2025),football-data;sofascore;openfootball;transfermarkt,4,False,False
2024-25,2024-10-05,Göztepe,Sivasspor,3,2,football-data.co.uk (ayna: xgabora/Club-Football-Match-Data-2000-2025),football-data;sofascore;openfootball;transfermarkt,4,False,False
2024-25,2024-10-05,Hatayspor,Trabzonspor,1,1,football-data.co.uk (ayna: xgabora/Club-Football-Match-Data-2000-2025),football-data;sofascore;openfootball;transfermarkt,4,False,False
2024-25,2024-10-05,Kasımpaşa,Bodrum FK,0,0,football-data.co.uk (ayna: xgabora/Club-Football-Match-Data-2000-2025),football-data;sofascore;openfootball;transfermarkt,4,False,False
2024-25,2024-10-05,İstanbul Başakşehir,Kayserispor,1,1,football-data.co.uk (ayna: xgabora/Club-Football-Match-Data-2000-2025),football-data;sofascore;openfootball;transfermarkt,4,False,False
2024-25,2024-10-06,Adana Demirspor,Samsunspor,1,3,football-data.co.uk (ayna: xgabora/Club-Football-Match-Data-2000-2025),football-data;sofascore;openfootball;transfermarkt,4,False,False
2024-25,2024-10-06,Galatasaray,Alanyaspor,1,0,football-data.co.uk (ayna: xgabora/Club-Football-Match-Data-2000-2025),football-data;sofascore;openfootball;transfermarkt,4,False,False
2024-25,2024-10-06,Gaziantep FK,Beşiktaş,1,1,football-data.co.uk (ayna: xgabora/Club-Football-Match-Data-2000-2025),football-data;sofascore;openfootball;transfermarkt,4,False,False
2024-25,2024-10-06,Konyaspor,Eyüpspor,2,1,football-data.co.uk (ayna: xgabora/Club-Football-Match-Data-2000-2025),football-data;sofascore;openfootball;transfermarkt,4,False,False
2024-25,2024-10-19,Antalyaspor,Galatasaray,0,3,football-data.co.uk (ayna: xgabora/Club-Football-Match-Data-2000-2025),football-data;sofascore;openfootball;transfermarkt,4,False,False
2024-25,2024-10-19,Eyüpspor,Göztepe,1,0,football-data.co.uk (ayna: xgabora/Club-Football-Match-Data-2000-2025),football-data;sofascore;openfootball;transfermarkt,4,False,False
2024-25,2024-10-19,Kayserispor,Gaziantep FK,2,2,football-data.co.uk (ayna: xgabora/Club-Football-Match-Data-2000-2025),football-data;sofascore;openfootball;transfermarkt,4,False,False
2024-25,2024-10-19,Trabzonspor,İstanbul Başakşehir,1,0,football-data.co.uk (ayna: xgabora/Club-Football-Match-Data-2000-2025),football-data;sofascore;openfootball;transfermarkt,4,False,False
2024-25,2024-10-20,Alanyaspor,Kasımpaşa,1,2,football-data.co.uk (ayna: xgabora/Club-Football-Match-Data-2000-2025),football-data;sofascore;openfootball;transfermarkt,4,False,False
2024-25,2024-10-20,Beşiktaş,Konyaspor,2,0,football-data.co.uk (ayna: xgabora/Club-Football-Match-Data-2000-2025),football-data;sofascore;openfootball;transfermarkt,4,False,False
2024-25,2024-10-20,Samsunspor,Fenerbahçe,2,2,football-data.co.uk (ayna: xgabora/Club-Football-Match-Data-2000-2025),football-data;sofascore;openfootball;transfermarkt,4,False,False
2024-25,2024-10-20,Sivasspor,Hatayspor,3,2,football-data.co.uk (ayna: xgabora/Club-Football-Match-Data-2000-2025),football-data;sofascore;openfootball;transfermarkt,4,False,False
2024-25,2024-10-21,Bodrum FK,Çaykur Rizespor,0,1,football-data.co.uk (ayna: xgabora/Club-Football-Match-Data-2000-2025),football-data;sofascore;openfootball;transfermarkt,4,False,False
2024-25,2024-10-25,Adana Demirspor,Sivasspor,2,4,sofascore (ayna: c0ze/super-lig),sofascore;openfootball;transfermarkt,3,False,False
2024-25,2024-10-26,Göztepe,Trabzonspor,2,1,sofascore (ayna: c0ze/super-lig),sofascore;openfootball;transfermarkt,3,False,False
2024-25,2024-10-26,Hatayspor,Kayserispor,0,1,sofascore (ayna: c0ze/super-lig),sofascore;openfootball;transfermarkt,3,False,False
2024-25,2024-10-26,Kasımpaşa,Samsunspor,1,4,sofascore (ayna: c0ze/super-lig),sofascore;openfootball;transfermarkt,3,False,False
2024-25,2024-10-27,Alanyaspor,Antalyaspor,1,2,sofascore (ayna: c0ze/super-lig),sofascore;openfootball;transfermarkt,3,False,False
2024-25,2024-10-27,Fenerbahçe,Bodrum FK,2,0,sofascore (ayna: c0ze/super-lig),sofascore;openfootball;transfermarkt,3,False,False
2024-25,2024-10-27,Gaziantep FK,Konyaspor,3,1,sofascore (ayna: c0ze/super-lig),sofascore;openfootball;transfermarkt,3,False,False
2024-25,2024-10-28,Galatasaray,Beşiktaş,2,1,sofascore (ayna: c0ze/super-lig),sofascore;openfootball;transfermarkt,3,False,False
2024-25,2024-10-28,İstanbul Başakşehir,Eyüpspor,1,1,sofascore (ayna: c0ze/super-lig),sofascore;openfootball;transfermarkt,3,False,False
2024-25,2024-11-01,Gaziantep FK,Göztepe,2,1,sofascore (ayna: c0ze/super-lig),sofascore;openfootball;transfermarkt,3,False,False
2024-25,2024-11-02,Beşiktaş,Kasımpaşa,1,3,sofascore (ayna: c0ze/super-lig),sofascore;openfootball;transfermarkt,3,False,False
2024-25,2024-11-02,Kayserispor,Adana Demirspor,0,0,sofascore (ayna: c0ze/super-lig),sofascore;openfootball;transfermarkt,3,False,False
2024-25,2024-11-02,Sivasspor,Çaykur Rizespor,2,1,sofascore (ayna: c0ze/super-lig),sofascore;openfootball;transfermarkt,3,False,False
2024-25,2024-11-03,Bodrum FK,Alanyaspor,0,0,sofascore (ayna: c0ze/super-lig),sofascore;openfootball;transfermarkt,3,False,False
2024-25,2024-11-03,Eyüpspor,Hatayspor,2,0,sofascore (ayna: c0ze/super-lig),sofascore;openfootball;transfermarkt,3,False,False
2024-25,2024-11-03,Konyaspor,İstanbul Başakşehir,3,2,sofascore (ayna: c0ze/super-lig),sofascore;openfootball;transfermarkt,3,False,False
2024-25,2024-11-03,Trabzonspor,Fenerbahçe,2,3,sofascore (ayna: c0ze/super-lig),sofascore;openfootball;transfermarkt,3,False,False
2024-25,2024-11-04,Samsunspor,Antalyaspor,2,0,sofascore (ayna: c0ze/super-lig),sofascore;openfootball;transfermarkt,3,False,False
2024-25,2024-11-08,Kasımpaşa,Kayserispor,1,2,sofascore (ayna: c0ze/super-lig),sofascore;openfootball;transfermarkt,3,False,False
2024-25,2024-11-09,Adana Demirspor,Eyüpspor,0,1,sofascore (ayna: c0ze/super-lig),sofascore;openfootball;transfermarkt,3,False,False
2024-25,2024-11-09,Antalyaspor,Bodrum FK,3,2,sofascore (ayna: c0ze/super-lig),sofascore;openfootball;transfermarkt,3,False,False
2024-25,2024-11-09,Hatayspor,Gaziantep FK,3,1,sofascore (ayna: c0ze/super-lig),sofascore;openfootball;transfermarkt,3,False,False
2024-25,2024-11-09,Çaykur Rizespor,Trabzonspor,3,1,sofascore (ayna: c0ze/super-lig),sofascore;openfootball;transfermarkt,3,False,False
2024-25,2024-11-10,Fenerbahçe,Sivasspor,4,0,sofascore (ayna: c0ze/super-lig),sofascore;openfootball;transfermarkt,3,False,False
2024-25,2024-11-10,Galatasaray,Samsunspor,3,2,sofascore (ayna: c0ze/super-lig),sofascore;openfootball;transfermarkt,3,False,False
2024-25,2024-11-10,Göztepe,Konyaspor,2,0,sofascore (ayna: c0ze/super-lig),sofascore;openfootball;transfermarkt,3,False,False
2024-25,2024-11-10,İstanbul Başakşehir,Beşiktaş,0,0,sofascore (ayna: c0ze/super-lig),sofascore;openfootball;transfermarkt,3,False,False
2024-25,2024-11-23,Bodrum FK,Galatasaray,0,1,football-data.co.uk (ayna: xgabora/Club-Football-Match-Data-2000-2025),football-data;sofascore;openfootball;transfermarkt,4,False,False
2024-25,2024-11-23,Eyüpspor,Çaykur Rizespor,1,2,football-data.co.uk (ayna: xgabora/Club-Football-Match-Data-2000-2025),football-data;sofascore;openfootball;transfermarkt,4,False,False
2024-25,2024-11-23,Gaziantep FK,İstanbul Başakşehir,3,0,football-data.co.uk (ayna: xgabora/Club-Football-Match-Data-2000-2025),football-data;sofascore;openfootball;transfermarkt,4,False,False
2024-25,2024-11-23,Kayserispor,Fenerbahçe,2,6,football-data.co.uk (ayna: xgabora/Club-Football-Match-Data-2000-2025),football-data;sofascore;openfootball;transfermarkt,4,False,False
2024-25,2024-11-24,Beşiktaş,Göztepe,2,4,football-data.co.uk (ayna: xgabora/Club-Football-Match-Data-2000-2025),football-data;sofascore;openfootball;transfermarkt,4,False,False
2024-25,2024-11-24,Konyaspor,Hatayspor,1,1,football-data.co.uk (ayna: xgabora/Club-Football-Match-Data-2000-2025),football-data;sofascore;openfootball;transfermarkt,4,False,False
2024-25,2024-11-24,Samsunspor,Alanyaspor,1,1,football-data.co.uk (ayna: xgabora/Club-Football-Match-Data-2000-2025),football-data;sofascore;openfootball;transfermarkt,4,False,False
2024-25,2024-11-24,Sivasspor,Kasımpaşa,0,0,football-data.co.uk (ayna: xgabora/Club-Football-Match-Data-2000-2025),football-data;sofascore;openfootball;transfermarkt,4,False,False
2024-25,2024-11-25,Trabzonspor,Adana Demirspor,5,0,football-data.co.uk (ayna: xgabora/Club-Football-Match-Data-2000-2025),football-data;sofascore;openfootball;transfermarkt,4,False,False
2024-25,2024-11-29,Antalyaspor,Sivasspor,2,1,football-data.co.uk (ayna: xgabora/Club-Football-Match-Data-2000-2025),football-data;sofascore;openfootball;transfermarkt,4,False,False
2024-25,2024-11-30,Adana Demirspor,Konyaspor,0,1,football-data.co.uk (ayna: xgabora/Club-Football-Match-Data-2000-2025),football-data;sofascore;openfootball;transfermarkt,4,False,False
2024-25,2024-11-30,Alanyaspor,Trabzonspor,2,1,football-data.co.uk (ayna: xgabora/Club-Football-Match-Data-2000-2025),football-data;sofascore;openfootball;transfermarkt,4,False,False
2024-25,2024-11-30,Samsunspor,Bodrum FK,4,0,football-data.co.uk (ayna: xgabora/Club-Football-Match-Data-2000-2025),football-data;sofascore;openfootball;transfermarkt,4,False,False
2024-25,2024-11-30,İstanbul Başakşehir,Göztepe,4,1,football-data.co.uk (ayna: xgabora/Club-Football-Match-Data-2000-2025),football-data;sofascore;openfootball;transfermarkt,4,False,False
2024-25,2024-12-01,Galatasaray,Eyüpspor,2,2,football-data.co.uk (ayna: xgabora/Club-Football-Match-Data-2000-2025),football-data;sofascore;openfootball;transfermarkt,4,False,False
2024-25,2024-12-01,Çaykur Rizespor,Kayserispor,3,0,football-data.co.uk (ayna: xgabora/Club-Football-Match-Data-2000-2025),football-data;sofascore;openfootball;transfermarkt,4,False,False
2024-25,2024-12-02,Fenerbahçe,Gaziantep FK,3,1,football-data.co.uk (ayna: xgabora/Club-Football-Match-Data-2000-2025),football-data;sofascore;openfootball;transfermarkt,4,False,False
2024-25,2024-12-02,Hatayspor,Beşiktaş,1,1,football-data.co.uk (ayna: xgabora/Club-Football-Match-Data-2000-2025),football-data;sofascore;openfootball;transfermarkt,4,False,False
2024-25,2024-12-06,Trabzonspor,Kasımpaşa,2,2,football-data.co.uk (ayna: xgabora/Club-Football-Match-Data-2000-2025),football-data;sofascore;openfootball;transfermarkt,4,False,False
2024-25,2024-12-07,Beşiktaş,Fenerbahçe,1,0,football-data.co.uk (ayna: xgabora/Club-Football-Match-Data-2000-2025),football-data;sofascore;openfootball;transfermarkt,4,False,False
2024-25,2024-12-07,Göztepe,Adana Demirspor,3,1,football-data.co.uk (ayna: xgabora/Club-Football-Match-Data-2000-2025),football-data;sofascore;openfootball;transfermarkt,4,False,False
2024-25,2024-12-07,Konyaspor,Antalyaspor,1,1,football-data.co.uk (ayna: xgabora/Club-Football-Match-Data-2000-2025),football-data;sofascore;openfootball;transfermarkt,4,False,False
2024-25,2024-12-08,Eyüpspor,Samsunspor,3,0,football-data.co.uk (ayna: xgabora/Club-Football-Match-Data-2000-2025),football-data;sofascore;openfootball;transfermarkt,4,False,False
2024-25,2024-12-08,Kayserispor,Alanyaspor,2,0,football-data.co.uk (ayna: xgabora/Club-Football-Match-Data-2000-2025),football-data;sofascore;openfootball;transfermarkt,4,False,False
2024-25,2024-12-08,Sivasspor,Galatasaray,2,3,football-data.co.uk (ayna: xgabora/Club-Football-Match-Data-2000-2025),football-data;sofascore;openfootball;transfermarkt,4,False,False
2024-25,2024-12-08,İstanbul Başakşehir,Hatayspor,3,0,football-data.co.uk (ayna: xgabora/Club-Football-Match-Data-2000-2025),football-data;sofascore;openfootball;transfermarkt,4,False,False
2024-25,2024-12-09,Gaziantep FK,Çaykur Rizespor,1,0,football-data.co.uk (ayna: xgabora/Club-Football-Match-Data-2000-2025),football-data;sofascore;openfootball;transfermarkt,4,False,False
2024-25,2024-12-13,Bodrum FK,Sivasspor,2,0,football-data.co.uk (ayna: xgabora/Club-Football-Match-Data-2000-2025),football-data;sofascore;openfootball;transfermarkt,4,False,False
2024-25,2024-12-13,Kasımpaşa,Eyüpspor,2,0,football-data.co.uk (ayna: xgabora/Club-Football-Match-Data-2000-2025),football-data;sofascore;openfootball;transfermarkt,4,False,False
2024-25,2024-12-14,Alanyaspor,Gaziantep FK,3,0,football-data.co.uk (ayna: xgabora/Club-Football-Match-Data-2000-2025),football-data;sofascore;openfootball;transfermarkt,4,False,False
2024-25,2024-12-14,Çaykur Rizespor,Konyaspor,1,1,football-data.co.uk (ayna: xgabora/Club-Football-Match-Data-2000-2025),football-data;sofascore;openfootball;transfermarkt,4,False,False
2024-25,2024-12-15,Antalyaspor,Kayserispor,2,0,football-data.co.uk (ayna: xgabora/Club-Football-Match-Data-2000-2025),football-data;sofascore;openfootball;transfermarkt,4,False,False
2024-25,2024-12-15,Fenerbahçe,İstanbul Başakşehir,3,1,football-data.co.uk (ayna: xgabora/Club-Football-Match-Data-2000-2025),football-data;sofascore;openfootball;transfermarkt,4,False,False
2024-25,2024-12-15,Hatayspor,Göztepe,1,1,football-data.co.uk (ayna: xgabora/Club-Football-Match-Data-2000-2025),football-data;sofascore;openfootball;transfermarkt,4,False,False
2024-25,2024-12-16,Adana Demirspor,Beşiktaş,2,1,football-data.co.uk (ayna: xgabora/Club-Football-Match-Data-2000-2025),football-data;sofascore;openfootball;transfermarkt,4,False,False
2024-25,2024-12-16,Galatasaray,Trabzonspor,4,3,football-data.co.uk (ayna: xgabora/Club-Football-Match-Data-2000-2025),football-data;sofascore;openfootball;transfermarkt,4,False,False
2024-25,2024-12-20,Eyüpspor,Fenerbahçe,1,1,football-data.co.uk (ayna: xgabora/Club-Football-Match-Data-2000-2025),football-data;sofascore;openfootball;transfermarkt,4,False,False
2024-25,2024-12-21,Beşiktaş,Alanyaspor,1,1,football-data.co.uk (ayna: xgabora/Club-Football-Match-Data-2000-2025),football-data;sofascore;openfootball;transfermarkt,4,False,False
2024-25,2024-12-21,Sivasspor,Samsunspor,0,0,football-data.co.uk (ayna: xgabora/Club-Football-Match-Data-2000-2025),football-data;sofascore;openfootball;transfermarkt,4,False,False
2024-25,2024-12-22,Gaziantep FK,Antalyaspor,2,0,football-data.co.uk (ayna: xgabora/Club-Football-Match-Data-2000-2025),football-data;sofascore;openfootball;transfermarkt,4,False,False
2024-25,2024-12-22,Göztepe,Çaykur Rizespor,3,0,football-data.co.uk (ayna: xgabora/Club-Football-Match-Data-2000-2025),football-data;sofascore;openfootball;transfermarkt,4,False,False
2024-25,2024-12-22,Kayserispor,Galatasaray,1,5,football-data.co.uk (ayna: xgabora/Club-Football-Match-Data-2000-2025),football-data;sofascore;openfootball;transfermarkt,4,False,False
2024-25,2024-12-22,Trabzonspor,Bodrum FK,1,0,football-data.co.uk (ayna: xgabora/Club-Football-Match-Data-2000-2025),football-data;sofascore;openfootball;transfermarkt,4,False,False
2024-25,2024-12-23,Hatayspor,Adana Demirspor,1,3,football-data.co.uk (ayna: xgabora/Club-Football-Match-Data-2000-2025),football-data;sofascore;openfootball;transfermarkt,4,False,False
2024-25,2024-12-23,İstanbul Başakşehir,Kasımpaşa,2,2,football-data.co.uk (ayna: xgabora/Club-Football-Match-Data-2000-2025),football-data;sofascore;openfootball;transfermarkt,4,False,False
2024-25,2025-01-03,Alanyaspor,Konyaspor,2,1,football-data.co.uk (ayna: xgabora/Club-Football-Match-Data-2000-2025),football-data;sofascore;openfootball;transfermarkt,4,False,False
2024-25,2025-01-03,Çaykur Rizespor,Beşiktaş,1,1,football-data.co.uk (ayna: xgabora/Club-Football-Match-Data-2000-2025),football-data;sofascore;openfootball;transfermarkt,4,False,False
2024-25,2025-01-04,Adana Demirspor,İstanbul Başakşehir,0,1,football-data.co.uk (ayna: xgabora/Club-Football-Match-Data-2000-2025),football-data;sofascore;openfootball;transfermarkt,4,False,False
2024-25,2025-01-04,Antalyaspor,Eyüpspor,1,4,football-data.co.uk (ayna: xgabora/Club-Football-Match-Data-2000-2025),football-data;sofascore;openfootball;transfermarkt,4,False,False
2024-25,2025-01-04,Galatasaray,Göztepe,2,1,football-data.co.uk (ayna: xgabora/Club-Football-Match-Data-2000-2025),football-data;sofascore;openfootball;transfermarkt,4,False,False
2024-25,2025-01-04,Samsunspor,Trabzonspor,2,1,football-data.co.uk (ayna: xgabora/Club-Football-Match-Data-2000-2025),football-data;sofascore;openfootball;transfermarkt,4,False,False
2024-25,2025-01-05,Bodrum FK,Kayserispor,1,1,football-data.co.uk (ayna: xgabora/Club-Football-Match-Data-2000-2025),football-data;sofascore;openfootball;transfermarkt,4,False,False
2024-25,2025-01-05,Fenerbahçe,Hatayspor,2,1,football-data.co.uk (ayna: xgabora/Club-Football-Match-Data-2000-2025),football-data;sofascore;openfootball;transfermarkt,4,False,False
2024-25,2025-01-05,Kasımpaşa,Gaziantep FK,2,2,football-data.co.uk (ayna: xgabora/Club-Football-Match-Data-2000-2025),football-data;sofascore;openfootball;transfermarkt,4,False,False
2024-25,2025-01-11,Beşiktaş,Bodrum FK,2,1,football-data.co.uk (ayna: xgabora/Club-Football-Match-Data-2000-2025),football-data;sofascore;openfootball;transfermarkt,4,False,False
2024-25,2025-01-11,Hatayspor,Çaykur Rizespor,1,2,football-data.co.uk (ayna: xgabora/Club-Football-Match-Data-2000-2025),football-data;sofascore;openfootball;transfermarkt,4,False,False
2024-25,2025-01-11,Kayserispor,Samsunspor,0,1,football-data.co.uk (ayna: xgabora/Club-Football-Match-Data-2000-2025),football-data;sofascore;openfootball;transfermarkt,4,False,False
2024-25,2025-01-12,Gaziantep FK,Adana Demirspor,1,0,football-data.co.uk (ayna: xgabora/Club-Football-Match-Data-2000-2025),football-data;sofascore;openfootball;transfermarkt,4,False,False
2024-25,2025-01-12,Sivasspor,Alanyaspor,1,1,football-data.co.uk (ayna: xgabora/Club-Football-Match-Data-2000-2025),football-data;sofascore;openfootball;transfermarkt,4,False,False
2024-25,2025-01-12,Trabzonspor,Antalyaspor,5,0,football-data.co.uk (ayna: xgabora/Club-Football-Match-Data-2000-2025),football-data;sofascore;openfootball;transfermarkt,4,False,False
2024-25,2025-01-12,İstanbul Başakşehir,Galatasaray,1,2,football-data.co.uk (ayna: xgabora/Club-Football-Match-Data-2000-2025),football-data;sofascore;openfootball;transfermarkt,4,False,False
2024-25,2025-01-13,Göztepe,Kasımpaşa,5,0,football-data.co.uk (ayna: xgabora/Club-Football-Match-Data-2000-2025),football-data;sofascore;openfootball;transfermarkt,4,False,False
2024-25,2025-01-13,Konyaspor,Fenerbahçe,2,3,football-data.co.uk (ayna: xgabora/Club-Football-Match-Data-2000-2025),football-data;sofascore;openfootball;transfermarkt,4,False,False
2024-25,2025-01-17,Hatayspor,Galatasaray,1,1,football-data.co.uk (ayna: xgabora/Club-Football-Match-Data-2000-2025),football-data;sofascore;openfootball;transfermarkt,4,False,False
2024-25,2025-01-18,Beşiktaş,Samsunspor,0,0,football-data.co.uk (ayna: xgabora/Club-Football-Match-Data-2000-2025),football-data;sofascore;openfootball;transfermarkt,4,False,False
2024-25,2025-01-18,Gaziantep FK,Bodrum FK,0,0,football-data.co.uk (ayna: xgabora/Club-Football-Match-Data-2000-2025),football-data;sofascore;openfootball;transfermarkt,4,False,False
2024-25,2025-01-18,İstanbul Başakşehir,Çaykur Rizespor,2,0,football-data.co.uk (ayna: xgabora/Club-Football-Match-Data-2000-2025),football-data;sofascore;openfootball;transfermarkt,4,False,False
2024-25,2025-01-19,Adana Demirspor,Fenerbahçe,0,4,football-data.co.uk (ayna: xgabora/Club-Football-Match-Data-2000-2025),football-data;sofascore;openfootball;transfermarkt,4,False,False
2024-25,2025-01-19,Eyüpspor,Alanyaspor,3,0,football-data.co.uk (ayna: xgabora/Club-Football-Match-Data-2000-2025),football-data;sofascore;openfootball;transfermarkt,4,False,False
2024-25,2025-01-19,Göztepe,Antalyaspor,1,0,football-data.co.uk (ayna: xgabora/Club-Football-Match-Data-2000-2025),football-data;sofascore;openfootball;transfermarkt,4,False,False
2024-25,2025-01-19,Konyaspor,Kasımpaşa,3,3,football-data.co.uk (ayna: xgabora/Club-Football-Match-Data-2000-2025),football-data;sofascore;openfootball;transfermarkt,4,False,False
2024-25,2025-01-20,Trabzonspor,Sivasspor,4,0,football-data.co.uk (ayna: xgabora/Club-Football-Match-Data-2000-2025),football-data;sofascore;openfootball;transfermarkt,4,False,False
2024-25,2025-01-24,Samsunspor,Gaziantep FK,2,1,football-data.co.uk (ayna: xgabora/Club-Football-Match-Data-2000-2025),football-data;sofascore;openfootball;transfermarkt,4,False,False
2024-25,2025-01-25,Alanyaspor,İstanbul Başakşehir,5,4,football-data.co.uk (ayna: xgabora/Club-Football-Match-Data-2000-2025),football-data;sofascore;openfootball;transfermarkt,4,False,False
2024-25,2025-01-25,Galatasaray,Konyaspor,1,0,football-data.co.uk (ayna: xgabora/Club-Football-Match-Data-2000-2025),football-data;sofascore;openfootball;transfermarkt,4,False,False
2024-25,2025-01-25,Sivasspor,Kayserispor,5,2,football-data.co.uk (ayna: xgabora/Club-Football-Match-Data-2000-2025),football-data;sofascore;openfootball;transfermarkt,4,False,False
2024-25,2025-01-26,Antalyaspor,Beşiktaş,1,1,football-data.co.uk (ayna: xgabora/Club-Football-Match-Data-2000-2025),football-data;sofascore;openfootball;transfermarkt,4,False,False
2024-25,2025-01-26,Bodrum FK,Eyüpspor,0,1,football-data.co.uk (ayna: xgabora/Club-Football-Match-Data-2000-2025),football-data;sofascore;openfootball;transfermarkt,4,False,False
2024-25,2025-01-26,Fenerbahçe,Göztepe,3,2,football-data.co.uk (ayna: xgabora/Club-Football-Match-Data-2000-2025),football-data;sofascore;openfootball;transfermarkt,4,False,False
2024-25,2025-01-26,Çaykur Rizespor,Adana Demirspor,3,2,football-data.co.uk (ayna: xgabora/Club-Football-Match-Data-2000-2025),football-data;sofascore;openfootball;transfermarkt,4,False,False
2024-25,2025-01-27,Kasımpaşa,Hatayspor,5,4,football-data.co.uk (ayna: xgabora/Club-Football-Match-Data-2000-2025),football-data;sofascore;openfootball;transfermarkt,4,False,False
2024-25,2025-01-31,Eyüpspor,Sivasspor,1,0,football-data.co.uk (ayna: xgabora/Club-Football-Match-Data-2000-2025),football-data;sofascore;openfootball;transfermarkt,4,False,False
2024-25,2025-01-31,Konyaspor,Bodrum FK,3,1,football-data.co.uk (ayna: xgabora/Club-Football-Match-Data-2000-2025),football-data;sofascore;openfootball;transfermarkt,4,False,False
2024-25,2025-02-01,Hatayspor,Antalyaspor,2,3,football-data.co.uk (ayna: xgabora/Club-Football-Match-Data-2000-2025),football-data;sofascore;openfootball;transfermarkt,4,False,False
2024-25,2025-02-01,Kayserispor,Trabzonspor,0,0,football-data.co.uk (ayna: xgabora/Club-Football-Match-Data-2000-2025),football-data;sofascore;openfootball;transfermarkt,4,False,False
2024-25,2025-02-01,İstanbul Başakşehir,Samsunspor,4,0,football-data.co.uk (ayna: xgabora/Club-Football-Match-Data-2000-2025),football-data;sofascore;openfootball;transfermarkt,4,False,False
2024-25,2025-02-02,Adana Demirspor,Kasımpaşa,3,5,football-data.co.uk (ayna: xgabora/Club-Football-Match-Data-2000-2025),football-data;sofascore;openfootball;transfermarkt,4,False,False
2024-25,2025-02-02,Fenerbahçe,Çaykur Rizespor,3,2,football-data.co.uk (ayna: xgabora/Club-Football-Match-Data-2000-2025),football-data;sofascore;openfootball;transfermarkt,4,False,False
2024-25,2025-02-02,Göztepe,Alanyaspor,0,1,football-data.co.uk (ayna: xgabora/Club-Football-Match-Data-2000-2025),football-data;sofascore;openfootball;transfermarkt,4,False,False
2024-25,2025-02-03,Gaziantep FK,Galatasaray,0,1,football-data.co.uk (ayna: xgabora/Club-Football-Match-Data-2000-2025),football-data;sofascore;openfootball;transfermarkt,4,False,False
2024-25,2025-02-07,Samsunspor,Hatayspor,2,0,football-data.co.uk (ayna: xgabora/Club-Football-Match-Data-2000-2025),football-data;sofascore;openfootball;transfermarkt,4,False,False
2024-25,2025-02-08,Kayserispor,Konyaspor,3,2,football-data.co.uk (ayna: xgabora/Club-Football-Match-Data-2000-2025),football-data;sofascore;openfootball;transfermarkt,4,False,False
2024-25,2025-02-08,Sivasspor,Beşiktaş,0,2,football-data.co.uk (ayna: xgabora/Club-Football-Match-Data-2000-2025),football-data;sofascore;openfootball;transfermarkt,4,False,False
2024-25,2025-02-09,Alanyaspor,Fenerbahçe,0,2,football-data.co.uk (ayna: xgabora/Club-Football-Match-Data-2000-2025),football-data;sofascore;openfootball;transfermarkt,4,False,False
2024-25,2025-02-09,Antalyaspor,İstanbul Başakşehir,0,0,football-data.co.uk (ayna: xgabora/Club-Football-Match-Data-2000-2025),football-data;sofascore;openfootball;transfermarkt,4,False,False
2024-25,2025-02-09,Galatasaray,Adana Demirspor,3,0,sofascore (ayna: c0ze/super-lig),sofascore;openfootball;transfermarkt,3,False,True
2024-25,2025-02-09,Kasımpaşa,Çaykur Rizespor,3,2,football-data.co.uk (ayna: xgabora/Club-Football-Match-Data-2000-2025),football-data;sofascore;openfootball;transfermarkt,4,False,False
2024-25,2025-02-10,Bodrum FK,Göztepe,0,0,football-data.co.uk (ayna: xgabora/Club-Football-Match-Data-2000-2025),football-data;sofascore;openfootball;transfermarkt,4,False,False
2024-25,2025-02-10,Trabzonspor,Eyüpspor,1,0,football-data.co.uk (ayna: xgabora/Club-Football-Match-Data-2000-2025),football-data;sofascore;openfootball;transfermarkt,4,False,False
2024-25,2025-02-14,Adana Demirspor,Antalyaspor,1,1,football-data.co.uk (ayna: xgabora/Club-Football-Match-Data-2000-2025),football-data;sofascore;openfootball;transfermarkt,4,False,False
2024-25,2025-02-15,Beşiktaş,Trabzonspor,2,1,football-data.co.uk (ayna: xgabora/Club-Football-Match-Data-2000-2025),football-data;sofascore;openfootball;transfermarkt,4,False,False
2024-25,2025-02-15,Gaziantep FK,Sivasspor,2,1,football-data.co.uk (ayna: xgabora/Club-Football-Match-Data-2000-2025),football-data;sofascore;openfootball;transfermarkt,4,False,False
2024-25,2025-02-15,İstanbul Başakşehir,Bodrum FK,0,1,football-data.co.uk (ayna: xgabora/Club-Football-Match-Data-2000-2025),football-data;sofascore;openfootball;transfermarkt,4,False,False
2024-25,2025-02-16,Eyüpspor,Kayserispor,1,1,football-data.co.uk (ayna: xgabora/Club-Football-Match-Data-2000-2025),football-data;sofascore;openfootball;transfermarkt,4,False,False
2024-25,2025-02-16,Fenerbahçe,Kasımpaşa,3,1,football-data.co.uk (ayna: xgabora/Club-Football-Match-Data-2000-2025),football-data;sofascore;openfootball;transfermarkt,4,False,False
2024-25,2025-02-16,Hatayspor,Alanyaspor,1,0,football-data.co.uk (ayna: xgabora/Club-Football-Match-Data-2000-2025),football-data;sofascore;openfootball;transfermarkt,4,False,False
2024-25,2025-02-16,Konyaspor,Samsunspor,0,1,football-data.co.uk (ayna: xgabora/Club-Football-Match-Data-2000-2025),football-data;sofascore;openfootball;transfermarkt,4,False,False
2024-25,2025-02-17,Çaykur Rizespor,Galatasaray,1,2,football-data.co.uk (ayna: xgabora/Club-Football-Match-Data-2000-2025),football-data;sofascore;openfootball;transfermarkt,4,False,False
2024-25,2025-02-21,Bodrum FK,Hatayspor,1,0,football-data.co.uk (ayna: xgabora/Club-Football-Match-Data-2000-2025),football-data;sofascore;openfootball;transfermarkt,4,False,False
2024-25,2025-02-21,Eyüpspor,Beşiktaş,1,3,football-data.co.uk (ayna: xgabora/Club-Football-Match-Data-2000-2025),football-data;sofascore;openfootball;transfermarkt,4,False,False
2024-25,2025-02-22,Antalyaspor,Kasımpaşa,2,1,football-data.co.uk (ayna: xgabora/Club-Football-Match-Data-2000-2025),football-data;sofascore;openfootball;transfermarkt,4,False,False
2024-25,2025-02-22,Samsunspor,Çaykur Rizespor,2,3,football-data.co.uk (ayna: xgabora/Club-Football-Match-Data-2000-2025),football-data;sofascore;openfootball;transfermarkt,4,False,False
2024-25,2025-02-22,Sivasspor,Konyaspor,1,1,football-data.co.uk (ayna: xgabora/Club-Football-Match-Data-2000-2025),football-data;sofascore;openfootball;transfermarkt,4,False,False
2024-25,2025-02-23,Alanyaspor,Adana Demirspor,3,2,football-data.co.uk (ayna: xgabora/Club-Football-Match-Data-2000-2025),football-data;sofascore;openfootball;transfermarkt,4,False,False
2024-25,2025-02-23,Kayserispor,Göztepe,1,0,football-data.co.uk (ayna: xgabora/Club-Football-Match-Data-2000-2025),football-data;sofascore;openfootball;transfermarkt,4,False,False
2024-25,2025-02-23,Trabzonspor,Gaziantep FK,3,2,football-data.co.uk (ayna: xgabora/Club-Football-Match-Data-2000-2025),football-data;sofascore;openfootball;transfermarkt,4,False,False
2024-25,2025-02-24,Galatasaray,Fenerbahçe,0,0,football-data.co.uk (ayna: xgabora/Club-Football-Match-Data-2000-2025),football-data;sofascore;openfootball;transfermarkt,4,False,False
2024-25,2025-03-01,Adana Demirspor,Bodrum FK,0,0,football-data.co.uk (ayna: xgabora/Club-Football-Match-Data-2000-2025),football-data;sofascore;openfootball;transfermarkt,4,False,False
2024-25,2025-03-01,Beşiktaş,Kayserispor,2,0,football-data.co.uk (ayna: xgabora/Club-Football-Match-Data-2000-2025),football-data;sofascore;openfootball;transfermarkt,4,False,False
2024-25,2025-03-02,Fenerbahçe,Antalyaspor,3,0,football-data.co.uk (ayna: xgabora/Club-Football-Match-Data-2000-2025),football-data;sofascore;openfootball;transfermarkt,4,False,False
2024-25,2025-03-02,Kasımpaşa,Galatasaray,3,3,football-data.co.uk (ayna: xgabora/Club-Football-Match-Data-2000-2025),football-data;sofascore;openfootball;transfermarkt,4,False,False
2024-25,2025-03-02,Çaykur Rizespor,Alanyaspor,3,1,football-data.co.uk (ayna: xgabora/Club-Football-Match-Data-2000-2025),football-data;sofascore;openfootball;transfermarkt,4,False,False
2024-25,2025-03-03,Gaziantep FK,Eyüpspor,3,1,football-data.co.uk (ayna: xgabora/Club-Football-Match-Data-2000-2025),football-data;sofascore;openfootball;transfermarkt,4,False,False
2024-25,2025-03-03,Göztepe,Samsunspor,2,2,football-data.co.uk (ayna: xgabora/Club-Football-Match-Data-2000-2025),football-data;sofascore;openfootball;transfermarkt,4,False,False
2024-25,2025-03-03,Konyaspor,Trabzonspor,1,0,football-data.co.uk (ayna: xgabora/Club-Football-Match-Data-2000-2025),football-data;sofascore;openfootball;transfermarkt,4,False,False
2024-25,2025-03-03,İstanbul Başakşehir,Sivasspor,1,0,football-data.co.uk (ayna: xgabora/Club-Football-Match-Data-2000-2025),football-data;sofascore;openfootball;transfermarkt,4,False,False
2024-25,2025-03-07,Bodrum FK,Kasımpaşa,1,0,football-data.co.uk (ayna: xgabora/Club-Football-Match-Data-2000-2025),football-data;sofascore;openfootball;transfermarkt,4,False,False
2024-25,2025-03-08,Antalyaspor,Çaykur Rizespor,2,1,football-data.co.uk (ayna: xgabora/Club-Football-Match-Data-2000-2025),football-data;sofascore;openfootball;transfermarkt,4,False,False
2024-25,2025-03-08,Kayserispor,İstanbul Başakşehir,3,1,football-data.co.uk (ayna: xgabora/Club-Football-Match-Data-2000-2025),football-data;sofascore;openfootball;transfermarkt,4,False,False
2024-25,2025-03-08,Trabzonspor,Hatayspor,1,2,football-data.co.uk (ayna: xgabora/Club-Football-Match-Data-2000-2025),football-data;sofascore;openfootball;transfermarkt,4,False,False
2024-25,2025-03-09,Alanyaspor,Galatasaray,1,2,football-data.co.uk (ayna: xgabora/Club-Football-Match-Data-2000-2025),football-data;sofascore;openfootball;transfermarkt,4,False,False
2024-25,2025-03-09,Eyüpspor,Konyaspor,2,1,football-data.co.uk (ayna: xgabora/Club-Football-Match-Data-2000-2025),football-data;sofascore;openfootball;transfermarkt,4,False,False
2024-25,2025-03-09,Samsunspor,Adana Demirspor,3,2,football-data.co.uk (ayna: xgabora/Club-Football-Match-Data-2000-2025),football-data;sofascore;openfootball;transfermarkt,4,False,False
2024-25,2025-03-09,Sivasspor,Göztepe,3,1,football-data.co.uk (ayna: xgabora/Club-Football-Match-Data-2000-2025),football-data;sofascore;openfootball;transfermarkt,4,False,False
2024-25,2025-03-10,Beşiktaş,Gaziantep FK,1,2,football-data.co.uk (ayna: xgabora/Club-Football-Match-Data-2000-2025),football-data;sofascore;openfootball;transfermarkt,4,False,False
2024-25,2025-03-14,Galatasaray,Antalyaspor,4,0,football-data.co.uk (ayna: xgabora/Club-Football-Match-Data-2000-2025),football-data;sofascore;openfootball;transfermarkt,4,False,False
2024-25,2025-03-15,Gaziantep FK,Kayserispor,1,0,football-data.co.uk (ayna: xgabora/Club-Football-Match-Data-2000-2025),football-data;sofascore;openfootball;transfermarkt,4,False,False
2024-25,2025-03-15,Kasımpaşa,Alanyaspor,2,1,football-data.co.uk (ayna: xgabora/Club-Football-Match-Data-2000-2025),football-data;sofascore;openfootball;transfermarkt,4,False,False
2024-25,2025-03-15,Konyaspor,Beşiktaş,1,0,football-data.co.uk (ayna: xgabora/Club-Football-Match-Data-2000-2025),football-data;sofascore;openfootball;transfermarkt,4,False,False
2024-25,2025-03-15,İstanbul Başakşehir,Trabzonspor,0,3,football-data.co.uk (ayna: xgabora/Club-Football-Match-Data-2000-2025),football-data;sofascore;openfootball;transfermarkt,4,False,False
2024-25,2025-03-16,Fenerbahçe,Samsunspor,0,0,football-data.co.uk (ayna: xgabora/Club-Football-Match-Data-2000-2025),football-data;sofascore;openfootball;transfermarkt,4,False,False
2024-25,2025-03-16,Göztepe,Eyüpspor,1,1,football-data.co.uk (ayna: xgabora/Club-Football-Match-Data-2000-2025),football-data;sofascore;openfootball;transfermarkt,4,False,False
2024-25,2025-03-16,Hatayspor,Sivasspor,3,2,football-data.co.uk (ayna: xgabora/Club-Football-Match-Data-2000-2025),football-data;sofascore;openfootball;transfermarkt,4,False,False
2024-25,2025-03-16,Çaykur Rizespor,Bodrum FK,0,2,football-data.co.uk (ayna: xgabora/Club-Football-Match-Data-2000-2025),football-data;sofascore;openfootball;transfermarkt,4,False,False
2024-25,2025-03-28,Antalyaspor,Alanyaspor,2,1,football-data.co.uk (ayna: xgabora/Club-Football-Match-Data-2000-2025),football-data;sofascore;openfootball;transfermarkt,4,False,False
2024-25,2025-03-28,Bodrum FK,Fenerbahçe,2,4,football-data.co.uk (ayna: xgabora/Club-Football-Match-Data-2000-2025),football-data;sofascore;openfootball;transfermarkt,4,False,False
2024-25,2025-03-28,Kayserispor,Hatayspor,5,0,football-data.co.uk (ayna: xgabora/Club-Football-Match-Data-2000-2025),football-data;sofascore;openfootball;transfermarkt,4,False,False
2024-25,2025-03-28,Konyaspor,Gaziantep FK,1,0,football-data.co.uk (ayna: xgabora/Club-Football-Match-Data-2000-2025),football-data;sofascore;openfootball;transfermarkt,4,False,False
2024-25,2025-03-29,Beşiktaş,Galatasaray,2,1,football-data.co.uk (ayna: xgabora/Club-Football-Match-Data-2000-2025),football-data;sofascore;openfootball;transfermarkt,4,False,False
2024-25,2025-03-29,Samsunspor,Kasımpaşa,0,2,football-data.co.uk (ayna: xgabora/Club-Football-Match-Data-2000-2025),football-data;sofascore;openfootball;transfermarkt,4,False,False
2024-25,2025-03-29,Sivasspor,Adana Demirspor,5,1,football-data.co.uk (ayna: xgabora/Club-Football-Match-Data-2000-2025),football-data;sofascore;openfootball;transfermarkt,4,False,False
2024-25,2025-03-29,Trabzonspor,Göztepe,1,1,football-data.co.uk (ayna: xgabora/Club-Football-Match-Data-2000-2025),football-data;sofascore;openfootball;transfermarkt,4,False,False
2024-25,2025-03-31,Eyüpspor,İstanbul Başakşehir,1,3,football-data.co.uk (ayna: xgabora/Club-Football-Match-Data-2000-2025),football-data;sofascore;openfootball;transfermarkt,4,False,False
2024-25,2025-04-04,Adana Demirspor,Kayserispor,0,2,football-data.co.uk (ayna: xgabora/Club-Football-Match-Data-2000-2025),football-data;sofascore;openfootball;transfermarkt,4,False,False
2024-25,2025-04-05,Antalyaspor,Samsunspor,2,1,football-data.co.uk (ayna: xgabora/Club-Football-Match-Data-2000-2025),football-data;sofascore;openfootball;transfermarkt,4,False,False
2024-25,2025-04-05,Çaykur Rizespor,Sivasspor,1,1,football-data.co.uk (ayna: xgabora/Club-Football-Match-Data-2000-2025),football-data;sofascore;openfootball;transfermarkt,4,False,False
2024-25,2025-04-05,İstanbul Başakşehir,Konyaspor,1,0,football-data.co.uk (ayna: xgabora/Club-Football-Match-Data-2000-2025),football-data;sofascore;openfootball;transfermarkt,4,False,False
2024-25,2025-04-06,Alanyaspor,Bodrum FK,0,1,football-data.co.uk (ayna: xgabora/Club-Football-Match-Data-2000-2025),football-data;sofascore;openfootball;transfermarkt,4,False,False
2024-25,2025-04-06,Fenerbahçe,Trabzonspor,4,1,football-data.co.uk (ayna: xgabora/Club-Football-Match-Data-2000-2025),football-data;sofascore;openfootball;transfermarkt,4,False,False
2024-25,2025-04-06,Hatayspor,Eyüpspor,0,1,football-data.co.uk (ayna: xgabora/Club-Football-Match-Data-2000-2025),football-data;sofascore;openfootball;transfermarkt,4,False,False
2024-25,2025-04-07,Göztepe,Gaziantep FK,1,1,football-data.co.uk (ayna: xgabora/Club-Football-Match-Data-2000-2025),football-data;sofascore;openfootball;transfermarkt,4,False,False
2024-25,2025-04-07,Kasımpaşa,Beşiktaş,1,1,football-data.co.uk (ayna: xgabora/Club-Football-Match-Data-2000-2025),football-data;sofascore;openfootball;transfermarkt,4,False,False
2024-25,2025-04-11,Samsunspor,Galatasaray,0,2,football-data.co.uk (ayna: xgabora/Club-Football-Match-Data-2000-2025),football-data;sofascore;openfootball;transfermarkt,4,False,False
2024-25,2025-04-12,Beşiktaş,İstanbul Başakşehir,0,2,football-data.co.uk (ayna: xgabora/Club-Football-Match-Data-2000-2025),football-data;sofascore;openfootball;transfermarkt,4,False,False
2024-25,2025-04-12,Bodrum FK,Antalyaspor,0,0,football-data.co.uk (ayna: xgabora/Club-Football-Match-Data-2000-2025),football-data;sofascore;openfootball;transfermarkt,4,False,False
2024-25,2025-04-12,Konyaspor,Göztepe,1,0,football-data.co.uk (ayna: xgabora/Club-Football-Match-Data-2000-2025),football-data;sofascore;openfootball;transfermarkt,4,False,False
2024-25,2025-04-13,Gaziantep FK,Hatayspor,2,1,football-data.co.uk (ayna: xgabora/Club-Football-Match-Data-2000-2025),football-data;sofascore;openfootball;transfermarkt,4,False,False
2024-25,2025-04-13,Kayserispor,Kasımpaşa,1,0,football-data.co.uk (ayna: xgabora/Club-Football-Match-Data-2000-2025),football-data;sofascore;openfootball;transfermarkt,4,False,False
2024-25,2025-04-13,Sivasspor,Fenerbahçe,1,3,football-data.co.uk (ayna: xgabora/Club-Football-Match-Data-2000-2025),football-data;sofascore;openfootball;transfermarkt,4,False,False
2024-25,2025-04-13,Trabzonspor,Çaykur Rizespor,2,0,football-data.co.uk (ayna: xgabora/Club-Football-Match-Data-2000-2025),football-data;sofascore;openfootball;transfermarkt,4,False,False
2024-25,2025-04-14,Eyüpspor,Adana Demirspor,6,0,football-data.co.uk (ayna: xgabora/Club-Football-Match-Data-2000-2025),football-data;sofascore;openfootball;transfermarkt,4,False,False
2024-25,2025-04-18,Galatasaray,Bodrum FK,2,0,football-data.co.uk (ayna: xgabora/Club-Football-Match-Data-2000-2025),football-data;sofascore;openfootball;transfermarkt,4,False,False
2024-25,2025-04-18,Hatayspor,Konyaspor,2,3,football-data.co.uk (ayna: xgabora/Club-Football-Match-Data-2000-2025),football-data;sofascore;openfootball;transfermarkt,4,False,False
2024-25,2025-04-19,Adana Demirspor,Trabzonspor,0,1,football-data.co.uk (ayna: xgabora/Club-Football-Match-Data-2000-2025),football-data;sofascore;openfootball;transfermarkt,4,False,False
2024-25,2025-04-19,Göztepe,Beşiktaş,1,1,football-data.co.uk (ayna: xgabora/Club-Football-Match-Data-2000-2025),football-data;sofascore;openfootball;transfermarkt,4,False,False
2024-25,2025-04-19,Kasımpaşa,Sivasspor,3,1,football-data.co.uk (ayna: xgabora/Club-Football-Match-Data-2000-2025),football-data;sofascore;openfootball;transfermarkt,4,False,False
2024-25,2025-04-20,Fenerbahçe,Kayserispor,3,3,football-data.co.uk (ayna: xgabora/Club-Football-Match-Data-2000-2025),football-data;sofascore;openfootball;transfermarkt,4,False,False
2024-25,2025-04-20,Çaykur Rizespor,Eyüpspor,1,0,football-data.co.uk (ayna: xgabora/Club-Football-Match-Data-2000-2025),football-data;sofascore;openfootball;transfermarkt,4,False,False
2024-25,2025-04-20,İstanbul Başakşehir,Gaziantep FK,2,1,football-data.co.uk (ayna: xgabora/Club-Football-Match-Data-2000-2025),football-data;sofascore;openfootball;transfermarkt,4,False,False
2024-25,2025-04-21,Alanyaspor,Samsunspor,1,0,football-data.co.uk (ayna: xgabora/Club-Football-Match-Data-2000-2025),football-data;sofascore;openfootball;transfermarkt,4,False,False
2024-25,2025-04-25,Beşiktaş,Hatayspor,5,1,football-data.co.uk (ayna: xgabora/Club-Football-Match-Data-2000-2025),football-data;sofascore;openfootball;transfermarkt,4,False,False
2024-25,2025-04-26,Bodrum FK,Samsunspor,1,2,football-data.co.uk (ayna: xgabora/Club-Football-Match-Data-2000-2025),football-data;sofascore;openfootball;transfermarkt,4,False,False
2024-25,2025-04-26,Gaziantep FK,Fenerbahçe,1,3,football-data.co.uk (ayna: xgabora/Club-Football-Match-Data-2000-2025),football-data;sofascore;openfootball;transfermarkt,4,False,False
2024-25,2025-04-26,Sivasspor,Antalyaspor,2,0,football-data.co.uk (ayna: xgabora/Club-Football-Match-Data-2000-2025),football-data;sofascore;openfootball;transfermarkt,4,False,False
2024-25,2025-04-27,Eyüpspor,Galatasaray,1,5,football-data.co.uk (ayna: xgabora/Club-Football-Match-Data-2000-2025),football-data;sofascore;openfootball;transfermarkt,4,False,False
2024-25,2025-04-27,Kayserispor,Çaykur Rizespor,1,0,football-data.co.uk (ayna: xgabora/Club-Football-Match-Data-2000-2025),football-data;sofascore;openfootball;transfermarkt,4,False,False
2024-25,2025-04-27,Konyaspor,Adana Demirspor,3,1,football-data.co.uk (ayna: xgabora/Club-Football-Match-Data-2000-2025),football-data;sofascore;openfootball;transfermarkt,4,False,False
2024-25,2025-04-27,Trabzonspor,Alanyaspor,4,3,football-data.co.uk (ayna: xgabora/Club-Football-Match-Data-2000-2025),football-data;sofascore;openfootball;transfermarkt,4,False,False
2024-25,2025-04-28,Göztepe,İstanbul Başakşehir,4,1,football-data.co.uk (ayna: xgabora/Club-Football-Match-Data-2000-2025),football-data;sofascore;openfootball;transfermarkt,4,False,False
2024-25,2025-05-02,Antalyaspor,Konyaspor,1,0,football-data.co.uk (ayna: xgabora/Club-Football-Match-Data-2000-2025),football-data;sofascore;openfootball;transfermarkt,4,False,False
2024-25,2025-05-03,Alanyaspor,Kayserispor,1,1,football-data.co.uk (ayna: xgabora/Club-Football-Match-Data-2000-2025),football-data;sofascore;openfootball;transfermarkt,4,False,False
2024-25,2025-05-03,Galatasaray,Sivasspor,4,1,football-data.co.uk (ayna: xgabora/Club-Football-Match-Data-2000-2025),football-data;sofascore;openfootball;transfermarkt,4,False,False
2024-25,2025-05-03,Hatayspor,İstanbul Başakşehir,2,4,football-data.co.uk (ayna: xgabora/Club-Football-Match-Data-2000-2025),football-data;sofascore;openfootball;transfermarkt,4,False,False
2024-25,2025-05-03,Çaykur Rizespor,Gaziantep FK,2,0,football-data.co.uk (ayna: xgabora/Club-Football-Match-Data-2000-2025),football-data;sofascore;openfootball;transfermarkt,4,False,False
2024-25,2025-05-04,Adana Demirspor,Göztepe,1,2,football-data.co.uk (ayna: xgabora/Club-Football-Match-Data-2000-2025),football-data;sofascore;openfootball;transfermarkt,4,False,False
2024-25,2025-05-04,Fenerbahçe,Beşiktaş,0,1,football-data.co.uk (ayna: xgabora/Club-Football-Match-Data-2000-2025),football-data;sofascore;openfootball;transfermarkt,4,False,False
2024-25,2025-05-04,Samsunspor,Eyüpspor,3,0,football-data.co.uk (ayna: xgabora/Club-Football-Match-Data-2000-2025),football-data;sofascore;openfootball;transfermarkt,4,False,False
2024-25,2025-05-05,Kasımpaşa,Trabzonspor,1,1,football-data.co.uk (ayna: xgabora/Club-Football-Match-Data-2000-2025),football-data;sofascore;openfootball;transfermarkt,4,False,False
2024-25,2025-05-09,Gaziantep FK,Alanyaspor,0,1,football-data.co.uk (ayna: xgabora/Club-Football-Match-Data-2000-2025),football-data;sofascore;openfootball;transfermarkt,4,False,False
2024-25,2025-05-09,İstanbul Başakşehir,Fenerbahçe,1,4,football-data.co.uk (ayna: xgabora/Club-Football-Match-Data-2000-2025),football-data;sofascore;openfootball;transfermarkt,4,False,False
2024-25,2025-05-10,Eyüpspor,Kasımpaşa,0,3,football-data.co.uk (ayna: xgabora/Club-Football-Match-Data-2000-2025),football-data;sofascore;openfootball;transfermarkt,4,False,False
2024-25,2025-05-10,Konyaspor,Çaykur Rizespor,2,1,football-data.co.uk (ayna: xgabora/Club-Football-Match-Data-2000-2025),football-data;sofascore;openfootball;transfermarkt,4,False,False
2024-25,2025-05-10,Trabzonspor,Galatasaray,0,2,football-data.co.uk (ayna: xgabora/Club-Football-Match-Data-2000-2025),football-data;sofascore;openfootball;transfermarkt,4,False,False
2024-25,2025-05-11,Beşiktaş,Adana Demirspor,4,1,football-data.co.uk (ayna: xgabora/Club-Football-Match-Data-2000-2025),football-data;sofascore;openfootball;transfermarkt,4,False,False
2024-25,2025-05-11,Göztepe,Hatayspor,1,1,football-data.co.uk (ayna: xgabora/Club-Football-Match-Data-2000-2025),football-data;sofascore;openfootball;transfermarkt,4,False,False
2024-25,2025-05-11,Sivasspor,Bodrum FK,0,0,football-data.co.uk (ayna: xgabora/Club-Football-Match-Data-2000-2025),football-data;sofascore;openfootball;transfermarkt,4,False,False
2024-25,2025-05-12,Kayserispor,Antalyaspor,3,1,football-data.co.uk (ayna: xgabora/Club-Football-Match-Data-2000-2025),football-data;sofascore;openfootball;transfermarkt,4,False,False
2024-25,2025-05-17,Adana Demirspor,Hatayspor,0,5,football-data.co.uk (ayna: xgabora/Club-Football-Match-Data-2000-2025),football-data;sofascore;openfootball;transfermarkt,4,False,False
2024-25,2025-05-18,Alanyaspor,Beşiktaş,1,1,football-data.co.uk (ayna: xgabora/Club-Football-Match-Data-2000-2025),football-data;sofascore;openfootball;transfermarkt,4,False,False
2024-25,2025-05-18,Antalyaspor,Gaziantep FK,0,0,football-data.co.uk (ayna: xgabora/Club-Football-Match-Data-2000-2025),football-data;sofascore;openfootball;transfermarkt,4,False,False
2024-25,2025-05-18,Bodrum FK,Trabzonspor,1,1,football-data.co.uk (ayna: xgabora/Club-Football-Match-Data-2000-2025),football-data;sofascore;openfootball;transfermarkt,4,False,False
2024-25,2025-05-18,Fenerbahçe,Eyüpspor,2,1,football-data.co.uk (ayna: xgabora/Club-Football-Match-Data-2000-2025),football-data;sofascore;openfootball;transfermarkt,4,False,False
2024-25,2025-05-18,Galatasaray,Kayserispor,3,0,football-data.co.uk (ayna: xgabora/Club-Football-Match-Data-2000-2025),football-data;sofascore;openfootball;transfermarkt,4,False,False
2024-25,2025-05-18,Kasımpaşa,İstanbul Başakşehir,2,3,football-data.co.uk (ayna: xgabora/Club-Football-Match-Data-2000-2025),football-data;sofascore;openfootball;transfermarkt,4,False,False
2024-25,2025-05-18,Samsunspor,Sivasspor,1,0,football-data.co.uk (ayna: xgabora/Club-Football-Match-Data-2000-2025),football-data;sofascore;openfootball;transfermarkt,4,False,False
2024-25,2025-05-18,Çaykur Rizespor,Göztepe,6,3,football-data.co.uk (ayna: xgabora/Club-Football-Match-Data-2000-2025),football-data;sofascore;openfootball;transfermarkt,4,False,False
2024-25,2025-05-24,Eyüpspor,Antalyaspor,2,1,football-data.co.uk (ayna: xgabora/Club-Football-Match-Data-2000-2025),football-data;sofascore;openfootball;transfermarkt,4,False,False
2024-25,2025-05-24,Gaziantep FK,Kasımpaşa,2,2,football-data.co.uk (ayna: xgabora/Club-Football-Match-Data-2000-2025),football-data;sofascore;openfootball;transfermarkt,4,False,False
2024-25,2025-05-24,Göztepe,Galatasaray,0,2,football-data.co.uk (ayna: xgabora/Club-Football-Match-Data-2000-2025),football-data;sofascore;openfootball;transfermarkt,4,False,False
2024-25,2025-05-25,Beşiktaş,Çaykur Rizespor,1,2,football-data.co.uk (ayna: xgabora/Club-Football-Match-Data-2000-2025),football-data;sofascore;openfootball;transfermarkt,4,False,False
2024-25,2025-05-25,Kayserispor,Bodrum FK,1,1,football-data.co.uk (ayna: xgabora/Club-Football-Match-Data-2000-2025),football-data;sofascore;openfootball;transfermarkt,4,False,False
2024-25,2025-05-25,Konyaspor,Alanyaspor,1,2,football-data.co.uk (ayna: xgabora/Club-Football-Match-Data-2000-2025),football-data;sofascore;openfootball;transfermarkt,4,False,False
2024-25,2025-05-25,Trabzonspor,Samsunspor,2,2,football-data.co.uk (ayna: xgabora/Club-Football-Match-Data-2000-2025),football-data;sofascore;openfootball;transfermarkt,4,False,False
2024-25,2025-05-25,İstanbul Başakşehir,Adana Demirspor,2,3,football-data.co.uk (ayna: xgabora/Club-Football-Match-Data-2000-2025),football-data;sofascore;openfootball;transfermarkt,4,False,False
2024-25,2025-05-26,Hatayspor,Fenerbahçe,4,2,football-data.co.uk (ayna: xgabora/Club-Football-Match-Data-2000-2025),football-data;sofascore;openfootball;transfermarkt,4,False,False
2024-25,2025-05-30,Antalyaspor,Trabzonspor,0,2,football-data.co.uk (ayna: xgabora/Club-Football-Match-Data-2000-2025),football-data;sofascore;openfootball;transfermarkt,4,False,False
2024-25,2025-05-30,Galatasaray,İstanbul Başakşehir,2,0,football-data.co.uk (ayna: xgabora/Club-Football-Match-Data-2000-2025),football-data;sofascore;openfootball;transfermarkt,4,False,False
2024-25,2025-05-30,Kasımpaşa,Göztepe,1,2,football-data.co.uk (ayna: xgabora/Club-Football-Match-Data-2000-2025),football-data;sofascore;openfootball;transfermarkt,4,False,False
2024-25,2025-05-31,Adana Demirspor,Gaziantep FK,2,2,football-data.co.uk (ayna: xgabora/Club-Football-Match-Data-2000-2025),football-data;sofascore;transfermarkt,3,False,False
2024-25,2025-05-31,Alanyaspor,Sivasspor,2,0,football-data.co.uk (ayna: xgabora/Club-Football-Match-Data-2000-2025),football-data;sofascore;transfermarkt,3,False,False
2024-25,2025-05-31,Fenerbahçe,Konyaspor,2,1,football-data.co.uk (ayna: xgabora/Club-Football-Match-Data-2000-2025),football-data;sofascore;openfootball;transfermarkt,4,False,False
2024-25,2025-05-31,Çaykur Rizespor,Hatayspor,5,2,football-data.co.uk (ayna: xgabora/Club-Football-Match-Data-2000-2025),football-data;sofascore;openfootball;transfermarkt,4,False,False
2024-25,2025-06-01,Bodrum FK,Beşiktaş,0,4,football-data.co.uk (ayna: xgabora/Club-Football-Match-Data-2000-2025),football-data;sofascore;transfermarkt,3,False,False
2024-25,2025-06-01,Samsunspor,Kayserispor,2,1,football-data.co.uk (ayna: xgabora/Club-Football-Match-Data-2000-2025),football-data;sofascore;transfermarkt,3,False,False
2025-26,2025-08-08,Gaziantep FK,Galatasaray,0,3,football-data.co.uk (ayna: xgabora/Club-Football-Match-Data-2000-2025),football-data;sofascore;openfootball;transfermarkt,4,False,False
2025-26,2025-08-09,Antalyaspor,Kasımpaşa,2,1,football-data.co.uk (ayna: xgabora/Club-Football-Match-Data-2000-2025),football-data;sofascore;openfootball;transfermarkt,4,False,False
2025-26,2025-08-09,Samsunspor,Gençlerbirliği,2,1,football-data.co.uk (ayna: xgabora/Club-Football-Match-Data-2000-2025),football-data;sofascore;openfootball;transfermarkt,4,False,False
2025-26,2025-08-10,Eyüpspor,Konyaspor,1,4,football-data.co.uk (ayna: xgabora/Club-Football-Match-Data-2000-2025),football-data;sofascore;openfootball;transfermarkt,4,False,False
2025-26,2025-08-10,Çaykur Rizespor,Göztepe,0,3,football-data.co.uk (ayna: xgabora/Club-Football-Match-Data-2000-2025),football-data;sofascore;openfootball;transfermarkt,4,False,False
2025-26,2025-08-11,Trabzonspor,Kocaelispor,1,0,football-data.co.uk (ayna: xgabora/Club-Football-Match-Data-2000-2025),football-data;sofascore;openfootball;transfermarkt,4,False,False
2025-26,2025-08-15,Galatasaray,Fatih Karagümrük,3,0,football-data.co.uk (ayna: xgabora/Club-Football-Match-Data-2000-2025),football-data;sofascore;openfootball;transfermarkt,4,False,False
2025-26,2025-08-16,Alanyaspor,Çaykur Rizespor,0,0,football-data.co.uk (ayna: xgabora/Club-Football-Match-Data-2000-2025),football-data;sofascore;openfootball;transfermarkt,4,False,False
2025-26,2025-08-16,Göztepe,Fenerbahçe,0,0,football-data.co.uk (ayna: xgabora/Club-Football-Match-Data-2000-2025),football-data;sofascore;openfootball;transfermarkt,4,False,False
2025-26,2025-08-16,Kocaelispor,Samsunspor,0,1,football-data.co.uk (ayna: xgabora/Club-Football-Match-Data-2000-2025),football-data;sofascore;openfootball;transfermarkt,4,False,False
2025-26,2025-08-17,Beşiktaş,Eyüpspor,2,1,football-data.co.uk (ayna: xgabora/Club-Football-Match-Data-2000-2025),football-data;sofascore;openfootball;transfermarkt,4,False,False
2025-26,2025-08-17,Gençlerbirliği,Antalyaspor,0,1,football-data.co.uk (ayna: xgabora/Club-Football-Match-Data-2000-2025),football-data;sofascore;openfootball;transfermarkt,4,False,False
2025-26,2025-08-17,Konyaspor,Gaziantep FK,3,0,football-data.co.uk (ayna: xgabora/Club-Football-Match-Data-2000-2025),football-data;sofascore;openfootball;transfermarkt,4,False,False
2025-26,2025-08-17,İstanbul Başakşehir,Kayserispor,1,1,football-data.co.uk (ayna: xgabora/Club-Football-Match-Data-2000-2025),football-data;sofascore;openfootball;transfermarkt,4,False,False
2025-26,2025-08-18,Kasımpaşa,Trabzonspor,0,1,football-data.co.uk (ayna: xgabora/Club-Football-Match-Data-2000-2025),football-data;sofascore;openfootball;transfermarkt,4,False,False
2025-26,2025-08-22,Fatih Karagümrük,Göztepe,0,2,football-data.co.uk (ayna: xgabora/Club-Football-Match-Data-2000-2025),football-data;sofascore;openfootball;transfermarkt,4,False,False
2025-26,2025-08-23,Fenerbahçe,Kocaelispor,3,1,football-data.co.uk (ayna: xgabora/Club-Football-Match-Data-2000-2025),football-data;sofascore;openfootball;transfermarkt,4,False,False
2025-26,2025-08-23,Gaziantep FK,Gençlerbirliği,2,1,football-data.co.uk (ayna: xgabora/Club-Football-Match-Data-2000-2025),football-data;sofascore;openfootball;transfermarkt,4,False,False
2025-26,2025-08-24,Kayserispor,Galatasaray,0,4,football-data.co.uk (ayna: xgabora/Club-Football-Match-Data-2000-2025),football-data;sofascore;openfootball;transfermarkt,4,False,False
2025-26,2025-08-24,Trabzonspor,Antalyaspor,1,0,football-data.co.uk (ayna: xgabora/Club-Football-Match-Data-2000-2025),football-data;sofascore;openfootball;transfermarkt,4,False,False
2025-26,2025-08-25,Eyüpspor,Alanyaspor,2,1,football-data.co.uk (ayna: xgabora/Club-Football-Match-Data-2000-2025),football-data;sofascore;openfootball;transfermarkt,4,False,False
2025-26,2025-08-29,Göztepe,Konyaspor,1,1,football-data.co.uk (ayna: xgabora/Club-Football-Match-Data-2000-2025),football-data;sofascore;openfootball;transfermarkt,4,False,False
2025-26,2025-08-30,Antalyaspor,Fatih Karagümrük,1,2,football-data.co.uk (ayna: xgabora/Club-Football-Match-Data-2000-2025),football-data;sofascore;openfootball;transfermarkt,4,False,False
2025-26,2025-08-30,Galatasaray,Çaykur Rizespor,3,1,football-data.co.uk (ayna: xgabora/Club-Football-Match-Data-2000-2025),football-data;sofascore;openfootball;transfermarkt,4,False,False
2025-26,2025-08-30,Kasımpaşa,Gaziantep FK,2,3,football-data.co.uk (ayna: xgabora/Club-Football-Match-Data-2000-2025),football-data;sofascore;openfootball;transfermarkt,4,False,False
2025-26,2025-08-30,Kocaelispor,Kayserispor,1,1,football-data.co.uk (ayna: xgabora/Club-Football-Match-Data-2000-2025),football-data;sofascore;openfootball;transfermarkt,4,False,False
2025-26,2025-08-31,Alanyaspor,Beşiktaş,2,0,football-data.co.uk (ayna: xgabora/Club-Football-Match-Data-2000-2025),football-data;sofascore;openfootball;transfermarkt,4,False,False
2025-26,2025-08-31,Gençlerbirliği,Fenerbahçe,1,3,football-data.co.uk (ayna: xgabora/Club-Football-Match-Data-2000-2025),football-data;sofascore;openfootball;transfermarkt,4,False,False
2025-26,2025-08-31,Trabzonspor,Samsunspor,1,1,football-data.co.uk (ayna: xgabora/Club-Football-Match-Data-2000-2025),football-data;sofascore;openfootball;transfermarkt,4,False,False
2025-26,2025-08-31,İstanbul Başakşehir,Eyüpspor,0,0,football-data.co.uk (ayna: xgabora/Club-Football-Match-Data-2000-2025),football-data;sofascore;openfootball;transfermarkt,4,False,False
2025-26,2025-09-13,Beşiktaş,İstanbul Başakşehir,2,1,football-data.co.uk (ayna: xgabora/Club-Football-Match-Data-2000-2025),football-data;sofascore;openfootball;transfermarkt,4,False,False
2025-26,2025-09-13,Eyüpspor,Galatasaray,0,2,football-data.co.uk (ayna: xgabora/Club-Football-Match-Data-2000-2025),football-data;sofascore;openfootball;transfermarkt,4,False,False
2025-26,2025-09-13,Fatih Karagümrük,Kasımpaşa,0,1,football-data.co.uk (ayna: xgabora/Club-Football-Match-Data-2000-2025),football-data;sofascore;openfootball;transfermarkt,4,False,False
2025-26,2025-09-13,Konyaspor,Alanyaspor,1,2,football-data.co.uk (ayna: xgabora/Club-Football-Match-Data-2000-2025),football-data;sofascore;openfootball;transfermarkt,4,False,False
2025-26,2025-09-13,Samsunspor,Antalyaspor,1,2,football-data.co.uk (ayna: xgabora/Club-Football-Match-Data-2000-2025),football-data;sofascore;openfootball;transfermarkt,4,False,False
2025-26,2025-09-14,Fenerbahçe,Trabzonspor,1,0,football-data.co.uk (ayna: xgabora/Club-Football-Match-Data-2000-2025),football-data;sofascore;openfootball;transfermarkt,4,False,False
2025-26,2025-09-14,Gaziantep FK,Kocaelispor,2,0,football-data.co.uk (ayna: xgabora/Club-Football-Match-Data-2000-2025),football-data;sofascore;openfootball;transfermarkt,4,False,False
2025-26,2025-09-14,Kayserispor,Göztepe,1,1,football-data.co.uk (ayna: xgabora/Club-Football-Match-Data-2000-2025),football-data;sofascore;openfootball;transfermarkt,4,False,False
2025-26,2025-09-15,Çaykur Rizespor,Gençlerbirliği,1,0,football-data.co.uk (ayna: xgabora/Club-Football-Match-Data-2000-2025),football-data;sofascore;openfootball;transfermarkt,4,False,False
2025-26,2025-09-17,Fatih Karagümrük,İstanbul Başakşehir,0,2,football-data.co.uk (ayna: xgabora/Club-Football-Match-Data-2000-2025),football-data;sofascore;openfootball;transfermarkt,4,False,False
2025-26,2025-09-17,Fenerbahçe,Alanyaspor,2,2,football-data.co.uk (ayna: xgabora/Club-Football-Match-Data-2000-2025),football-data;sofascore;openfootball;transfermarkt,4,False,False
2025-26,2025-09-17,Samsunspor,Kasımpaşa,0,0,football-data.co.uk (ayna: xgabora/Club-Football-Match-Data-2000-2025),football-data;sofascore;openfootball;transfermarkt,4,False,False
2025-26,2025-09-19,Göztepe,Beşiktaş,3,0,football-data.co.uk (ayna: xgabora/Club-Football-Match-Data-2000-2025),football-data;sofascore;openfootball;transfermarkt,4,False,False
2025-26,2025-09-20,Antalyaspor,Kayserispor,1,1,football-data.co.uk (ayna: xgabora/Club-Football-Match-Data-2000-2025),football-data;sofascore;openfootball;transfermarkt,4,False,False
2025-26,2025-09-20,Gençlerbirliği,Eyüpspor,1,0,football-data.co.uk (ayna: xgabora/Club-Football-Match-Data-2000-2025),football-data;sofascore;openfootball;transfermarkt,4,False,False
2025-26,2025-09-20,Trabzonspor,Gaziantep FK,1,1,football-data.co.uk (ayna: xgabora/Club-Football-Match-Data-2000-2025),football-data;sofascore;openfootball;transfermarkt,4,False,False
2025-26,2025-09-21,Kasımpaşa,Fenerbahçe,1,1,football-data.co.uk (ayna: xgabora/Club-Football-Match-Data-2000-2025),football-data;sofascore;openfootball;transfermarkt,4,False,False
2025-26,2025-09-21,Kocaelispor,Çaykur Rizespor,1,1,football-data.co.uk (ayna: xgabora/Club-Football-Match-Data-2000-2025),football-data;sofascore;openfootball;transfermarkt,4,False,False
2025-26,2025-09-21,Samsunspor,Fatih Karagümrük,3,2,football-data.co.uk (ayna: xgabora/Club-Football-Match-Data-2000-2025),football-data;sofascore;openfootball;transfermarkt,4,False,False
2025-26,2025-09-21,İstanbul Başakşehir,Alanyaspor,1,1,football-data.co.uk (ayna: xgabora/Club-Football-Match-Data-2000-2025),football-data;sofascore;openfootball;transfermarkt,4,False,False
2025-26,2025-09-22,Galatasaray,Konyaspor,3,1,football-data.co.uk (ayna: xgabora/Club-Football-Match-Data-2000-2025),football-data;sofascore;openfootball;transfermarkt,4,False,False
2025-26,2025-09-24,Kayserispor,Beşiktaş,0,4,football-data.co.uk (ayna: xgabora/Club-Football-Match-Data-2000-2025),football-data;sofascore;openfootball;transfermarkt,4,False,False
2025-26,2025-09-26,Alanyaspor,Galatasaray,0,1,football-data.co.uk (ayna: xgabora/Club-Football-Match-Data-2000-2025),football-data;sofascore;openfootball;transfermarkt,4,False,False
2025-26,2025-09-27,Eyüpspor,Göztepe,0,0,football-data.co.uk (ayna: xgabora/Club-Football-Match-Data-2000-2025),football-data;sofascore;openfootball;transfermarkt,4,False,False
2025-26,2025-09-27,Fatih Karagümrük,Trabzonspor,3,4,football-data.co.uk (ayna: xgabora/Club-Football-Match-Data-2000-2025),football-data;sofascore;openfootball;transfermarkt,4,False,False
2025-26,2025-09-27,Gaziantep FK,Samsunspor,2,2,football-data.co.uk (ayna: xgabora/Club-Football-Match-Data-2000-2025),football-data;sofascore;openfootball;transfermarkt,4,False,False
2025-26,2025-09-28,Fenerbahçe,Antalyaspor,2,0,football-data.co.uk (ayna: xgabora/Club-Football-Match-Data-2000-2025),football-data;sofascore;openfootball;transfermarkt,4,False,False
2025-26,2025-09-28,Kayserispor,Gençlerbirliği,1,1,football-data.co.uk (ayna: xgabora/Club-Football-Match-Data-2000-2025),football-data;sofascore;openfootball;transfermarkt,4,False,False
2025-26,2025-09-28,Konyaspor,İstanbul Başakşehir,2,1,football-data.co.uk (ayna: xgabora/Club-Football-Match-Data-2000-2025),football-data;sofascore;openfootball;transfermarkt,4,False,False
2025-26,2025-09-28,Çaykur Rizespor,Kasımpaşa,1,2,football-data.co.uk (ayna: xgabora/Club-Football-Match-Data-2000-2025),football-data;sofascore;openfootball;transfermarkt,4,False,False
2025-26,2025-09-29,Beşiktaş,Kocaelispor,3,1,football-data.co.uk (ayna: xgabora/Club-Football-Match-Data-2000-2025),football-data;sofascore;openfootball;transfermarkt,4,False,False
2025-26,2025-10-03,Antalyaspor,Çaykur Rizespor,2,5,football-data.co.uk (ayna: xgabora/Club-Football-Match-Data-2000-2025),football-data;sofascore;openfootball;transfermarkt,4,False,False
2025-26,2025-10-03,Trabzonspor,Kayserispor,4,0,football-data.co.uk (ayna: xgabora/Club-Football-Match-Data-2000-2025),football-data;sofascore;openfootball;transfermarkt,4,False,False
2025-26,2025-10-04,Galatasaray,Beşiktaş,1,1,football-data.co.uk (ayna: xgabora/Club-Football-Match-Data-2000-2025),football-data;sofascore;openfootball;transfermarkt,4,False,False
2025-26,2025-10-04,Gençlerbirliği,Alanyaspor,2,2,football-data.co.uk (ayna: xgabora/Club-Football-Match-Data-2000-2025),football-data;sofascore;openfootball;transfermarkt,4,False,False
2025-26,2025-10-04,Kocaelispor,Eyüpspor,1,0,football-data.co.uk (ayna: xgabora/Club-Football-Match-Data-2000-2025),football-data;sofascore;openfootball;transfermarkt,4,False,False
2025-26,2025-10-05,Fatih Karagümrük,Gaziantep FK,0,2,football-data.co.uk (ayna: xgabora/Club-Football-Match-Data-2000-2025),football-data;sofascore;openfootball;transfermarkt,4,False,False
2025-26,2025-10-05,Göztepe,İstanbul Başakşehir,1,0,football-data.co.uk (ayna: xgabora/Club-Football-Match-Data-2000-2025),football-data;sofascore;openfootball;transfermarkt,4,False,False
2025-26,2025-10-05,Kasımpaşa,Konyaspor,1,1,football-data.co.uk (ayna: xgabora/Club-Football-Match-Data-2000-2025),football-data;sofascore;openfootball;transfermarkt,4,False,False
2025-26,2025-10-05,Samsunspor,Fenerbahçe,0,0,football-data.co.uk (ayna: xgabora/Club-Football-Match-Data-2000-2025),football-data;sofascore;openfootball;transfermarkt,4,False,False
2025-26,2025-10-18,Beşiktaş,Gençlerbirliği,1,2,football-data.co.uk (ayna: xgabora/Club-Football-Match-Data-2000-2025),football-data;sofascore;openfootball;transfermarkt,4,False,False
2025-26,2025-10-18,Konyaspor,Kocaelispor,2,3,football-data.co.uk (ayna: xgabora/Club-Football-Match-Data-2000-2025),football-data;sofascore;openfootball;transfermarkt,4,False,False
2025-26,2025-10-18,Çaykur Rizespor,Trabzonspor,1,2,football-data.co.uk (ayna: xgabora/Club-Football-Match-Data-2000-2025),football-data;sofascore;openfootball;transfermarkt,4,False,False
2025-26,2025-10-18,İstanbul Başakşehir,Galatasaray,1,2,football-data.co.uk (ayna: xgabora/Club-Football-Match-Data-2000-2025),football-data;sofascore;openfootball;transfermarkt,4,False,False
2025-26,2025-10-19,Alanyaspor,Göztepe,1,0,football-data.co.uk (ayna: xgabora/Club-Football-Match-Data-2000-2025),football-data;sofascore;openfootball;transfermarkt,4,False,False
2025-26,2025-10-19,Fenerbahçe,Fatih Karagümrük,2,1,football-data.co.uk (ayna: xgabora/Club-Football-Match-Data-2000-2025),football-data;sofascore;openfootball;transfermarkt,4,False,False
2025-26,2025-10-19,Gaziantep FK,Antalyaspor,3,2,football-data.co.uk (ayna: xgabora/Club-Football-Match-Data-2000-2025),football-data;sofascore;openfootball;transfermarkt,4,False,False
2025-26,2025-10-19,Kayserispor,Samsunspor,1,3,football-data.co.uk (ayna: xgabora/Club-Football-Match-Data-2000-2025),football-data;sofascore;openfootball;transfermarkt,4,False,False
2025-26,2025-10-20,Eyüpspor,Kasımpaşa,2,0,football-data.co.uk (ayna: xgabora/Club-Football-Match-Data-2000-2025),football-data;sofascore;openfootball;transfermarkt,4,False,False
2025-26,2025-10-22,Konyaspor,Beşiktaş,0,2,football-data.co.uk (ayna: xgabora/Club-Football-Match-Data-2000-2025),football-data;sofascore;openfootball;transfermarkt,4,False,False
2025-26,2025-10-22,Çaykur Rizespor,İstanbul Başakşehir,0,0,football-data.co.uk (ayna: xgabora/Club-Football-Match-Data-2000-2025),football-data;sofascore;openfootball;transfermarkt,4,False,False
2025-26,2025-10-24,Fatih Karagümrük,Kayserispor,2,2,football-data.co.uk (ayna: xgabora/Club-Football-Match-Data-2000-2025),football-data;sofascore;openfootball;transfermarkt,4,False,False
2025-26,2025-10-25,Kocaelispor,Alanyaspor,2,0,football-data.co.uk (ayna: xgabora/Club-Football-Match-Data-2000-2025),football-data;sofascore;openfootball;transfermarkt,4,False,False
2025-26,2025-10-25,Trabzonspor,Eyüpspor,2,0,football-data.co.uk (ayna: xgabora/Club-Football-Match-Data-2000-2025),football-data;sofascore;openfootball;transfermarkt,4,False,False
2025-26,2025-10-26,Antalyaspor,İstanbul Başakşehir,0,4,football-data.co.uk (ayna: xgabora/Club-Football-Match-Data-2000-2025),football-data;sofascore;openfootball;transfermarkt,4,False,False
2025-26,2025-10-26,Galatasaray,Göztepe,3,1,football-data.co.uk (ayna: xgabora/Club-Football-Match-Data-2000-2025),football-data;sofascore;openfootball;transfermarkt,4,False,False
2025-26,2025-10-26,Gençlerbirliği,Konyaspor,1,2,football-data.co.uk (ayna: xgabora/Club-Football-Match-Data-2000-2025),football-data;sofascore;openfootball;transfermarkt,4,False,False
2025-26,2025-10-26,Kasımpaşa,Beşiktaş,1,1,football-data.co.uk (ayna: xgabora/Club-Football-Match-Data-2000-2025),football-data;sofascore;openfootball;transfermarkt,4,False,False
2025-26,2025-10-27,Gaziantep FK,Fenerbahçe,0,4,football-data.co.uk (ayna: xgabora/Club-Football-Match-Data-2000-2025),football-data;sofascore;openfootball;transfermarkt,4,False,False
2025-26,2025-10-27,Samsunspor,Çaykur Rizespor,1,1,football-data.co.uk (ayna: xgabora/Club-Football-Match-Data-2000-2025),football-data;sofascore;openfootball;transfermarkt,4,False,False
2025-26,2025-10-31,İstanbul Başakşehir,Kocaelispor,1,0,football-data.co.uk (ayna: xgabora/Club-Football-Match-Data-2000-2025),football-data;sofascore;openfootball;transfermarkt,4,False,False
2025-26,2025-11-01,Galatasaray,Trabzonspor,0,0,football-data.co.uk (ayna: xgabora/Club-Football-Match-Data-2000-2025),football-data;sofascore;openfootball;transfermarkt,4,False,False
2025-26,2025-11-01,Göztepe,Gençlerbirliği,1,0,football-data.co.uk (ayna: xgabora/Club-Football-Match-Data-2000-2025),football-data;sofascore;openfootball;transfermarkt,4,False,False
2025-26,2025-11-02,Beşiktaş,Fenerbahçe,2,3,football-data.co.uk (ayna: xgabora/Club-Football-Match-Data-2000-2025),football-data;sofascore;openfootball;transfermarkt,4,False,False
2025-26,2025-11-02,Kayserispor,Kasımpaşa,3,2,football-data.co.uk (ayna: xgabora/Club-Football-Match-Data-2000-2025),football-data;sofascore;openfootball;transfermarkt,4,False,False
2025-26,2025-11-02,Konyaspor,Samsunspor,1,3,football-data.co.uk (ayna: xgabora/Club-Football-Match-Data-2000-2025),football-data;sofascore;openfootball;transfermarkt,4,False,False
2025-26,2025-11-03,Alanyaspor,Gaziantep FK,0,0,football-data.co.uk (ayna: xgabora/Club-Football-Match-Data-2000-2025),football-data;sofascore;openfootball;transfermarkt,4,False,False
2025-26,2025-11-03,Eyüpspor,Antalyaspor,0,1,football-data.co.uk (ayna: xgabora/Club-Football-Match-Data-2000-2025),football-data;sofascore;openfootball;transfermarkt,4,False,False
2025-26,2025-11-03,Çaykur Rizespor,Fatih Karagümrük,1,0,football-data.co.uk (ayna: xgabora/Club-Football-Match-Data-2000-2025),football-data;sofascore;openfootball;transfermarkt,4,False,False
2025-26,2025-11-07,Gençlerbirliği,İstanbul Başakşehir,2,1,football-data.co.uk (ayna: xgabora/Club-Football-Match-Data-2000-2025),football-data;sofascore;transfermarkt,3,False,False
2025-26,2025-11-08,Antalyaspor,Beşiktaş,1,3,football-data.co.uk (ayna: xgabora/Club-Football-Match-Data-2000-2025),football-data;sofascore;transfermarkt,3,False,False
2025-26,2025-11-08,Gaziantep FK,Çaykur Rizespor,2,2,football-data.co.uk (ayna: xgabora/Club-Football-Match-Data-2000-2025),football-data;sofascore;transfermarkt,3,False,False
2025-26,2025-11-08,Kasımpaşa,Göztepe,0,2,football-data.co.uk (ayna: xgabora/Club-Football-Match-Data-2000-2025),football-data;sofascore;transfermarkt,3,False,False
2025-26,2025-11-08,Trabzonspor,Alanyaspor,1,1,football-data.co.uk (ayna: xgabora/Club-Football-Match-Data-2000-2025),football-data;sofascore;transfermarkt,3,False,False
2025-26,2025-11-09,Fatih Karagümrük,Konyaspor,2,0,football-data.co.uk (ayna: xgabora/Club-Football-Match-Data-2000-2025),football-data;sofascore;transfermarkt,3,False,False
2025-26,2025-11-09,Fenerbahçe,Kayserispor,4,2,football-data.co.uk (ayna: xgabora/Club-Football-Match-Data-2000-2025),football-data;sofascore;transfermarkt,3,False,False
2025-26,2025-11-09,Kocaelispor,Galatasaray,1,0,football-data.co.uk (ayna: xgabora/Club-Football-Match-Data-2000-2025),football-data;sofascore;transfermarkt,3,False,False
2025-26,2025-11-09,Samsunspor,Eyüpspor,1,0,football-data.co.uk (ayna: xgabora/Club-Football-Match-Data-2000-2025),football-data;sofascore;transfermarkt,3,False,False
2025-26,2025-11-22,Eyüpspor,Fatih Karagümrük,1,1,football-data.co.uk (ayna: xgabora/Club-Football-Match-Data-2000-2025),football-data;sofascore;transfermarkt,3,False,False
2025-26,2025-11-22,Galatasaray,Gençlerbirliği,3,2,football-data.co.uk (ayna: xgabora/Club-Football-Match-Data-2000-2025),football-data;sofascore;transfermarkt,3,False,False
2025-26,2025-11-22,Kayserispor,Gaziantep FK,0,3,football-data.co.uk (ayna: xgabora/Club-Football-Match-Data-2000-2025),football-data;sofascore;transfermarkt,3,False,False
2025-26,2025-11-23,Alanyaspor,Kasımpaşa,1,2,football-data.co.uk (ayna: xgabora/Club-Football-Match-Data-2000-2025),football-data;sofascore;transfermarkt,3,False,False
2025-26,2025-11-23,Beşiktaş,Samsunspor,1,1,football-data.co.uk (ayna: xgabora/Club-Football-Match-Data-2000-2025),football-data;sofascore;transfermarkt,3,False,False
2025-26,2025-11-23,Göztepe,Kocaelispor,0,0,football-data.co.uk (ayna: xgabora/Club-Football-Match-Data-2000-2025),football-data;sofascore;transfermarkt,3,False,False
2025-26,2025-11-23,Çaykur Rizespor,Fenerbahçe,2,5,football-data.co.uk (ayna: xgabora/Club-Football-Match-Data-2000-2025),football-data;sofascore;transfermarkt,3,False,False
2025-26,2025-11-24,Konyaspor,Antalyaspor,0,0,football-data.co.uk (ayna: xgabora/Club-Football-Match-Data-2000-2025),football-data;sofascore;transfermarkt,3,False,False
2025-26,2025-11-24,İstanbul Başakşehir,Trabzonspor,3,4,football-data.co.uk (ayna: xgabora/Club-Football-Match-Data-2000-2025),football-data;sofascore;transfermarkt,3,False,False
2025-26,2025-11-28,Kocaelispor,Gençlerbirliği,1,0,football-data.co.uk (ayna: xgabora/Club-Football-Match-Data-2000-2025),football-data;sofascore;transfermarkt,3,False,False
2025-26,2025-11-29,Gaziantep FK,Eyüpspor,1,2,football-data.co.uk (ayna: xgabora/Club-Football-Match-Data-2000-2025),football-data;sofascore;transfermarkt,3,False,False
2025-26,2025-11-29,Kasımpaşa,İstanbul Başakşehir,1,3,football-data.co.uk (ayna: xgabora/Club-Football-Match-Data-2000-2025),football-data;sofascore;transfermarkt,3,False,False
2025-26,2025-11-29,Trabzonspor,Konyaspor,3,1,football-data.co.uk (ayna: xgabora/Club-Football-Match-Data-2000-2025),football-data;sofascore;transfermarkt,3,False,False
2025-26,2025-11-29,Çaykur Rizespor,Kayserispor,0,1,football-data.co.uk (ayna: xgabora/Club-Football-Match-Data-2000-2025),football-data;sofascore;transfermarkt,3,False,False
2025-26,2025-11-30,Antalyaspor,Göztepe,1,2,football-data.co.uk (ayna: xgabora/Club-Football-Match-Data-2000-2025),football-data;sofascore;transfermarkt,3,False,False
2025-26,2025-11-30,Fatih Karagümrük,Beşiktaş,0,2,football-data.co.uk (ayna: xgabora/Club-Football-Match-Data-2000-2025),football-data;sofascore;transfermarkt,3,False,False
2025-26,2025-12-01,Fenerbahçe,Galatasaray,1,1,football-data.co.uk (ayna: xgabora/Club-Football-Match-Data-2000-2025),football-data;sofascore;transfermarkt,3,False,False
2025-26,2025-12-01,Samsunspor,Alanyaspor,1,1,football-data.co.uk (ayna: xgabora/Club-Football-Match-Data-2000-2025),football-data;sofascore;transfermarkt,3,False,False
2025-26,2025-12-05,Galatasaray,Samsunspor,3,2,football-data.co.uk (ayna: xgabora/Club-Football-Match-Data-2000-2025),football-data;sofascore;transfermarkt,3,False,False
2025-26,2025-12-06,Eyüpspor,Kayserispor,1,1,football-data.co.uk (ayna: xgabora/Club-Football-Match-Data-2000-2025),football-data;sofascore;transfermarkt,3,False,False
2025-26,2025-12-06,Konyaspor,Çaykur Rizespor,1,1,football-data.co.uk (ayna: xgabora/Club-Football-Match-Data-2000-2025),football-data;sofascore;transfermarkt,3,False,False
2025-26,2025-12-06,İstanbul Başakşehir,Fenerbahçe,1,1,football-data.co.uk (ayna: xgabora/Club-Football-Match-Data-2000-2025),football-data;sofascore;transfermarkt,3,False,False
2025-26,2025-12-07,Gençlerbirliği,Fatih Karagümrük,3,0,football-data.co.uk (ayna: xgabora/Club-Football-Match-Data-2000-2025),football-data;sofascore;transfermarkt,3,False,False
2025-26,2025-12-07,Göztepe,Trabzonspor,1,2,football-data.co.uk (ayna: xgabora/Club-Football-Match-Data-2000-2025),football-data;sofascore;transfermarkt,3,False,False
2025-26,2025-12-07,Kocaelispor,Kasımpaşa,0,0,football-data.co.uk (ayna: xgabora/Club-Football-Match-Data-2000-2025),football-data;sofascore;transfermarkt,3,False,False
2025-26,2025-12-08,Alanyaspor,Antalyaspor,0,0,football-data.co.uk (ayna: xgabora/Club-Football-Match-Data-2000-2025),football-data;sofascore;transfermarkt,3,False,False
2025-26,2025-12-08,Beşiktaş,Gaziantep FK,2,2,football-data.co.uk (ayna: xgabora/Club-Football-Match-Data-2000-2025),football-data;sofascore;transfermarkt,3,False,False
2025-26,2025-12-12,Kasımpaşa,Gençlerbirliği,0,0,football-data.co.uk (ayna: xgabora/Club-Football-Match-Data-2000-2025),football-data;sofascore;transfermarkt,3,False,False
2025-26,2025-12-13,Antalyaspor,Galatasaray,1,4,football-data.co.uk (ayna: xgabora/Club-Football-Match-Data-2000-2025),football-data;sofascore;transfermarkt,3,False,False
2025-26,2025-12-13,Kayserispor,Alanyaspor,0,0,football-data.co.uk (ayna: xgabora/Club-Football-Match-Data-2000-2025),football-data;sofascore;transfermarkt,3,False,False
2025-26,2025-12-13,Çaykur Rizespor,Eyüpspor,3,0,football-data.co.uk (ayna: xgabora/Club-Football-Match-Data-2000-2025),football-data;sofascore;transfermarkt,3,False,False
2025-26,2025-12-14,Fatih Karagümrük,Kocaelispor,1,1,football-data.co.uk (ayna: xgabora/Club-Football-Match-Data-2000-2025),football-data;sofascore;transfermarkt,3,False,False
2025-26,2025-12-14,Gaziantep FK,Göztepe,0,1,football-data.co.uk (ayna: xgabora/Club-Football-Match-Data-2000-2025),football-data;sofascore;transfermarkt,3,False,False
2025-26,2025-12-14,Samsunspor,İstanbul Başakşehir,0,2,football-data.co.uk (ayna: xgabora/Club-Football-Match-Data-2000-2025),football-data;sofascore;transfermarkt,3,False,False
2025-26,2025-12-14,Trabzonspor,Beşiktaş,3,3,football-data.co.uk (ayna: xgabora/Club-Football-Match-Data-2000-2025),football-data;sofascore;transfermarkt,3,False,False
2025-26,2025-12-15,Fenerbahçe,Konyaspor,4,0,football-data.co.uk (ayna: xgabora/Club-Football-Match-Data-2000-2025),football-data;sofascore;transfermarkt,3,False,False
2025-26,2025-12-19,Kocaelispor,Antalyaspor,2,1,football-data.co.uk (ayna: xgabora/Club-Football-Match-Data-2000-2025),football-data;sofascore;transfermarkt,3,False,False
2025-26,2025-12-20,Beşiktaş,Çaykur Rizespor,1,0,football-data.co.uk (ayna: xgabora/Club-Football-Match-Data-2000-2025),football-data;sofascore;transfermarkt,3,False,False
2025-26,2025-12-20,Eyüpspor,Fenerbahçe,0,3,football-data.co.uk (ayna: xgabora/Club-Football-Match-Data-2000-2025),football-data;sofascore;transfermarkt,3,False,False
2025-26,2025-12-20,Konyaspor,Kayserispor,1,1,football-data.co.uk (ayna: xgabora/Club-Football-Match-Data-2000-2025),football-data;sofascore;transfermarkt,3,False,False
2025-26,2025-12-21,Alanyaspor,Fatih Karagümrük,2,0,football-data.co.uk (ayna: xgabora/Club-Football-Match-Data-2000-2025),football-data;sofascore;transfermarkt,3,False,False
2025-26,2025-12-21,Galatasaray,Kasımpaşa,3,0,football-data.co.uk (ayna: xgabora/Club-Football-Match-Data-2000-2025),football-data;sofascore;transfermarkt,3,False,False
2025-26,2025-12-21,Göztepe,Samsunspor,2,0,football-data.co.uk (ayna: xgabora/Club-Football-Match-Data-2000-2025),football-data;sofascore;transfermarkt,3,False,False
2025-26,2025-12-22,Gençlerbirliği,Trabzonspor,4,3,football-data.co.uk (ayna: xgabora/Club-Football-Match-Data-2000-2025),football-data;sofascore;transfermarkt,3,False,False
2025-26,2025-12-22,İstanbul Başakşehir,Gaziantep FK,5,1,football-data.co.uk (ayna: xgabora/Club-Football-Match-Data-2000-2025),football-data;sofascore;transfermarkt,3,False,False
2025-26,2026-01-17,Galatasaray,Gaziantep FK,1,1,football-data.co.uk (ayna: xgabora/Club-Football-Match-Data-2000-2025),football-data;sofascore;transfermarkt,3,False,False
2025-26,2026-01-17,İstanbul Başakşehir,Fatih Karagümrük,2,1,football-data.co.uk (ayna: xgabora/Club-Football-Match-Data-2000-2025),football-data;sofascore;transfermarkt,3,False,False
2025-26,2026-01-18,Alanyaspor,Fenerbahçe,2,3,football-data.co.uk (ayna: xgabora/Club-Football-Match-Data-2000-2025),football-data;sofascore;transfermarkt,3,False,False
2025-26,2026-01-18,Gençlerbirliği,Samsunspor,1,1,football-data.co.uk (ayna: xgabora/Club-Football-Match-Data-2000-2025),football-data;sofascore;transfermarkt,3,False,False
2025-26,2026-01-18,Kasımpaşa,Antalyaspor,0,0,football-data.co.uk (ayna: xgabora/Club-Football-Match-Data-2000-2025),football-data;sofascore;transfermarkt,3,False,False
2025-26,2026-01-18,Kocaelispor,Trabzonspor,1,2,football-data.co.uk (ayna: xgabora/Club-Football-Match-Data-2000-2025),football-data;sofascore;transfermarkt,3,False,False
2025-26,2026-01-19,Beşiktaş,Kayserispor,1,0,football-data.co.uk (ayna: xgabora/Club-Football-Match-Data-2000-2025),football-data;sofascore;transfermarkt,3,False,False
2025-26,2026-01-19,Göztepe,Çaykur Rizespor,3,1,football-data.co.uk (ayna: xgabora/Club-Football-Match-Data-2000-2025),football-data;sofascore;transfermarkt,3,False,False
2025-26,2026-01-19,Konyaspor,Eyüpspor,1,1,football-data.co.uk (ayna: xgabora/Club-Football-Match-Data-2000-2025),football-data;sofascore;transfermarkt,3,False,False
2025-26,2026-01-23,Trabzonspor,Kasımpaşa,2,1,football-data.co.uk (ayna: xgabora/Club-Football-Match-Data-2000-2025),football-data;sofascore;transfermarkt,3,False,False
2025-26,2026-01-24,Fatih Karagümrük,Galatasaray,1,3,football-data.co.uk (ayna: xgabora/Club-Football-Match-Data-2000-2025),football-data;sofascore;transfermarkt,3,False,False
2025-26,2026-01-24,Kayserispor,İstanbul Başakşehir,0,3,football-data.co.uk (ayna: xgabora/Club-Football-Match-Data-2000-2025),football-data;sofascore;transfermarkt,3,False,False
2025-26,2026-01-24,Samsunspor,Kocaelispor,0,0,football-data.co.uk (ayna: xgabora/Club-Football-Match-Data-2000-2025),football-data;sofascore;transfermarkt,3,False,False
2025-26,2026-01-25,Antalyaspor,Gençlerbirliği,2,1,football-data.co.uk (ayna: xgabora/Club-Football-Match-Data-2000-2025),football-data;sofascore;transfermarkt,3,False,False
2025-26,2026-01-25,Fenerbahçe,Göztepe,1,1,football-data.co.uk (ayna: xgabora/Club-Football-Match-Data-2000-2025),football-data;sofascore;transfermarkt,3,False,False
2025-26,2026-01-25,Gaziantep FK,Konyaspor,1,1,football-data.co.uk (ayna: xgabora/Club-Football-Match-Data-2000-2025),football-data;sofascore;transfermarkt,3,False,False
2025-26,2026-01-25,Çaykur Rizespor,Alanyaspor,1,1,football-data.co.uk (ayna: xgabora/Club-Football-Match-Data-2000-2025),football-data;sofascore;transfermarkt,3,False,False
2025-26,2026-01-26,Eyüpspor,Beşiktaş,2,2,football-data.co.uk (ayna: xgabora/Club-Football-Match-Data-2000-2025),football-data;sofascore;transfermarkt,3,False,False
2025-26,2026-01-30,Antalyaspor,Trabzonspor,1,1,football-data.co.uk (ayna: xgabora/Club-Football-Match-Data-2000-2025),football-data;sofascore;transfermarkt,3,False,False
2025-26,2026-01-30,Kasımpaşa,Samsunspor,0,1,football-data.co.uk (ayna: xgabora/Club-Football-Match-Data-2000-2025),football-data;sofascore;transfermarkt,3,False,False
2025-26,2026-01-31,Alanyaspor,Eyüpspor,1,3,football-data.co.uk (ayna: xgabora/Club-Football-Match-Data-2000-2025),football-data;sofascore;transfermarkt,3,False,False
2025-26,2026-01-31,Beşiktaş,Konyaspor,2,1,football-data.co.uk (ayna: xgabora/Club-Football-Match-Data-2000-2025),football-data;sofascore;transfermarkt,3,False,False
2025-26,2026-01-31,Göztepe,Fatih Karagümrük,2,1,football-data.co.uk (ayna: xgabora/Club-Football-Match-Data-2000-2025),football-data;sofascore;transfermarkt,3,False,False
2025-26,2026-01-31,İstanbul Başakşehir,Çaykur Rizespor,2,2,football-data.co.uk (ayna: xgabora/Club-Football-Match-Data-2000-2025),football-data;sofascore;transfermarkt,3,False,False
2025-26,2026-02-01,Galatasaray,Kayserispor,4,0,football-data.co.uk (ayna: xgabora/Club-Football-Match-Data-2000-2025),football-data;sofascore;transfermarkt,3,False,False
2025-26,2026-02-01,Gençlerbirliği,Gaziantep FK,2,1,football-data.co.uk (ayna: xgabora/Club-Football-Match-Data-2000-2025),football-data;sofascore;transfermarkt,3,False,False
2025-26,2026-02-02,Kocaelispor,Fenerbahçe,0,2,football-data.co.uk (ayna: xgabora/Club-Football-Match-Data-2000-2025),football-data;sofascore;transfermarkt,3,False,False
2025-26,2026-02-07,Fatih Karagümrük,Antalyaspor,1,0,football-data.co.uk (ayna: xgabora/Club-Football-Match-Data-2000-2025),football-data;sofascore;transfermarkt,3,False,False
2025-26,2026-02-07,Samsunspor,Trabzonspor,0,3,football-data.co.uk (ayna: xgabora/Club-Football-Match-Data-2000-2025),football-data;sofascore;transfermarkt,3,False,False
2025-26,2026-02-08,Beşiktaş,Alanyaspor,2,2,football-data.co.uk (ayna: xgabora/Club-Football-Match-Data-2000-2025),football-data;sofascore;transfermarkt,3,False,False
2025-26,2026-02-08,Eyüpspor,İstanbul Başakşehir,1,2,football-data.co.uk (ayna: xgabora/Club-Football-Match-Data-2000-2025),football-data;sofascore;transfermarkt,3,False,False
2025-26,2026-02-08,Konyaspor,Göztepe,0,0,football-data.co.uk (ayna: xgabora/Club-Football-Match-Data-2000-2025),football-data;sofascore;transfermarkt,3,False,False
2025-26,2026-02-08,Çaykur Rizespor,Galatasaray,0,3,football-data.co.uk (ayna: xgabora/Club-Football-Match-Data-2000-2025),football-data;sofascore;transfermarkt,3,False,False
2025-26,2026-02-09,Fenerbahçe,Gençlerbirliği,3,1,football-data.co.uk (ayna: xgabora/Club-Football-Match-Data-2000-2025),football-data;sofascore;transfermarkt,3,False,False
2025-26,2026-02-09,Gaziantep FK,Kasımpaşa,2,1,football-data.co.uk (ayna: xgabora/Club-Football-Match-Data-2000-2025),football-data;sofascore;transfermarkt,3,False,False
2025-26,2026-02-09,Kayserispor,Kocaelispor,1,2,football-data.co.uk (ayna: xgabora/Club-Football-Match-Data-2000-2025),football-data;sofascore;transfermarkt,3,False,False
2025-26,2026-02-13,Antalyaspor,Samsunspor,3,1,football-data.co.uk (ayna: xgabora/Club-Football-Match-Data-2000-2025),football-data;sofascore;transfermarkt,3,False,False
2025-26,2026-02-13,Galatasaray,Eyüpspor,5,1,football-data.co.uk (ayna: xgabora/Club-Football-Match-Data-2000-2025),football-data;sofascore;transfermarkt,3,False,False
2025-26,2026-02-14,Alanyaspor,Konyaspor,2,1,football-data.co.uk (ayna: xgabora/Club-Football-Match-Data-2000-2025),football-data;sofascore;transfermarkt,3,False,False
2025-26,2026-02-14,Gençlerbirliği,Çaykur Rizespor,2,2,football-data.co.uk (ayna: xgabora/Club-Football-Match-Data-2000-2025),football-data;sofascore;transfermarkt,3,False,False
2025-26,2026-02-14,Trabzonspor,Fenerbahçe,2,3,football-data.co.uk (ayna: xgabora/Club-Football-Match-Data-2000-2025),football-data;sofascore;transfermarkt,3,False,False
2025-26,2026-02-15,Göztepe,Kayserispor,0,0,football-data.co.uk (ayna: xgabora/Club-Football-Match-Data-2000-2025),football-data;sofascore;transfermarkt,3,False,False
2025-26,2026-02-15,Kocaelispor,Gaziantep FK,3,0,football-data.co.uk (ayna: xgabora/Club-Football-Match-Data-2000-2025),football-data;sofascore;transfermarkt,3,False,False
2025-26,2026-02-15,İstanbul Başakşehir,Beşiktaş,2,3,football-data.co.uk (ayna: xgabora/Club-Football-Match-Data-2000-2025),football-data;sofascore;transfermarkt,3,False,False
2025-26,2026-02-16,Kasımpaşa,Fatih Karagümrük,3,2,football-data.co.uk (ayna: xgabora/Club-Football-Match-Data-2000-2025),football-data;sofascore;transfermarkt,3,False,False
2025-26,2026-02-20,Çaykur Rizespor,Kocaelispor,2,0,football-data.co.uk (ayna: xgabora/Club-Football-Match-Data-2000-2025),football-data;sofascore;transfermarkt,3,False,False
2025-26,2026-02-21,Alanyaspor,İstanbul Başakşehir,1,2,football-data.co.uk (ayna: xgabora/Club-Football-Match-Data-2000-2025),football-data;sofascore;transfermarkt,3,False,False
2025-26,2026-02-21,Eyüpspor,Gençlerbirliği,1,0,football-data.co.uk (ayna: xgabora/Club-Football-Match-Data-2000-2025),football-data;sofascore;transfermarkt,3,False,False
2025-26,2026-02-21,Konyaspor,Galatasaray,2,0,football-data.co.uk (ayna: xgabora/Club-Football-Match-Data-2000-2025),football-data;sofascore;transfermarkt,3,False,False
2025-26,2026-02-22,Beşiktaş,Göztepe,4,0,football-data.co.uk (ayna: xgabora/Club-Football-Match-Data-2000-2025),football-data;sofascore;transfermarkt,3,False,False
2025-26,2026-02-22,Fatih Karagümrük,Samsunspor,0,0,football-data.co.uk (ayna: xgabora/Club-Football-Match-Data-2000-2025),football-data;sofascore;transfermarkt,3,False,False
2025-26,2026-02-22,Gaziantep FK,Trabzonspor,1,2,football-data.co.uk (ayna: xgabora/Club-Football-Match-Data-2000-2025),football-data;sofascore;transfermarkt,3,False,False
2025-26,2026-02-22,Kayserispor,Antalyaspor,1,0,football-data.co.uk (ayna: xgabora/Club-Football-Match-Data-2000-2025),football-data;sofascore;transfermarkt,3,False,False
2025-26,2026-02-23,Fenerbahçe,Kasımpaşa,1,1,football-data.co.uk (ayna: xgabora/Club-Football-Match-Data-2000-2025),football-data;sofascore;transfermarkt,3,False,False
2025-26,2026-02-27,Trabzonspor,Fatih Karagümrük,3,1,football-data.co.uk (ayna: xgabora/Club-Football-Match-Data-2000-2025),football-data;sofascore;transfermarkt,3,False,False
2025-26,2026-02-27,İstanbul Başakşehir,Konyaspor,2,0,football-data.co.uk (ayna: xgabora/Club-Football-Match-Data-2000-2025),football-data;sofascore;transfermarkt,3,False,False
2025-26,2026-02-28,Galatasaray,Alanyaspor,3,1,football-data.co.uk (ayna: xgabora/Club-Football-Match-Data-2000-2025),football-data;sofascore;transfermarkt,3,False,False
2025-26,2026-02-28,Göztepe,Eyüpspor,0,0,football-data.co.uk (ayna: xgabora/Club-Football-Match-Data-2000-2025),football-data;sofascore;transfermarkt,3,False,False
2025-26,2026-02-28,Kasımpaşa,Çaykur Rizespor,0,3,football-data.co.uk (ayna: xgabora/Club-Football-Match-Data-2000-2025),football-data;sofascore;transfermarkt,3,False,False
2025-26,2026-02-28,Kocaelispor,Beşiktaş,0,1,football-data.co.uk (ayna: xgabora/Club-Football-Match-Data-2000-2025),football-data;sofascore;transfermarkt,3,False,False
2025-26,2026-03-01,Antalyaspor,Fenerbahçe,2,2,football-data.co.uk (ayna: xgabora/Club-Football-Match-Data-2000-2025),football-data;sofascore;transfermarkt,3,False,False
2025-26,2026-03-01,Gençlerbirliği,Kayserispor,0,0,football-data.co.uk (ayna: xgabora/Club-Football-Match-Data-2000-2025),football-data;sofascore;transfermarkt,3,False,False
2025-26,2026-03-01,Samsunspor,Gaziantep FK,0,0,football-data.co.uk (ayna: xgabora/Club-Football-Match-Data-2000-2025),football-data;sofascore;transfermarkt,3,False,False
2025-26,2026-03-07,Beşiktaş,Galatasaray,0,1,football-data.co.uk (ayna: xgabora/Club-Football-Match-Data-2000-2025),football-data;sofascore;transfermarkt,3,False,False
2025-26,2026-03-07,İstanbul Başakşehir,Göztepe,2,1,football-data.co.uk (ayna: xgabora/Club-Football-Match-Data-2000-2025),football-data;sofascore;transfermarkt,3,False,False
2025-26,2026-03-08,Fenerbahçe,Samsunspor,3,2,football-data.co.uk (ayna: xgabora/Club-Football-Match-Data-2000-2025),football-data;sofascore;transfermarkt,3,False,False
2025-26,2026-03-08,Gaziantep FK,Fatih Karagümrük,1,1,football-data.co.uk (ayna: xgabora/Club-Football-Match-Data-2000-2025),football-data;sofascore;transfermarkt,3,False,False
2025-26,2026-03-08,Konyaspor,Kasımpaşa,1,1,football-data.co.uk (ayna: xgabora/Club-Football-Match-Data-2000-2025),football-data;sofascore;transfermarkt,3,False,False
2025-26,2026-03-08,Çaykur Rizespor,Antalyaspor,1,0,football-data.co.uk (ayna: xgabora/Club-Football-Match-Data-2000-2025),football-data;sofascore;transfermarkt,3,False,False
2025-26,2026-03-09,Alanyaspor,Gençlerbirliği,0,0,football-data.co.uk (ayna: xgabora/Club-Football-Match-Data-2000-2025),football-data;sofascore;transfermarkt,3,False,False
2025-26,2026-03-09,Eyüpspor,Kocaelispor,0,1,football-data.co.uk (ayna: xgabora/Club-Football-Match-Data-2000-2025),football-data;sofascore;transfermarkt,3,False,False
2025-26,2026-03-09,Kayserispor,Trabzonspor,1,3,football-data.co.uk (ayna: xgabora/Club-Football-Match-Data-2000-2025),football-data;sofascore;transfermarkt,3,False,False
2025-26,2026-03-13,Antalyaspor,Gaziantep FK,1,4,football-data.co.uk (ayna: xgabora/Club-Football-Match-Data-2000-2025),football-data;sofascore;transfermarkt,3,False,False
2025-26,2026-03-13,Fatih Karagümrük,Fenerbahçe,2,0,football-data.co.uk (ayna: xgabora/Club-Football-Match-Data-2000-2025),football-data;sofascore;transfermarkt,3,False,False
2025-26,2026-03-14,Galatasaray,İstanbul Başakşehir,3,0,football-data.co.uk (ayna: xgabora/Club-Football-Match-Data-2000-2025),football-data;sofascore;transfermarkt,3,False,False
2025-26,2026-03-14,Göztepe,Alanyaspor,2,2,football-data.co.uk (ayna: xgabora/Club-Football-Match-Data-2000-2025),football-data;sofascore;transfermarkt,3,False,False
2025-26,2026-03-14,Kocaelispor,Konyaspor,1,2,football-data.co.uk (ayna: xgabora/Club-Football-Match-Data-2000-2025),football-data;sofascore;transfermarkt,3,False,False
2025-26,2026-03-14,Trabzonspor,Çaykur Rizespor,1,0,football-data.co.uk (ayna: xgabora/Club-Football-Match-Data-2000-2025),football-data;sofascore;transfermarkt,3,False,False
2025-26,2026-03-15,Gençlerbirliği,Beşiktaş,0,2,football-data.co.uk (ayna: xgabora/Club-Football-Match-Data-2000-2025),football-data;sofascore;transfermarkt,3,False,False
2025-26,2026-03-15,Kasımpaşa,Eyüpspor,1,0,football-data.co.uk (ayna: xgabora/Club-Football-Match-Data-2000-2025),football-data;sofascore;transfermarkt,3,False,False
2025-26,2026-03-15,Samsunspor,Kayserispor,2,1,football-data.co.uk (ayna: xgabora/Club-Football-Match-Data-2000-2025),football-data;sofascore;transfermarkt,3,False,False
2025-26,2026-03-17,Fenerbahçe,Gaziantep FK,4,1,football-data.co.uk (ayna: xgabora/Club-Football-Match-Data-2000-2025),football-data;sofascore;transfermarkt,3,False,False
2025-26,2026-03-18,Alanyaspor,Kocaelispor,5,0,football-data.co.uk (ayna: xgabora/Club-Football-Match-Data-2000-2025),football-data;sofascore;transfermarkt,3,False,False
2025-26,2026-03-18,Eyüpspor,Trabzonspor,0,1,football-data.co.uk (ayna: xgabora/Club-Football-Match-Data-2000-2025),football-data;sofascore;transfermarkt,3,False,False
2025-26,2026-03-18,İstanbul Başakşehir,Antalyaspor,0,0,football-data.co.uk (ayna: xgabora/Club-Football-Match-Data-2000-2025),football-data;sofascore;transfermarkt,3,False,False
2025-26,2026-03-19,Beşiktaş,Kasımpaşa,2,1,football-data.co.uk (ayna: xgabora/Club-Football-Match-Data-2000-2025),football-data;sofascore;transfermarkt,3,False,False
2025-26,2026-03-19,Kayserispor,Fatih Karagümrük,1,0,football-data.co.uk (ayna: xgabora/Club-Football-Match-Data-2000-2025),football-data;sofascore;transfermarkt,3,False,False
2025-26,2026-03-19,Konyaspor,Gençlerbirliği,1,0,football-data.co.uk (ayna: xgabora/Club-Football-Match-Data-2000-2025),football-data;sofascore;transfermarkt,3,False,False
2025-26,2026-04-04,Gaziantep FK,Alanyaspor,1,1,football-data.co.uk (ayna: xgabora/Club-Football-Match-Data-2000-2025),football-data;sofascore;transfermarkt,3,False,False
2025-26,2026-04-04,Gençlerbirliği,Göztepe,0,2,football-data.co.uk (ayna: xgabora/Club-Football-Match-Data-2000-2025),football-data;sofascore;transfermarkt,3,False,False
2025-26,2026-04-04,Kasımpaşa,Kayserispor,2,0,football-data.co.uk (ayna: xgabora/Club-Football-Match-Data-2000-2025),football-data;sofascore;transfermarkt,3,False,False
2025-26,2026-04-04,Trabzonspor,Galatasaray,2,1,football-data.co.uk (ayna: xgabora/Club-Football-Match-Data-2000-2025),football-data;sofascore;transfermarkt,3,False,False
2025-26,2026-04-05,Antalyaspor,Eyüpspor,3,0,football-data.co.uk (ayna: xgabora/Club-Football-Match-Data-2000-2025),football-data;sofascore;transfermarkt,3,False,False
2025-26,2026-04-05,Fatih Karagümrük,Çaykur Rizespor,2,1,football-data.co.uk (ayna: xgabora/Club-Football-Match-Data-2000-2025),football-data;sofascore;transfermarkt,3,False,False
2025-26,2026-04-05,Fenerbahçe,Beşiktaş,1,0,football-data.co.uk (ayna: xgabora/Club-Football-Match-Data-2000-2025),football-data;sofascore;transfermarkt,3,False,False
2025-26,2026-04-05,Samsunspor,Konyaspor,2,2,football-data.co.uk (ayna: xgabora/Club-Football-Match-Data-2000-2025),football-data;sofascore;transfermarkt,3,False,False
2025-26,2026-04-06,Kocaelispor,İstanbul Başakşehir,0,0,football-data.co.uk (ayna: xgabora/Club-Football-Match-Data-2000-2025),football-data;sofascore;transfermarkt,3,False,False
2025-26,2026-04-08,Göztepe,Galatasaray,1,3,football-data.co.uk (ayna: xgabora/Club-Football-Match-Data-2000-2025),football-data;sofascore;transfermarkt,3,False,False
2025-26,2026-04-09,Çaykur Rizespor,Samsunspor,4,1,football-data.co.uk (ayna: xgabora/Club-Football-Match-Data-2000-2025),football-data;sofascore;transfermarkt,3,False,False
2025-26,2026-04-10,Beşiktaş,Antalyaspor,4,2,football-data.co.uk (ayna: xgabora/Club-Football-Match-Data-2000-2025),football-data;sofascore;transfermarkt,3,False,False
2025-26,2026-04-11,Alanyaspor,Trabzonspor,1,1,football-data.co.uk (ayna: xgabora/Club-Football-Match-Data-2000-2025),football-data;sofascore;transfermarkt,3,False,False
2025-26,2026-04-11,Kayserispor,Fenerbahçe,0,4,football-data.co.uk (ayna: xgabora/Club-Football-Match-Data-2000-2025),football-data;sofascore;transfermarkt,3,False,False
2025-26,2026-04-11,İstanbul Başakşehir,Gençlerbirliği,3,0,football-data.co.uk (ayna: xgabora/Club-Football-Match-Data-2000-2025),football-data;sofascore;transfermarkt,3,False,False
2025-26,2026-04-12,Galatasaray,Kocaelispor,1,1,football-data.co.uk (ayna: xgabora/Club-Football-Match-Data-2000-2025),football-data;sofascore;transfermarkt,3,False,False
2025-26,2026-04-12,Göztepe,Kasımpaşa,3,3,football-data.co.uk (ayna: xgabora/Club-Football-Match-Data-2000-2025),football-data;sofascore;transfermarkt,3,False,False
2025-26,2026-04-12,Konyaspor,Fatih Karagümrük,3,0,football-data.co.uk (ayna: xgabora/Club-Football-Match-Data-2000-2025),football-data;sofascore;transfermarkt,3,False,False
2025-26,2026-04-13,Eyüpspor,Samsunspor,1,2,football-data.co.uk (ayna: xgabora/Club-Football-Match-Data-2000-2025),football-data;sofascore;transfermarkt,3,False,False
2025-26,2026-04-13,Çaykur Rizespor,Gaziantep FK,2,1,football-data.co.uk (ayna: xgabora/Club-Football-Match-Data-2000-2025),football-data;sofascore;transfermarkt,3,False,False
2025-26,2026-04-17,Antalyaspor,Konyaspor,0,2,football-data.co.uk (ayna: xgabora/Club-Football-Match-Data-2000-2025),football-data;sofascore;transfermarkt,3,False,False
2025-26,2026-04-17,Fenerbahçe,Çaykur Rizespor,2,2,football-data.co.uk (ayna: xgabora/Club-Football-Match-Data-2000-2025),football-data;sofascore;transfermarkt,3,False,False
2025-26,2026-04-18,Fatih Karagümrük,Eyüpspor,1,2,football-data.co.uk (ayna: xgabora/Club-Football-Match-Data-2000-2025),football-data;sofascore;transfermarkt,3,False,False
2025-26,2026-04-18,Gençlerbirliği,Galatasaray,1,2,football-data.co.uk (ayna: xgabora/Club-Football-Match-Data-2000-2025),football-data;sofascore,2,False,False
2025-26,2026-04-18,Kocaelispor,Göztepe,1,1,football-data.co.uk (ayna: xgabora/Club-Football-Match-Data-2000-2025),football-data;sofascore;transfermarkt,3,False,False
2025-26,2026-04-19,Kasımpaşa,Alanyaspor,1,0,football-data.co.uk (ayna: xgabora/Club-Football-Match-Data-2000-2025),football-data;sofascore,2,False,False
2025-26,2026-04-19,Samsunspor,Beşiktaş,2,1,football-data.co.uk (ayna: xgabora/Club-Football-Match-Data-2000-2025),football-data;sofascore,2,False,False
2025-26,2026-04-19,Trabzonspor,İstanbul Başakşehir,1,1,football-data.co.uk (ayna: xgabora/Club-Football-Match-Data-2000-2025),football-data;sofascore,2,False,False
2025-26,2026-04-20,Gaziantep FK,Kayserispor,3,0,football-data.co.uk (ayna: xgabora/Club-Football-Match-Data-2000-2025),football-data;sofascore,2,False,False
2025-26,2026-04-24,İstanbul Başakşehir,Kasımpaşa,4,0,football-data.co.uk (ayna: xgabora/Club-Football-Match-Data-2000-2025),football-data;sofascore,2,False,False
2025-26,2026-04-25,Eyüpspor,Gaziantep FK,3,0,football-data.co.uk (ayna: xgabora/Club-Football-Match-Data-2000-2025),football-data;sofascore,2,False,False
2025-26,2026-04-25,Göztepe,Antalyaspor,2,0,football-data.co.uk (ayna: xgabora/Club-Football-Match-Data-2000-2025),football-data;sofascore,2,False,False
2025-26,2026-04-25,Kayserispor,Çaykur Rizespor,2,0,football-data.co.uk (ayna: xgabora/Club-Football-Match-Data-2000-2025),football-data;sofascore,2,False,False
2025-26,2026-04-26,Galatasaray,Fenerbahçe,3,0,football-data.co.uk (ayna: xgabora/Club-Football-Match-Data-2000-2025),football-data;sofascore,2,False,False
2025-26,2026-04-26,Gençlerbirliği,Kocaelispor,1,0,football-data.co.uk (ayna: xgabora/Club-Football-Match-Data-2000-2025),football-data;sofascore,2,False,False
2025-26,2026-04-27,Alanyaspor,Samsunspor,2,3,football-data.co.uk (ayna: xgabora/Club-Football-Match-Data-2000-2025),football-data;sofascore,2,False,False
2025-26,2026-04-27,Beşiktaş,Fatih Karagümrük,0,0,football-data.co.uk (ayna: xgabora/Club-Football-Match-Data-2000-2025),football-data;sofascore,2,False,False
2025-26,2026-04-27,Konyaspor,Trabzonspor,2,1,football-data.co.uk (ayna: xgabora/Club-Football-Match-Data-2000-2025),football-data;sofascore,2,False,False
2025-26,2026-05-01,Gaziantep FK,Beşiktaş,0,2,football-data.co.uk (ayna: xgabora/Club-Football-Match-Data-2000-2025),football-data;sofascore,2,False,False
2025-26,2026-05-01,Çaykur Rizespor,Konyaspor,3,2,football-data.co.uk (ayna: xgabora/Club-Football-Match-Data-2000-2025),football-data;sofascore,2,False,False
2025-26,2026-05-02,Fenerbahçe,İstanbul Başakşehir,3,1,football-data.co.uk (ayna: xgabora/Club-Football-Match-Data-2000-2025),football-data;sofascore,2,False,False
2025-26,2026-05-02,Samsunspor,Galatasaray,4,1,football-data.co.uk (ayna: xgabora/Club-Football-Match-Data-2000-2025),football-data;sofascore,2,False,False
2025-26,2026-05-02,Trabzonspor,Göztepe,1,1,football-data.co.uk (ayna: xgabora/Club-Football-Match-Data-2000-2025),football-data;sofascore,2,False,False
2025-26,2026-05-03,Antalyaspor,Alanyaspor,0,0,football-data.co.uk (ayna: xgabora/Club-Football-Match-Data-2000-2025),football-data;sofascore,2,False,False
2025-26,2026-05-03,Fatih Karagümrük,Gençlerbirliği,1,0,football-data.co.uk (ayna: xgabora/Club-Football-Match-Data-2000-2025),football-data;sofascore,2,False,False
2025-26,2026-05-03,Kasımpaşa,Kocaelispor,1,1,football-data.co.uk (ayna: xgabora/Club-Football-Match-Data-2000-2025),football-data;sofascore,2,False,False
2025-26,2026-05-03,Kayserispor,Eyüpspor,1,1,football-data.co.uk (ayna: xgabora/Club-Football-Match-Data-2000-2025),football-data;sofascore,2,False,False
2025-26,2026-05-09,Alanyaspor,Kayserispor,3,1,football-data.co.uk (ayna: xgabora/Club-Football-Match-Data-2000-2025),football-data;sofascore,2,False,False
2025-26,2026-05-09,Beşiktaş,Trabzonspor,1,2,football-data.co.uk (ayna: xgabora/Club-Football-Match-Data-2000-2025),football-data;sofascore,2,False,False
2025-26,2026-05-09,Eyüpspor,Çaykur Rizespor,4,0,football-data.co.uk (ayna: xgabora/Club-Football-Match-Data-2000-2025),football-data;sofascore,2,False,False
2025-26,2026-05-09,Galatasaray,Antalyaspor,4,2,football-data.co.uk (ayna: xgabora/Club-Football-Match-Data-2000-2025),football-data;sofascore,2,False,False
2025-26,2026-05-09,Gençlerbirliği,Kasımpaşa,3,2,football-data.co.uk (ayna: xgabora/Club-Football-Match-Data-2000-2025),football-data;sofascore,2,False,False
2025-26,2026-05-09,Göztepe,Gaziantep FK,2,1,football-data.co.uk (ayna: xgabora/Club-Football-Match-Data-2000-2025),football-data;sofascore,2,False,False
2025-26,2026-05-09,Kocaelispor,Fatih Karagümrük,0,1,football-data.co.uk (ayna: xgabora/Club-Football-Match-Data-2000-2025),football-data;sofascore,2,False,False
2025-26,2026-05-09,Konyaspor,Fenerbahçe,0,3,football-data.co.uk (ayna: xgabora/Club-Football-Match-Data-2000-2025),football-data;sofascore,2,False,False
2025-26,2026-05-09,İstanbul Başakşehir,Samsunspor,3,0,football-data.co.uk (ayna: xgabora/Club-Football-Match-Data-2000-2025),football-data;sofascore,2,False,False
2025-26,2026-05-15,Çaykur Rizespor,Beşiktaş,2,2,football-data.co.uk (ayna: xgabora/Club-Football-Match-Data-2000-2025),football-data;sofascore,2,False,False
2025-26,2026-05-16,Fatih Karagümrük,Alanyaspor,2,1,football-data.co.uk (ayna: xgabora/Club-Football-Match-Data-2000-2025),football-data;sofascore,2,False,False
2025-26,2026-05-16,Gaziantep FK,İstanbul Başakşehir,1,2,football-data.co.uk (ayna: xgabora/Club-Football-Match-Data-2000-2025),football-data;sofascore,2,False,False
2025-26,2026-05-16,Samsunspor,Göztepe,3,0,football-data.co.uk (ayna: xgabora/Club-Football-Match-Data-2000-2025),football-data;sofascore,2,False,False
2025-26,2026-05-17,Antalyaspor,Kocaelispor,1,0,football-data.co.uk (ayna: xgabora/Club-Football-Match-Data-2000-2025),football-data;sofascore,2,False,False
2025-26,2026-05-17,Fenerbahçe,Eyüpspor,3,3,football-data.co.uk (ayna: xgabora/Club-Football-Match-Data-2000-2025),football-data;sofascore,2,False,False
2025-26,2026-05-17,Kasımpaşa,Galatasaray,1,0,football-data.co.uk (ayna: xgabora/Club-Football-Match-Data-2000-2025),football-data;sofascore,2,False,False
2025-26,2026-05-17,Kayserispor,Konyaspor,2,1,football-data.co.uk (ayna: xgabora/Club-Football-Match-Data-2000-2025),football-data;sofascore,2,False,False
2025-26,2026-05-17,Trabzonspor,Gençlerbirliği,0,3,football-data.co.uk (ayna: xgabora/Club-Football-Match-Data-2000-2025),football-data;sofascore,2,False,False
