sezon_yil,ev,deplasman,sofascore_id,seyirci,kapasite,stadyum
2025,Gaziantep FK,Galatasaray,14109605,,33502.0,Gaziantep Stadium
2025,Samsunspor,Gençlerbirliği,14109603,,33919.0,Samsun Yeni 19 Mayıs Stadyumu
2025,Antalyaspor,Kasımpaşa,14109601,,32537.0,Antalya Stadium
2025,Çaykur Rizespor,Göztepe,14109607,,15558.0,Çaykur Didi Stadyumu
2025,Eyüpspor,Konyaspor,14109600,,2500.0,Eyüp Stadium
2025,Trabzonspor,Kocaelispor,14109602,,41000.0,Papara Park
2025,Fatih Karagümrük,İstanbul Başakşehir,14613411,,6500.0,Vefa Stadium
2025,Fenerbahçe,Alanyaspor,14613405,,50530.0,Chobani Stadium
2025,Kayserispor,Beşiktaş,14683084,,32864.0,Kadir Has Stadium
2025,Galatasaray,Fatih Karagümrük,14109615,,53978.0,Rams Park Stadyumu
2025,Kocaelispor,Samsunspor,14109617,,34829.0,Turka Araç Muayene Kocaeli Stadyumu
2025,Alanyaspor,Çaykur Rizespor,14109612,,10128.0,Bahcesehir Okullari Stadium
2025,Göztepe,Fenerbahçe,14109614,,20756.0,Gursel Aksel Stadium
2025,Gençlerbirliği,Antalyaspor,14109616,,20560.0,Eryaman Stadyumu
2025,Konyaspor,Gaziantep FK,14109610,,42000.0,Medas Konya Büyüksehir Belediyesi Stadium
2025,İstanbul Başakşehir,Kayserispor,14109613,,17156.0,Basaksehir Fatih Terim Stadium
2025,Beşiktaş,Eyüpspor,14109611,,42684.0,Tüpraş Stadyumu
2025,Kasımpaşa,Trabzonspor,14109609,,14234.0,Recep Tayyip Erdogan Stadium
2025,Fatih Karagümrük,Göztepe,14109622,,6500.0,Vefa Stadium
2025,Fenerbahçe,Kocaelispor,14109624,,50530.0,Chobani Stadium
2025,Gaziantep FK,Gençlerbirliği,14109623,,33502.0,Gaziantep Stadium
2025,Trabzonspor,Antalyaspor,14109620,,41000.0,Papara Park
2025,Kayserispor,Galatasaray,14109627,,32864.0,Kadir Has Stadium
2025,Eyüpspor,Alanyaspor,14109618,,2500.0,Eyüp Stadium
2025,Samsunspor,Kasımpaşa,14613415,,33919.0,Samsun Yeni 19 Mayıs Stadyumu
2025,Konyaspor,Beşiktaş,14837589,,42000.0,Medas Konya Büyüksehir Belediyesi Stadium
2025,Çaykur Rizespor,İstanbul Başakşehir,14875545,,15558.0,Çaykur Didi Stadyumu
2025,Göztepe,Konyaspor,14109633,,20756.0,Gursel Aksel Stadium
2025,Kasımpaşa,Gaziantep FK,14109628,,14234.0,Recep Tayyip Erdogan Stadium
2025,Kocaelispor,Kayserispor,14109636,,34829.0,Turka Araç Muayene Kocaeli Stadyumu
2025,Antalyaspor,Fatih Karagümrük,14109629,,32537.0,Antalya Stadium
2025,Galatasaray,Çaykur Rizespor,14109634,,53978.0,Rams Park Stadyumu
2025,İstanbul Başakşehir,Eyüpspor,14109632,,17156.0,Basaksehir Fatih Terim Stadium
2025,Gençlerbirliği,Fenerbahçe,14109635,,20560.0,Eryaman Stadyumu
2025,Alanyaspor,Beşiktaş,14109631,,10128.0,Bahcesehir Okullari Stadium
2025,Trabzonspor,Samsunspor,14109630,,41000.0,Papara Park
2025,Eyüpspor,Galatasaray,14109637,,2500.0,Eyüp Stadium
2025,Fatih Karagümrük,Kasımpaşa,14109641,,6500.0,Vefa Stadium
2025,Samsunspor,Antalyaspor,14109640,,33919.0,Samsun Yeni 19 Mayıs Stadyumu
2025,Beşiktaş,İstanbul Başakşehir,14109639,,42684.0,Tüpraş Stadyumu
2025,Konyaspor,Alanyaspor,14109638,,42000.0,Medas Konya Büyüksehir Belediyesi Stadium
2025,Kayserispor,Göztepe,14109645,,32864.0,Kadir Has Stadium
2025,Fenerbahçe,Trabzonspor,14109643,,50530.0,Chobani Stadium
2025,Gaziantep FK,Kocaelispor,14109642,,33502.0,Gaziantep Stadium
2025,Çaykur Rizespor,Gençlerbirliği,14109644,,15558.0,Çaykur Didi Stadyumu
2025,Göztepe,Beşiktaş,14109652,,20756.0,Gursel Aksel Stadium
2025,Gençlerbirliği,Eyüpspor,14109654,,20560.0,Eryaman Stadyumu
2025,Antalyaspor,Kayserispor,14109647,,32537.0,Antalya Stadium
2025,Trabzonspor,Gaziantep FK,14109648,,41000.0,Papara Park
2025,İstanbul Başakşehir,Alanyaspor,14109651,,17156.0,Basaksehir Fatih Terim Stadium
2025,Kocaelispor,Çaykur Rizespor,14109655,,34829.0,Turka Araç Muayene Kocaeli Stadyumu
2025,Kasımpaşa,Fenerbahçe,14109646,,14234.0,Recep Tayyip Erdogan Stadium
2025,Samsunspor,Fatih Karagümrük,14109650,,33919.0,Samsun Yeni 19 Mayıs Stadyumu
2025,Galatasaray,Konyaspor,14109653,,53978.0,Rams Park Stadyumu
2025,Alanyaspor,Galatasaray,14109659,,10128.0,Bahcesehir Okullari Stadium
2025,Eyüpspor,Göztepe,14109656,,2500.0,Eyüp Stadium
2025,Gaziantep FK,Samsunspor,14109661,,33502.0,Gaziantep Stadium
2025,Fatih Karagümrük,Trabzonspor,14109660,,6500.0,Vefa Stadium
2025,Konyaspor,İstanbul Başakşehir,14109657,,42000.0,Medas Konya Büyüksehir Belediyesi Stadium
2025,Çaykur Rizespor,Kasımpaşa,14109663,,15558.0,Çaykur Didi Stadyumu
2025,Fenerbahçe,Antalyaspor,14109662,,50530.0,Chobani Stadium
2025,Kayserispor,Gençlerbirliği,14109664,,32864.0,Kadir Has Stadium
2025,Beşiktaş,Kocaelispor,14109658,,42684.0,Tüpraş Stadyumu
2025,Antalyaspor,Çaykur Rizespor,14109666,,32537.0,Antalya Stadium
2025,Trabzonspor,Kayserispor,14109667,,41000.0,Papara Park
2025,Gençlerbirliği,Alanyaspor,14109672,,20560.0,Eryaman Stadyumu
2025,Kocaelispor,Eyüpspor,14109673,,34829.0,Turka Araç Muayene Kocaeli Stadyumu
2025,Galatasaray,Beşiktaş,14109671,,53978.0,Rams Park Stadyumu
2025,Kasımpaşa,Konyaspor,14109665,,14234.0,Recep Tayyip Erdogan Stadium
2025,Fatih Karagümrük,Gaziantep FK,14109669,,6500.0,Vefa Stadium
2025,Göztepe,İstanbul Başakşehir,14109670,,20756.0,Gursel Aksel Stadium
2025,Samsunspor,Fenerbahçe,14109668,,33919.0,Samsun Yeni 19 Mayıs Stadyumu
2025,Konyaspor,Kocaelispor,14109676,,42000.0,Medas Konya Büyüksehir Belediyesi Stadium
2025,Beşiktaş,Gençlerbirliği,14109677,,42684.0,Tüpraş Stadyumu
2025,Çaykur Rizespor,Trabzonspor,14109682,,15558.0,Çaykur Didi Stadyumu
2025,İstanbul Başakşehir,Galatasaray,14109679,,17156.0,Basaksehir Fatih Terim Stadium
2025,Kayserispor,Samsunspor,14109683,,32864.0,Kadir Has Stadium
2025,Alanyaspor,Göztepe,14109678,,10128.0,Bahcesehir Okullari Stadium
2025,Gaziantep FK,Antalyaspor,14109680,,33502.0,Gaziantep Stadium
2025,Fenerbahçe,Fatih Karagümrük,14109681,,50530.0,Chobani Stadium
2025,Eyüpspor,Kasımpaşa,14109675,,2500.0,Eyüp Stadium
2025,Fatih Karagümrük,Kayserispor,14109688,,6500.0,Vefa Stadium
2025,Kocaelispor,Alanyaspor,14109693,,34829.0,Turka Araç Muayene Kocaeli Stadyumu
2025,Trabzonspor,Eyüpspor,14109686,,41000.0,Papara Park
2025,Antalyaspor,İstanbul Başakşehir,14109685,,32537.0,Antalya Stadium
2025,Galatasaray,Göztepe,14109691,,53978.0,Rams Park Stadyumu
2025,Gençlerbirliği,Konyaspor,14109692,,20560.0,Eryaman Stadyumu
2025,Kasımpaşa,Beşiktaş,14109684,,14234.0,Recep Tayyip Erdogan Stadium
2025,Gaziantep FK,Fenerbahçe,14109690,,33502.0,Gaziantep Stadium
2025,Samsunspor,Çaykur Rizespor,14109687,,33919.0,Samsun Yeni 19 Mayıs Stadyumu
2025,İstanbul Başakşehir,Kocaelispor,14109698,,17156.0,Basaksehir Fatih Terim Stadium
2025,Göztepe,Gençlerbirliği,14109699,,20756.0,Gursel Aksel Stadium
2025,Galatasaray,Trabzonspor,14109700,,53978.0,Rams Park Stadyumu
2025,Konyaspor,Samsunspor,14109695,,42000.0,Medas Konya Büyüksehir Belediyesi Stadium
2025,Kayserispor,Kasımpaşa,14109702,,32864.0,Kadir Has Stadium
2025,Beşiktaş,Fenerbahçe,14109696,,42684.0,Tüpraş Stadyumu
2025,Alanyaspor,Gaziantep FK,14109697,,10128.0,Bahcesehir Okullari Stadium
2025,Eyüpspor,Antalyaspor,14109694,,2500.0,Eyüp Stadium
2025,Çaykur Rizespor,Fatih Karagümrük,14109701,,15558.0,Çaykur Didi Stadyumu
2025,Gençlerbirliği,İstanbul Başakşehir,14109711,,20560.0,Eryaman Stadyumu
2025,Gaziantep FK,Çaykur Rizespor,14109708,,33502.0,Gaziantep Stadium
2025,Trabzonspor,Alanyaspor,14109705,,41000.0,Papara Park
2025,Antalyaspor,Beşiktaş,14109704,,32537.0,Antalya Stadium
2025,Kasımpaşa,Göztepe,14109703,,14234.0,Recep Tayyip Erdogan Stadium
2025,Fatih Karagümrük,Konyaspor,14109707,,6500.0,Vefa Stadium
2025,Kocaelispor,Galatasaray,14109712,,34829.0,Turka Araç Muayene Kocaeli Stadyumu
2025,Fenerbahçe,Kayserispor,14109710,,50530.0,Chobani Stadium
2025,Samsunspor,Eyüpspor,14109706,,33919.0,Samsun Yeni 19 Mayıs Stadyumu
2025,Kayserispor,Gaziantep FK,14109722,,32864.0,Kadir Has Stadium
2025,Eyüpspor,Fatih Karagümrük,14109714,,2500.0,Eyüp Stadium
2025,Galatasaray,Gençlerbirliği,14109720,,53978.0,Rams Park Stadyumu
2025,Göztepe,Kocaelispor,14109719,,20756.0,Gursel Aksel Stadium
2025,Alanyaspor,Kasımpaşa,14109717,,10128.0,Bahcesehir Okullari Stadium
2025,Beşiktaş,Samsunspor,14109716,,42684.0,Tüpraş Stadyumu
2025,Çaykur Rizespor,Fenerbahçe,14109721,,15558.0,Çaykur Didi Stadyumu
2025,İstanbul Başakşehir,Trabzonspor,14109718,,17156.0,Basaksehir Fatih Terim Stadium
2025,Konyaspor,Antalyaspor,14109715,,42000.0,Medas Konya Büyüksehir Belediyesi Stadium
2025,Kocaelispor,Gençlerbirliği,14109732,,34829.0,Turka Araç Muayene Kocaeli Stadyumu
2025,Çaykur Rizespor,Kayserispor,14109731,,15558.0,Çaykur Didi Stadyumu
2025,Gaziantep FK,Eyüpspor,14109729,,33502.0,Gaziantep Stadium
2025,Kasımpaşa,İstanbul Başakşehir,14109723,,14234.0,Recep Tayyip Erdogan Stadium
2025,Trabzonspor,Konyaspor,14109725,,41000.0,Papara Park
2025,Antalyaspor,Göztepe,14109724,,32537.0,Antalya Stadium
2025,Fatih Karagümrük,Beşiktaş,14109728,,6500.0,Vefa Stadium
2025,Fenerbahçe,Galatasaray,14109730,,50530.0,Chobani Stadium
2025,Samsunspor,Alanyaspor,14109726,,33919.0,Samsun Yeni 19 Mayıs Stadyumu
2025,Galatasaray,Samsunspor,14109749,,53978.0,Rams Park Stadyumu
2025,Eyüpspor,Kayserispor,14109742,,2500.0,Eyüp Stadium
2025,Konyaspor,Çaykur Rizespor,14109743,,42000.0,Medas Konya Büyüksehir Belediyesi Stadium
2025,İstanbul Başakşehir,Fenerbahçe,14109747,,17156.0,Basaksehir Fatih Terim Stadium
2025,Gençlerbirliği,Fatih Karagümrük,14109750,,20560.0,Eryaman Stadyumu
2025,Kocaelispor,Kasımpaşa,14109751,,34829.0,Turka Araç Muayene Kocaeli Stadyumu
2025,Göztepe,Trabzonspor,14109748,,20756.0,Gursel Aksel Stadium
2025,Alanyaspor,Antalyaspor,14109746,,10128.0,Bahcesehir Okullari Stadium
2025,Beşiktaş,Gaziantep FK,14109744,,42684.0,Tüpraş Stadyumu
2025,Kasımpaşa,Gençlerbirliği,14109733,,14234.0,Recep Tayyip Erdogan Stadium
2025,Çaykur Rizespor,Eyüpspor,14109740,,15558.0,Çaykur Didi Stadyumu
2025,Kayserispor,Alanyaspor,14109741,,32864.0,Kadir Has Stadium
2025,Antalyaspor,Galatasaray,14109734,,32537.0,Antalya Stadium
2025,Gaziantep FK,Göztepe,14109738,,33502.0,Gaziantep Stadium
2025,Fatih Karagümrük,Kocaelispor,14109737,,6500.0,Vefa Stadium
2025,Samsunspor,İstanbul Başakşehir,14109736,,33919.0,Samsun Yeni 19 Mayıs Stadyumu
2025,Trabzonspor,Beşiktaş,14109735,,41000.0,Papara Park
2025,Fenerbahçe,Konyaspor,14109739,,50530.0,Chobani Stadium
2025,Kocaelispor,Antalyaspor,14109760,,34829.0,Turka Araç Muayene Kocaeli Stadyumu
2025,Konyaspor,Kayserispor,14109753,,42000.0,Medas Konya Büyüksehir Belediyesi Stadium
2025,Eyüpspor,Fenerbahçe,14109752,,2500.0,Eyüp Stadium
2025,Beşiktaş,Çaykur Rizespor,14109754,,42684.0,Tüpraş Stadyumu
2025,Alanyaspor,Fatih Karagümrük,14109755,,10128.0,Bahcesehir Okullari Stadium
2025,Galatasaray,Kasımpaşa,14109758,,53978.0,Rams Park Stadyumu
2025,Göztepe,Samsunspor,14109757,,20756.0,Gursel Aksel Stadium
2025,İstanbul Başakşehir,Gaziantep FK,14109756,,17156.0,Basaksehir Fatih Terim Stadium
2025,Gençlerbirliği,Trabzonspor,14109759,,20560.0,Eryaman Stadyumu
2025,İstanbul Başakşehir,Fatih Karagümrük,14109766,,17156.0,Basaksehir Fatih Terim Stadium
2025,Galatasaray,Gaziantep FK,14109767,,53978.0,Rams Park Stadyumu
2025,Kasımpaşa,Antalyaspor,14109762,,14234.0,Recep Tayyip Erdogan Stadium
2025,Gençlerbirliği,Samsunspor,14109765,,20560.0,Eryaman Stadyumu
2025,Kocaelispor,Trabzonspor,14109764,,34829.0,Turka Araç Muayene Kocaeli Stadyumu
2025,Alanyaspor,Fenerbahçe,14109768,,10128.0,Bahcesehir Okullari Stadium
2025,Konyaspor,Eyüpspor,14109761,,42000.0,Medas Konya Büyüksehir Belediyesi Stadium
2025,Beşiktaş,Kayserispor,14109770,,42684.0,Tüpraş Stadyumu
2025,Göztepe,Çaykur Rizespor,14109769,,20756.0,Gursel Aksel Stadium
2025,Trabzonspor,Kasımpaşa,14109772,,41000.0,Papara Park
2025,Kayserispor,İstanbul Başakşehir,14109775,,32864.0,Kadir Has Stadium
2025,Samsunspor,Kocaelispor,14109780,,33919.0,Samsun Yeni 19 Mayıs Stadyumu
2025,Fatih Karagümrük,Galatasaray,14109777,,6500.0,Vefa Stadium
2025,Gaziantep FK,Konyaspor,14109773,,33502.0,Gaziantep Stadium
2025,Antalyaspor,Gençlerbirliği,14109778,,32537.0,Antalya Stadium
2025,Çaykur Rizespor,Alanyaspor,14109774,,15558.0,Çaykur Didi Stadyumu
2025,Fenerbahçe,Göztepe,14109776,,50530.0,Chobani Stadium
2025,Eyüpspor,Beşiktaş,14109771,,2500.0,Eyüp Stadium
2025,Antalyaspor,Trabzonspor,14109783,,32537.0,Antalya Stadium
2025,Kasımpaşa,Samsunspor,14109784,,14234.0,Recep Tayyip Erdogan Stadium
2025,Alanyaspor,Eyüpspor,14109781,,10128.0,Bahcesehir Okullari Stadium
2025,İstanbul Başakşehir,Çaykur Rizespor,14109788,,17156.0,Basaksehir Fatih Terim Stadium
2025,Beşiktaş,Konyaspor,14109782,,42684.0,Tüpraş Stadyumu
2025,Göztepe,Fatih Karagümrük,14109785,,20756.0,Gursel Aksel Stadium
2025,Gençlerbirliği,Gaziantep FK,14109786,,20560.0,Eryaman Stadyumu
2025,Galatasaray,Kayserispor,14109789,,53978.0,Rams Park Stadyumu
2025,Kocaelispor,Fenerbahçe,14109787,,34829.0,Turka Araç Muayene Kocaeli Stadyumu
2025,Fatih Karagümrük,Antalyaspor,14109792,,6500.0,Vefa Stadium
2025,Samsunspor,Trabzonspor,14109793,,33919.0,Samsun Yeni 19 Mayıs Stadyumu
2025,Eyüpspor,İstanbul Başakşehir,14109790,,2500.0,Eyüp Stadium
2025,Konyaspor,Göztepe,14109795,,42000.0,Medas Konya Büyüksehir Belediyesi Stadium
2025,Çaykur Rizespor,Galatasaray,14109796,,15558.0,Çaykur Didi Stadyumu
2025,Beşiktaş,Alanyaspor,14109794,,42684.0,Tüpraş Stadyumu
2025,Kayserispor,Kocaelispor,14109799,,32864.0,Kadir Has Stadium
2025,Fenerbahçe,Gençlerbirliği,14109797,,50530.0,Chobani Stadium
2025,Gaziantep FK,Kasımpaşa,14109791,,33502.0,Gaziantep Stadium
2025,Antalyaspor,Samsunspor,14109804,,32537.0,Antalya Stadium
2025,Galatasaray,Eyüpspor,14109800,,53978.0,Rams Park Stadyumu
2025,Gençlerbirliği,Çaykur Rizespor,14109808,,20560.0,Eryaman Stadyumu
2025,Alanyaspor,Konyaspor,14109801,,10128.0,Bahcesehir Okullari Stadium
2025,Trabzonspor,Fenerbahçe,14109807,,41000.0,Papara Park
2025,Kocaelispor,Gaziantep FK,14109806,,34829.0,Turka Araç Muayene Kocaeli Stadyumu
2025,Göztepe,Kayserispor,14109809,,20756.0,Gursel Aksel Stadium
2025,İstanbul Başakşehir,Beşiktaş,14109803,,17156.0,Basaksehir Fatih Terim Stadium
2025,Kasımpaşa,Fatih Karagümrük,14109805,,14234.0,Recep Tayyip Erdogan Stadium
2025,Çaykur Rizespor,Kocaelispor,14109819,,15558.0,Çaykur Didi Stadyumu
2025,Eyüpspor,Gençlerbirliği,14109810,,14234.0,Recep Tayyip Erdogan Stadium
2025,Alanyaspor,İstanbul Başakşehir,14109816,,10128.0,Bahcesehir Okullari Stadium
2025,Konyaspor,Galatasaray,14109818,,42000.0,Medas Konya Büyüksehir Belediyesi Stadium
2025,Kayserispor,Antalyaspor,14109812,,32864.0,Kadir Has Stadium
2025,Gaziantep FK,Trabzonspor,14109814,,33502.0,Gaziantep Stadium
2025,Beşiktaş,Göztepe,14109817,,42684.0,Tüpraş Stadyumu
2025,Fatih Karagümrük,Samsunspor,14109815,,77563.0,Atatürk Olympic Stadium
2025,Fenerbahçe,Kasımpaşa,14109811,,50530.0,Chobani Stadium
2025,İstanbul Başakşehir,Konyaspor,14109821,,17156.0,Basaksehir Fatih Terim Stadium
2025,Trabzonspor,Fatih Karagümrük,14109824,,41000.0,Papara Park
2025,Kasımpaşa,Çaykur Rizespor,14109827,,14234.0,Recep Tayyip Erdogan Stadium
2025,Kocaelispor,Beşiktaş,14109822,,34829.0,Turka Araç Muayene Kocaeli Stadyumu
2025,Galatasaray,Alanyaspor,14109823,,53978.0,Rams Park Stadyumu
2025,Göztepe,Eyüpspor,14109820,,20756.0,Gursel Aksel Stadium
2025,Gençlerbirliği,Kayserispor,14109828,,20560.0,Eryaman Stadyumu
2025,Antalyaspor,Fenerbahçe,14109826,,32537.0,Antalya Stadium
2025,Samsunspor,Gaziantep FK,14109825,,33919.0,Samsun Yeni 19 Mayıs Stadyumu
2025,İstanbul Başakşehir,Göztepe,14109837,,17156.0,Basaksehir Fatih Terim Stadium
2025,Beşiktaş,Galatasaray,14109838,,42684.0,Tüpraş Stadyumu
2025,Gaziantep FK,Fatih Karagümrük,14109836,,33502.0,Gaziantep Stadium
2025,Çaykur Rizespor,Antalyaspor,14109832,,15558.0,Çaykur Didi Stadyumu
2025,Konyaspor,Kasımpaşa,14109830,,42000.0,Medas Konya Büyüksehir Belediyesi Stadium
2025,Fenerbahçe,Samsunspor,14109834,,50530.0,Chobani Stadium
2025,Eyüpspor,Kocaelispor,14109829,,14234.0,Recep Tayyip Erdogan Stadium
2025,Alanyaspor,Gençlerbirliği,14109839,,10128.0,Bahcesehir Okullari Stadium
2025,Kayserispor,Trabzonspor,14109833,,32864.0,Kadir Has Stadium
2025,Antalyaspor,Gaziantep FK,14109845,,32537.0,Antalya Stadium
2025,Fatih Karagümrük,Fenerbahçe,14109846,,77563.0,Atatürk Olympic Stadium
2025,Kocaelispor,Konyaspor,14109841,,34829.0,Turka Araç Muayene Kocaeli Stadyumu
2025,Galatasaray,İstanbul Başakşehir,14109844,,53978.0,Rams Park Stadyumu
2025,Göztepe,Alanyaspor,14109843,,20756.0,Gursel Aksel Stadium
2025,Trabzonspor,Çaykur Rizespor,14109847,,41000.0,Papara Park
2025,Kasımpaşa,Eyüpspor,14109840,,14234.0,Recep Tayyip Erdogan Stadium
2025,Gençlerbirliği,Beşiktaş,14109842,,20560.0,Eryaman Stadyumu
2025,Samsunspor,Kayserispor,14109849,,33919.0,Samsun Yeni 19 Mayıs Stadyumu
2025,Fenerbahçe,Gaziantep FK,14109856,,50530.0,Chobani Stadium
2025,Alanyaspor,Kocaelispor,14109859,,10128.0,Bahcesehir Okullari Stadium
2025,İstanbul Başakşehir,Antalyaspor,14109853,,17156.0,Basaksehir Fatih Terim Stadium
2025,Eyüpspor,Trabzonspor,14109851,,14234.0,Recep Tayyip Erdogan Stadium
2025,Kayserispor,Fatih Karagümrük,14109855,,32864.0,Kadir Has Stadium
2025,Beşiktaş,Kasımpaşa,14109852,,42684.0,Tüpraş Stadyumu
2025,Konyaspor,Gençlerbirliği,14109858,,42000.0,Medas Konya Büyüksehir Belediyesi Stadium
2025,Göztepe,Galatasaray,15853049,,20756.0,Gursel Aksel Stadium
2025,Çaykur Rizespor,Samsunspor,15853048,,15558.0,Çaykur Didi Stadyumu
2025,Gençlerbirliği,Göztepe,14109865,,20560.0,Eryaman Stadyumu
2025,Kasımpaşa,Kayserispor,14109869,,14234.0,Recep Tayyip Erdogan Stadium
2025,Gaziantep FK,Alanyaspor,14109863,,33502.0,Gaziantep Stadium
2025,Trabzonspor,Galatasaray,14109867,,41000.0,Papara Park
2025,Fatih Karagümrük,Çaykur Rizespor,14109868,,77563.0,Atatürk Olympic Stadium
2025,Samsunspor,Konyaspor,14109861,,33919.0,Samsun Yeni 19 Mayıs Stadyumu
2025,Antalyaspor,Eyüpspor,14109860,,32537.0,Antalya Stadium
2025,Fenerbahçe,Beşiktaş,14109862,,50530.0,Chobani Stadium
2025,Kocaelispor,İstanbul Başakşehir,14109864,,34829.0,Turka Araç Muayene Kocaeli Stadyumu
2025,Beşiktaş,Antalyaspor,14109872,,42684.0,Tüpraş Stadyumu
2025,İstanbul Başakşehir,Gençlerbirliği,14109877,,17156.0,Basaksehir Fatih Terim Stadium
2025,Alanyaspor,Trabzonspor,14109873,,10128.0,Bahcesehir Okullari Stadium
2025,Kayserispor,Fenerbahçe,14109876,,32864.0,Kadir Has Stadium
2025,Konyaspor,Fatih Karagümrük,14109874,,42000.0,Medas Konya Büyüksehir Belediyesi Stadium
2025,Göztepe,Kasımpaşa,14109871,,20756.0,Gursel Aksel Stadium
2025,Galatasaray,Kocaelispor,14109879,,53978.0,Rams Park Stadyumu
2025,Eyüpspor,Samsunspor,14109870,,14234.0,Recep Tayyip Erdogan Stadium
2025,Çaykur Rizespor,Gaziantep FK,14109875,,15558.0,Çaykur Didi Stadyumu
2025,Antalyaspor,Konyaspor,14109881,,32537.0,Antalya Stadium
2025,Fenerbahçe,Çaykur Rizespor,14109888,,50530.0,Chobani Stadium
2025,Fatih Karagümrük,Eyüpspor,14109880,,77563.0,Atatürk Olympic Stadium
2025,Kocaelispor,Göztepe,14109886,,34829.0,Turka Araç Muayene Kocaeli Stadyumu
2025,Gençlerbirliği,Galatasaray,14109887,,20560.0,Eryaman Stadyumu
2025,Kasımpaşa,Alanyaspor,14109883,,14234.0,Recep Tayyip Erdogan Stadium
2025,Samsunspor,Beşiktaş,14109882,,33919.0,Samsun Yeni 19 Mayıs Stadyumu
2025,Trabzonspor,İstanbul Başakşehir,14109884,,41000.0,Papara Park
2025,Gaziantep FK,Kayserispor,14109889,,33502.0,Gaziantep Stadium
2025,İstanbul Başakşehir,Kasımpaşa,14109891,,17156.0,Basaksehir Fatih Terim Stadium
2025,Eyüpspor,Gaziantep FK,14109890,,14234.0,Recep Tayyip Erdogan Stadium
2025,Kayserispor,Çaykur Rizespor,14109898,,32864.0,Kadir Has Stadium
2025,Göztepe,Antalyaspor,14109892,,20756.0,Gursel Aksel Stadium
2025,Gençlerbirliği,Kocaelispor,14109899,,20560.0,Eryaman Stadyumu
2025,Galatasaray,Fenerbahçe,14109897,,53978.0,Rams Park Stadyumu
2025,Alanyaspor,Samsunspor,14109894,,10128.0,Bahcesehir Okullari Stadium
2025,Beşiktaş,Fatih Karagümrük,14109896,,42684.0,Tüpraş Stadyumu
2025,Konyaspor,Trabzonspor,14109893,,42000.0,Medas Konya Büyüksehir Belediyesi Stadium
2025,Çaykur Rizespor,Konyaspor,14109901,,15558.0,Çaykur Didi Stadyumu
2025,Gaziantep FK,Beşiktaş,14109902,,33502.0,Gaziantep Stadium
2025,Fenerbahçe,İstanbul Başakşehir,14109904,,50530.0,Chobani Stadium
2025,Samsunspor,Galatasaray,14109906,,33919.0,Samsun Yeni 19 Mayıs Stadyumu
2025,Trabzonspor,Göztepe,14109905,,41000.0,Papara Park
2025,Antalyaspor,Alanyaspor,14109903,,32537.0,Antalya Stadium
2025,Fatih Karagümrük,Gençlerbirliği,14109907,,77563.0,Atatürk Olympic Stadium
2025,Kasımpaşa,Kocaelispor,14109908,,14234.0,Recep Tayyip Erdogan Stadium
2025,Kayserispor,Eyüpspor,14109900,,32864.0,Kadir Has Stadium
2025,Alanyaspor,Kayserispor,14109917,,10128.0,Bahcesehir Okullari Stadium
2025,İstanbul Başakşehir,Samsunspor,14109913,,17156.0,Basaksehir Fatih Terim Stadium
2025,Beşiktaş,Trabzonspor,14109912,,42684.0,Tüpraş Stadyumu
2025,Eyüpspor,Çaykur Rizespor,14109909,,2500.0,Eyüp Stadium
2025,Galatasaray,Antalyaspor,14109911,,53978.0,Rams Park Stadyumu
2025,Gençlerbirliği,Kasımpaşa,14109910,,20560.0,Eryaman Stadyumu
2025,Göztepe,Gaziantep FK,14109915,,20756.0,Gursel Aksel Stadium
2025,Kocaelispor,Fatih Karagümrük,14109914,,34829.0,Turka Araç Muayene Kocaeli Stadyumu
2025,Konyaspor,Fenerbahçe,14109916,,42000.0,Medas Konya Büyüksehir Belediyesi Stadium
2025,Çaykur Rizespor,Beşiktaş,14109920,,15558.0,Çaykur Didi Stadyumu
2025,Fatih Karagümrük,Alanyaspor,14109921,,77563.0,Atatürk Olympic Stadium
2025,Gaziantep FK,İstanbul Başakşehir,14109922,,33502.0,Gaziantep Stadium
2025,Samsunspor,Göztepe,14109923,,33919.0,Samsun Yeni 19 Mayıs Stadyumu
2025,Kayserispor,Konyaspor,14109919,,32864.0,Kadir Has Stadium
2025,Antalyaspor,Kocaelispor,14109926,,32537.0,Antalya Stadium
2025,Fenerbahçe,Eyüpspor,14109918,,50530.0,Chobani Stadium
2025,Kasımpaşa,Galatasaray,14109924,,14234.0,Recep Tayyip Erdogan Stadium
2025,Trabzonspor,Gençlerbirliği,14109925,,41000.0,Papara Park
2024,Galatasaray,Hatayspor,12528189,,53978.0,Rams Park Stadyumu
2024,Kasımpaşa,Konyaspor,12528188,,14234.0,Recep Tayyip Erdogan Stadium
2024,Antalyaspor,Göztepe,12528191,,32537.0,Antalya Stadium
2024,Fenerbahçe,Adana Demirspor,12528186,,50530.0,Chobani Stadium
2024,Sivasspor,Trabzonspor,12528185,,27532.0,Yeni Sivas 4 Eylül Stadyumu
2024,Alanyaspor,Eyüpspor,12528190,,10128.0,Bahcesehir Okullari Stadium
2024,Samsunspor,Beşiktaş,12528192,,33919.0,Samsun Yeni 19 Mayıs Stadyumu
2024,Bodrum FK,Gaziantep FK,12528193,,5000.0,Bodrum Ilce Stadi
2024,Çaykur Rizespor,İstanbul Başakşehir,12528187,,15558.0,Çaykur Didi Stadyumu
2024,Konyaspor,Galatasaray,12528199,,42000.0,Medas Konya Büyüksehir Belediyesi Stadium
2024,Kayserispor,Sivasspor,12528196,,32864.0,Kadir Has Stadium
2024,Adana Demirspor,Çaykur Rizespor,12528194,,33543.0,New Adana Stadium
2024,Göztepe,Fenerbahçe,12528201,,20756.0,Gursel Aksel Stadium
2024,İstanbul Başakşehir,Alanyaspor,12528202,,17156.0,Basaksehir Fatih Terim Stadium
2024,Beşiktaş,Antalyaspor,12528198,,42684.0,Tüpraş Stadyumu
2024,Gaziantep FK,Samsunspor,12528200,,33502.0,Gaziantep Stadium
2024,Eyüpspor,Bodrum FK,12528197,,2500.0,Eyüp Stadium
2024,Hatayspor,Kasımpaşa,12528195,,25534.0,Mersin Stadyumu
2024,Alanyaspor,Göztepe,12528208,,10128.0,Bahcesehir Okullari Stadium
2024,Sivasspor,Eyüpspor,12528203,,27532.0,Yeni Sivas 4 Eylül Stadyumu
2024,Bodrum FK,Konyaspor,12528211,,5000.0,Bodrum Ilce Stadi
2024,Kasımpaşa,Adana Demirspor,12528206,,14234.0,Recep Tayyip Erdogan Stadium
2024,Antalyaspor,Hatayspor,12528209,,32537.0,Antalya Stadium
2024,Çaykur Rizespor,Fenerbahçe,12528205,,15558.0,Çaykur Didi Stadyumu
2024,Galatasaray,Gaziantep FK,12725034,,53978.0,Rams Park Stadyumu
2024,Samsunspor,İstanbul Başakşehir,12725853,,33919.0,Samsun Yeni 19 Mayıs Stadyumu
2024,Trabzonspor,Kayserispor,12745313,,41000.0,Papara Park
2024,Fenerbahçe,Alanyaspor,12528213,,50530.0,Chobani Stadium
2024,Konyaspor,Kayserispor,12528217,,42000.0,Medas Konya Büyüksehir Belediyesi Stadium
2024,Çaykur Rizespor,Kasımpaşa,12528214,,15558.0,Çaykur Didi Stadyumu
2024,Adana Demirspor,Galatasaray,12528212,,33543.0,New Adana Stadium
2024,Göztepe,Bodrum FK,12528219,,20756.0,Gursel Aksel Stadium
2024,İstanbul Başakşehir,Antalyaspor,12528220,,17156.0,Basaksehir Fatih Terim Stadium
2024,Eyüpspor,Trabzonspor,12528215,,2500.0,Eyüp Stadium
2024,Beşiktaş,Sivasspor,12528216,,42684.0,Tüpraş Stadyumu
2024,Hatayspor,Samsunspor,12528218,,25534.0,Mersin Stadyumu
2024,Samsunspor,Konyaspor,12528244,,33919.0,Samsun Yeni 19 Mayıs Stadyumu
2024,Sivasspor,Gaziantep FK,12528221,,27532.0,Yeni Sivas 4 Eylül Stadyumu
2024,Bodrum FK,İstanbul Başakşehir,12528245,,5000.0,Bodrum Ilce Stadi
2024,Galatasaray,Çaykur Rizespor,12528241,,53978.0,Rams Park Stadyumu
2024,Kasımpaşa,Fenerbahçe,12528240,,14234.0,Recep Tayyip Erdogan Stadium
2024,Kayserispor,Eyüpspor,12528239,,32864.0,Kadir Has Stadium
2024,Alanyaspor,Hatayspor,12528242,,10128.0,Bahcesehir Okullari Stadium
2024,Trabzonspor,Beşiktaş,12528222,,41000.0,Papara Park
2024,Antalyaspor,Adana Demirspor,12528243,,32537.0,Antalya Stadium
2024,Hatayspor,Bodrum FK,12528254,,25534.0,Mersin Stadyumu
2024,Konyaspor,Sivasspor,12528251,,42000.0,Medas Konya Büyüksehir Belediyesi Stadium
2024,Fenerbahçe,Galatasaray,12528247,,50530.0,Chobani Stadium
2024,Kasımpaşa,Antalyaspor,12528249,,14234.0,Recep Tayyip Erdogan Stadium
2024,Çaykur Rizespor,Samsunspor,12528248,,15558.0,Çaykur Didi Stadyumu
2024,Adana Demirspor,Alanyaspor,12528246,,33543.0,New Adana Stadium
2024,Beşiktaş,Eyüpspor,12528250,,42684.0,Tüpraş Stadyumu
2024,Gaziantep FK,Trabzonspor,12528252,,33502.0,Gaziantep Stadium
2024,Göztepe,Kayserispor,12528253,,20756.0,Gursel Aksel Stadium
2024,Sivasspor,İstanbul Başakşehir,12528255,,27532.0,Yeni Sivas 4 Eylül Stadyumu
2024,Samsunspor,Göztepe,12528262,,33919.0,Samsun Yeni 19 Mayıs Stadyumu
2024,Alanyaspor,Çaykur Rizespor,12528260,,10128.0,Bahcesehir Okullari Stadium
2024,Galatasaray,Kasımpaşa,12528259,,53978.0,Rams Park Stadyumu
2024,Eyüpspor,Gaziantep FK,12528258,,2500.0,Eyüp Stadium
2024,Trabzonspor,Konyaspor,12528256,,41000.0,Papara Park
2024,Antalyaspor,Fenerbahçe,12528261,,32537.0,Antalya Stadium
2024,Bodrum FK,Adana Demirspor,12528263,,5000.0,Bodrum Ilce Stadi
2024,Kayserispor,Beşiktaş,12528257,,32864.0,Kadir Has Stadium
2024,Çaykur Rizespor,Antalyaspor,12528266,,15558.0,Çaykur Didi Stadyumu
2024,Kasımpaşa,Bodrum FK,12528267,,14234.0,Recep Tayyip Erdogan Stadium
2024,Göztepe,Sivasspor,12528271,,20756.0,Gursel Aksel Stadium
2024,İstanbul Başakşehir,Kayserispor,12528272,,17156.0,Basaksehir Fatih Terim Stadium
2024,Hatayspor,Trabzonspor,12528265,,25534.0,Mersin Stadyumu
2024,Konyaspor,Eyüpspor,12528269,,42000.0,Medas Konya Büyüksehir Belediyesi Stadium
2024,Adana Demirspor,Samsunspor,12528264,,33543.0,New Adana Stadium
2024,Galatasaray,Alanyaspor,12528268,,53978.0,Rams Park Stadyumu
2024,Gaziantep FK,Beşiktaş,12528270,,33502.0,Gaziantep Stadium
2024,Kayserispor,Gaziantep FK,12528275,,32864.0,Kadir Has Stadium
2024,Trabzonspor,İstanbul Başakşehir,12528274,,41000.0,Papara Park
2024,Antalyaspor,Galatasaray,12530886,,32537.0,Antalya Stadium
2024,Eyüpspor,Göztepe,12528276,,2500.0,Eyüp Stadium
2024,Sivasspor,Hatayspor,12528273,,27532.0,Yeni Sivas 4 Eylül Stadyumu
2024,Beşiktaş,Konyaspor,12530887,,42684.0,Tüpraş Stadyumu
2024,Alanyaspor,Kasımpaşa,12530888,,10128.0,Bahcesehir Okullari Stadium
2024,Samsunspor,Fenerbahçe,12530884,,33919.0,Samsun Yeni 19 Mayıs Stadyumu
2024,Bodrum FK,Çaykur Rizespor,12530885,,5000.0,Bodrum Ilce Stadi
2024,Adana Demirspor,Sivasspor,12530877,,33543.0,New Adana Stadium
2024,Hatayspor,Kayserispor,12530883,,25534.0,Mersin Stadyumu
2024,Kasımpaşa,Samsunspor,12530881,,14234.0,Recep Tayyip Erdogan Stadium
2024,Göztepe,Trabzonspor,12530876,,20756.0,Gursel Aksel Stadium
2024,Gaziantep FK,Konyaspor,12530879,,33502.0,Gaziantep Stadium
2024,Alanyaspor,Antalyaspor,12530882,,10128.0,Bahcesehir Okullari Stadium
2024,Fenerbahçe,Bodrum FK,12530878,,50530.0,Chobani Stadium
2024,İstanbul Başakşehir,Eyüpspor,12530874,,17156.0,Basaksehir Fatih Terim Stadium
2024,Galatasaray,Beşiktaş,12530880,,53978.0,Rams Park Stadyumu
2024,Gaziantep FK,Göztepe,12530867,,33502.0,Gaziantep Stadium
2024,Sivasspor,Çaykur Rizespor,12530875,,27532.0,Yeni Sivas 4 Eylül Stadyumu
2024,Kayserispor,Adana Demirspor,12530872,,32864.0,Kadir Has Stadium
2024,Beşiktaş,Kasımpaşa,12530869,,42684.0,Tüpraş Stadyumu
2024,Konyaspor,İstanbul Başakşehir,12530870,,42000.0,Medas Konya Büyüksehir Belediyesi Stadium
2024,Bodrum FK,Alanyaspor,12530868,,5000.0,Bodrum Ilce Stadi
2024,Eyüpspor,Hatayspor,12530871,,2500.0,Eyüp Stadium
2024,Trabzonspor,Fenerbahçe,12530873,,41000.0,Papara Park
2024,Samsunspor,Antalyaspor,12530866,,33919.0,Samsun Yeni 19 Mayıs Stadyumu
2024,Kasımpaşa,Kayserispor,12530859,,14234.0,Recep Tayyip Erdogan Stadium
2024,Antalyaspor,Bodrum FK,12530857,,32537.0,Antalya Stadium
2024,Hatayspor,Gaziantep FK,12530860,,25534.0,Mersin Stadyumu
2024,Adana Demirspor,Eyüpspor,12530864,,33543.0,New Adana Stadium
2024,Çaykur Rizespor,Trabzonspor,12530861,,15558.0,Çaykur Didi Stadyumu
2024,Göztepe,Konyaspor,12530862,,20756.0,Gursel Aksel Stadium
2024,Galatasaray,Samsunspor,12530858,,53978.0,Rams Park Stadyumu
2024,İstanbul Başakşehir,Beşiktaş,12530856,,17156.0,Basaksehir Fatih Terim Stadium
2024,Fenerbahçe,Sivasspor,12530863,,50530.0,Chobani Stadium
2024,Eyüpspor,Çaykur Rizespor,12530852,,2500.0,Eyüp Stadium
2024,Gaziantep FK,İstanbul Başakşehir,12530849,,33502.0,Gaziantep Stadium
2024,Kayserispor,Fenerbahçe,12530854,,32864.0,Kadir Has Stadium
2024,Bodrum FK,Galatasaray,12530848,,5000.0,Bodrum Ilce Stadi
2024,Sivasspor,Kasımpaşa,12530855,,27532.0,Yeni Sivas 4 Eylül Stadyumu
2024,Konyaspor,Hatayspor,12530847,,42000.0,Medas Konya Büyüksehir Belediyesi Stadium
2024,Samsunspor,Alanyaspor,12530845,,33919.0,Samsun Yeni 19 Mayıs Stadyumu
2024,Beşiktaş,Göztepe,12530850,,42684.0,Tüpraş Stadyumu
2024,Trabzonspor,Adana Demirspor,12530853,,41000.0,Papara Park
2024,Antalyaspor,Sivasspor,12530839,,32537.0,Antalya Stadium
2024,Samsunspor,Bodrum FK,12530840,,33919.0,Samsun Yeni 19 Mayıs Stadyumu
2024,Adana Demirspor,Konyaspor,12530843,,33543.0,New Adana Stadium
2024,Alanyaspor,Trabzonspor,12530842,,10128.0,Bahcesehir Okullari Stadium
2024,İstanbul Başakşehir,Göztepe,12530838,,17156.0,Basaksehir Fatih Terim Stadium
2024,Çaykur Rizespor,Kayserispor,12530846,,15558.0,Çaykur Didi Stadyumu
2024,Galatasaray,Eyüpspor,12530841,,53978.0,Rams Park Stadyumu
2024,Fenerbahçe,Gaziantep FK,12530851,,50530.0,Chobani Stadium
2024,Hatayspor,Beşiktaş,12530844,,25534.0,Mersin Stadyumu
2024,Trabzonspor,Kasımpaşa,12530835,,41000.0,Papara Park
2024,Konyaspor,Antalyaspor,12530832,,42000.0,Medas Konya Büyüksehir Belediyesi Stadium
2024,Göztepe,Adana Demirspor,12530828,,20756.0,Gursel Aksel Stadium
2024,Beşiktaş,Fenerbahçe,12530830,,42684.0,Tüpraş Stadyumu
2024,Eyüpspor,Samsunspor,12530837,,2500.0,Eyüp Stadium
2024,Kayserispor,Alanyaspor,12530834,,32864.0,Kadir Has Stadium
2024,Sivasspor,Galatasaray,12530836,,27532.0,Yeni Sivas 4 Eylül Stadyumu
2024,İstanbul Başakşehir,Hatayspor,12530831,,17156.0,Basaksehir Fatih Terim Stadium
2024,Gaziantep FK,Çaykur Rizespor,12530833,,33502.0,Gaziantep Stadium
2024,Bodrum FK,Sivasspor,12530823,,5000.0,Bodrum Ilce Stadi
2024,Kasımpaşa,Eyüpspor,12530825,,14234.0,Recep Tayyip Erdogan Stadium
2024,Çaykur Rizespor,Konyaspor,12530826,,15558.0,Çaykur Didi Stadyumu
2024,Alanyaspor,Gaziantep FK,12530824,,10128.0,Bahcesehir Okullari Stadium
2024,Hatayspor,Göztepe,12530820,,25534.0,Mersin Stadyumu
2024,Antalyaspor,Kayserispor,12530821,,32537.0,Antalya Stadium
2024,Fenerbahçe,İstanbul Başakşehir,12530827,,50530.0,Chobani Stadium
2024,Adana Demirspor,Beşiktaş,12530829,,33543.0,New Adana Stadium
2024,Galatasaray,Trabzonspor,12530822,,53978.0,Rams Park Stadyumu
2024,Eyüpspor,Fenerbahçe,12530816,,2500.0,Eyüp Stadium
2024,Sivasspor,Samsunspor,12530818,,27532.0,Yeni Sivas 4 Eylül Stadyumu
2024,Beşiktaş,Alanyaspor,12530808,,42684.0,Tüpraş Stadyumu
2024,Gaziantep FK,Antalyaspor,12530811,,33502.0,Gaziantep Stadium
2024,Göztepe,Çaykur Rizespor,12530814,,20756.0,Gursel Aksel Stadium
2024,Kayserispor,Galatasaray,12530817,,32864.0,Kadir Has Stadium
2024,Trabzonspor,Bodrum FK,12530819,,41000.0,Papara Park
2024,İstanbul Başakşehir,Kasımpaşa,12530810,,17156.0,Basaksehir Fatih Terim Stadium
2024,Hatayspor,Adana Demirspor,12530815,,25534.0,Mersin Stadyumu
2024,Alanyaspor,Konyaspor,12530806,,10128.0,Bahcesehir Okullari Stadium
2024,Çaykur Rizespor,Beşiktaş,12530809,,15558.0,Çaykur Didi Stadyumu
2024,Adana Demirspor,İstanbul Başakşehir,12530813,,33543.0,New Adana Stadium
2024,Antalyaspor,Eyüpspor,12530812,,32537.0,Antalya Stadium
2024,Galatasaray,Göztepe,12530805,,53978.0,Rams Park Stadyumu
2024,Samsunspor,Trabzonspor,12530802,,33919.0,Samsun Yeni 19 Mayıs Stadyumu
2024,Kasımpaşa,Gaziantep FK,12530804,,14234.0,Recep Tayyip Erdogan Stadium
2024,Bodrum FK,Kayserispor,12530800,,5000.0,Bodrum Ilce Stadi
2024,Fenerbahçe,Hatayspor,12530807,,50530.0,Chobani Stadium
2024,Kayserispor,Samsunspor,12530801,,32864.0,Kadir Has Stadium
2024,Hatayspor,Çaykur Rizespor,12530799,,25534.0,Mersin Stadyumu
2024,Beşiktaş,Bodrum FK,12530795,,42684.0,Tüpraş Stadyumu
2024,Sivasspor,Alanyaspor,12530798,,27532.0,Yeni Sivas 4 Eylül Stadyumu
2024,Trabzonspor,Antalyaspor,12530803,,41000.0,Papara Park
2024,İstanbul Başakşehir,Galatasaray,12530793,,17156.0,Basaksehir Fatih Terim Stadium
2024,Gaziantep FK,Adana Demirspor,12530794,,33502.0,Gaziantep Stadium
2024,Göztepe,Kasımpaşa,12530797,,20756.0,Gursel Aksel Stadium
2024,Konyaspor,Fenerbahçe,12530796,,42000.0,Medas Konya Büyüksehir Belediyesi Stadium
2024,Hatayspor,Galatasaray,12530786,,25534.0,Mersin Stadyumu
2024,İstanbul Başakşehir,Çaykur Rizespor,12530791,,17156.0,Basaksehir Fatih Terim Stadium
2024,Gaziantep FK,Bodrum FK,12530782,,33502.0,Gaziantep Stadium
2024,Beşiktaş,Samsunspor,12530784,,42684.0,Tüpraş Stadyumu
2024,Göztepe,Antalyaspor,12530785,,20756.0,Gursel Aksel Stadium
2024,Konyaspor,Kasımpaşa,12530789,,42000.0,Medas Konya Büyüksehir Belediyesi Stadium
2024,Adana Demirspor,Fenerbahçe,12530790,,33543.0,New Adana Stadium
2024,Eyüpspor,Alanyaspor,12530787,,2500.0,Eyüp Stadium
2024,Trabzonspor,Sivasspor,12530792,,41000.0,Papara Park
2024,Samsunspor,Gaziantep FK,12530775,,33919.0,Samsun Yeni 19 Mayıs Stadyumu
2024,Sivasspor,Kayserispor,12530781,,27532.0,Yeni Sivas 4 Eylül Stadyumu
2024,Alanyaspor,İstanbul Başakşehir,12530772,,10128.0,Bahcesehir Okullari Stadium
2024,Galatasaray,Konyaspor,12530777,,53978.0,Rams Park Stadyumu
2024,Çaykur Rizespor,Adana Demirspor,12530783,,15558.0,Çaykur Didi Stadyumu
2024,Antalyaspor,Beşiktaş,12530778,,32537.0,Antalya Stadium
2024,Bodrum FK,Eyüpspor,12530776,,5000.0,Bodrum Ilce Stadi
2024,Fenerbahçe,Göztepe,12530779,,50530.0,Chobani Stadium
2024,Kasımpaşa,Hatayspor,12530780,,14234.0,Recep Tayyip Erdogan Stadium
2024,Eyüpspor,Sivasspor,12530773,,2500.0,Eyüp Stadium
2024,Konyaspor,Bodrum FK,12530768,,42000.0,Medas Konya Büyüksehir Belediyesi Stadium
2024,Hatayspor,Antalyaspor,12530766,,25534.0,Mersin Stadyumu
2024,Kayserispor,Trabzonspor,12530767,,32864.0,Kadir Has Stadium
2024,İstanbul Başakşehir,Samsunspor,12530761,,17156.0,Basaksehir Fatih Terim Stadium
2024,Adana Demirspor,Kasımpaşa,12530770,,33543.0,New Adana Stadium
2024,Göztepe,Alanyaspor,12530771,,20756.0,Gursel Aksel Stadium
2024,Fenerbahçe,Çaykur Rizespor,12530774,,50530.0,Chobani Stadium
2024,Gaziantep FK,Galatasaray,12530769,,33502.0,Gaziantep Stadium
2024,Samsunspor,Hatayspor,12530757,,33919.0,Samsun Yeni 19 Mayıs Stadyumu
2024,Kayserispor,Konyaspor,12530762,,32864.0,Kadir Has Stadium
2024,Sivasspor,Beşiktaş,12530760,,27532.0,Yeni Sivas 4 Eylül Stadyumu
2024,Kasımpaşa,Çaykur Rizespor,12530764,,14234.0,Recep Tayyip Erdogan Stadium
2024,Alanyaspor,Fenerbahçe,12530765,,10128.0,Bahcesehir Okullari Stadium
2024,Antalyaspor,İstanbul Başakşehir,12530756,,32537.0,Antalya Stadium
2024,Bodrum FK,Göztepe,12530758,,5000.0,Bodrum Ilce Stadi
2024,Trabzonspor,Eyüpspor,12530759,,41000.0,Papara Park
2024,Adana Demirspor,Antalyaspor,12530749,,33543.0,New Adana Stadium
2024,Gaziantep FK,Sivasspor,12530755,,33502.0,Gaziantep Stadium
2024,İstanbul Başakşehir,Bodrum FK,12530747,,17156.0,Basaksehir Fatih Terim Stadium
2024,Beşiktaş,Trabzonspor,12530753,,42684.0,Tüpraş Stadyumu
2024,Hatayspor,Alanyaspor,12530750,,25534.0,Mersin Stadyumu
2024,Eyüpspor,Kayserispor,12530754,,2500.0,Eyüp Stadium
2024,Konyaspor,Samsunspor,12530748,,42000.0,Medas Konya Büyüksehir Belediyesi Stadium
2024,Fenerbahçe,Kasımpaşa,12530752,,50530.0,Chobani Stadium
2024,Çaykur Rizespor,Galatasaray,12530751,,15558.0,Çaykur Didi Stadyumu
2024,Bodrum FK,Hatayspor,12530738,,5000.0,Bodrum Ilce Stadi
2024,Eyüpspor,Beşiktaş,12530744,,2500.0,Eyüp Stadium
2024,Sivasspor,Konyaspor,12530741,,27532.0,Yeni Sivas 4 Eylül Stadyumu
2024,Antalyaspor,Kasımpaşa,12530743,,32537.0,Antalya Stadium
2024,Samsunspor,Çaykur Rizespor,12530788,,33919.0,Samsun Yeni 19 Mayıs Stadyumu
2024,Kayserispor,Göztepe,12530739,,32864.0,Kadir Has Stadium
2024,Alanyaspor,Adana Demirspor,12530746,,10128.0,Bahcesehir Okullari Stadium
2024,Trabzonspor,Gaziantep FK,12530742,,41000.0,Papara Park
2024,Galatasaray,Fenerbahçe,12530745,,53978.0,Rams Park Stadyumu
2024,Adana Demirspor,Bodrum FK,12530729,,33543.0,New Adana Stadium
2024,Beşiktaş,Kayserispor,12530736,,42684.0,Tüpraş Stadyumu
2024,Çaykur Rizespor,Alanyaspor,12530733,,15558.0,Çaykur Didi Stadyumu
2024,Kasımpaşa,Galatasaray,12530735,,14234.0,Recep Tayyip Erdogan Stadium
2024,Fenerbahçe,Antalyaspor,12530732,,50530.0,Chobani Stadium
2024,Gaziantep FK,Eyüpspor,12530740,,33502.0,Gaziantep Stadium
2024,Konyaspor,Trabzonspor,12530734,,42000.0,Medas Konya Büyüksehir Belediyesi Stadium
2024,İstanbul Başakşehir,Sivasspor,12530737,,17156.0,Basaksehir Fatih Terim Stadium
2024,Göztepe,Samsunspor,12530731,,20756.0,Gursel Aksel Stadium
2024,Bodrum FK,Kasımpaşa,12530723,,5000.0,Bodrum Ilce Stadi
2024,Kayserispor,İstanbul Başakşehir,12530722,,32864.0,Kadir Has Stadium
2024,Antalyaspor,Çaykur Rizespor,12530730,,32537.0,Antalya Stadium
2024,Trabzonspor,Hatayspor,12530726,,41000.0,Papara Park
2024,Sivasspor,Göztepe,12530721,,27532.0,Yeni Sivas 4 Eylül Stadyumu
2024,Eyüpspor,Konyaspor,12530724,,2500.0,Eyüp Stadium
2024,Samsunspor,Adana Demirspor,12530728,,33919.0,Samsun Yeni 19 Mayıs Stadyumu
2024,Alanyaspor,Galatasaray,12530725,,10128.0,Bahcesehir Okullari Stadium
2024,Beşiktaş,Gaziantep FK,12530720,,42684.0,Tüpraş Stadyumu
2024,Galatasaray,Antalyaspor,12530713,,53978.0,Rams Park Stadyumu
2024,Gaziantep FK,Kayserispor,12530718,,33502.0,Gaziantep Stadium
2024,Kasımpaşa,Alanyaspor,12530714,,14234.0,Recep Tayyip Erdogan Stadium
2024,İstanbul Başakşehir,Trabzonspor,12530719,,17156.0,Basaksehir Fatih Terim Stadium
2024,Konyaspor,Beşiktaş,12530717,,42000.0,Medas Konya Büyüksehir Belediyesi Stadium
2024,Çaykur Rizespor,Bodrum FK,12530707,,15558.0,Çaykur Didi Stadyumu
2024,Göztepe,Eyüpspor,12530715,,20756.0,Gursel Aksel Stadium
2024,Hatayspor,Sivasspor,12530727,,25534.0,Mersin Stadyumu
2024,Fenerbahçe,Samsunspor,12530711,,50530.0,Chobani Stadium
2024,Antalyaspor,Alanyaspor,12530706,,32537.0,Antalya Stadium
2024,Kayserispor,Hatayspor,12530712,,32864.0,Kadir Has Stadium
2024,Bodrum FK,Fenerbahçe,12530708,,5000.0,Bodrum Ilce Stadi
2024,Konyaspor,Gaziantep FK,12530705,,42000.0,Medas Konya Büyüksehir Belediyesi Stadium
2024,Sivasspor,Adana Demirspor,12530710,,27532.0,Yeni Sivas 4 Eylül Stadyumu
2024,Samsunspor,Kasımpaşa,12530716,,33919.0,Samsun Yeni 19 Mayıs Stadyumu
2024,Trabzonspor,Göztepe,12530704,,41000.0,Papara Park
2024,Beşiktaş,Galatasaray,12530709,,42684.0,Tüpraş Stadyumu
2024,Eyüpspor,İstanbul Başakşehir,12530703,,2500.0,Eyüp Stadium
2024,Adana Demirspor,Kayserispor,12530701,,33543.0,New Adana Stadium
2024,Çaykur Rizespor,Sivasspor,12530702,,15558.0,Çaykur Didi Stadyumu
2024,İstanbul Başakşehir,Konyaspor,12530696,,17156.0,Basaksehir Fatih Terim Stadium
2024,Antalyaspor,Samsunspor,12530694,,32537.0,Antalya Stadium
2024,Alanyaspor,Bodrum FK,12530693,,10128.0,Bahcesehir Okullari Stadium
2024,Hatayspor,Eyüpspor,12530699,,25534.0,Mersin Stadyumu
2024,Fenerbahçe,Trabzonspor,12530700,,50530.0,Chobani Stadium
2024,Göztepe,Gaziantep FK,12530695,,20756.0,Gursel Aksel Stadium
2024,Kasımpaşa,Beşiktaş,12530698,,14234.0,Recep Tayyip Erdogan Stadium
2024,Samsunspor,Galatasaray,12530690,,33919.0,Samsun Yeni 19 Mayıs Stadyumu
2024,Konyaspor,Göztepe,12530684,,42000.0,Medas Konya Büyüksehir Belediyesi Stadium
2024,Beşiktaş,İstanbul Başakşehir,12530688,,42684.0,Tüpraş Stadyumu
2024,Bodrum FK,Antalyaspor,12530686,,5000.0,Bodrum Ilce Stadi
2024,Gaziantep FK,Hatayspor,12530689,,33502.0,Gaziantep Stadium
2024,Kayserispor,Kasımpaşa,12530692,,32864.0,Kadir Has Stadium
2024,Sivasspor,Fenerbahçe,12530691,,27532.0,Yeni Sivas 4 Eylül Stadyumu
2024,Trabzonspor,Çaykur Rizespor,12530687,,41000.0,Papara Park
2024,Eyüpspor,Adana Demirspor,12530697,,2500.0,Eyüp Stadium
2024,Galatasaray,Bodrum FK,12530674,,53978.0,Rams Park Stadyumu
2024,Hatayspor,Konyaspor,12530679,,25534.0,Mersin Stadyumu
2024,Kasımpaşa,Sivasspor,12530682,,14234.0,Recep Tayyip Erdogan Stadium
2024,Adana Demirspor,Trabzonspor,12530681,,33543.0,New Adana Stadium
2024,Göztepe,Beşiktaş,12530678,,20756.0,Gursel Aksel Stadium
2024,İstanbul Başakşehir,Gaziantep FK,12530676,,17156.0,Basaksehir Fatih Terim Stadium
2024,Çaykur Rizespor,Eyüpspor,12530677,,15558.0,Çaykur Didi Stadyumu
2024,Fenerbahçe,Kayserispor,12530685,,50530.0,Chobani Stadium
2024,Alanyaspor,Samsunspor,12530683,,10128.0,Bahcesehir Okullari Stadium
2024,Beşiktaş,Hatayspor,12530672,,42684.0,Tüpraş Stadyumu
2024,Sivasspor,Antalyaspor,12530671,,27532.0,Yeni Sivas 4 Eylül Stadyumu
2024,Bodrum FK,Samsunspor,12530670,,5000.0,Bodrum Ilce Stadi
2024,Gaziantep FK,Fenerbahçe,12530680,,33502.0,Gaziantep Stadium
2024,Konyaspor,Adana Demirspor,12530675,,42000.0,Medas Konya Büyüksehir Belediyesi Stadium
2024,Trabzonspor,Alanyaspor,12530667,,41000.0,Papara Park
2024,Eyüpspor,Galatasaray,12530669,,2500.0,Eyüp Stadium
2024,Kayserispor,Çaykur Rizespor,12530673,,32864.0,Kadir Has Stadium
2024,Göztepe,İstanbul Başakşehir,12530662,,20756.0,Gursel Aksel Stadium
2024,Antalyaspor,Konyaspor,12530663,,32537.0,Antalya Stadium
2024,Alanyaspor,Kayserispor,12530666,,10128.0,Bahcesehir Okullari Stadium
2024,Çaykur Rizespor,Gaziantep FK,12530660,,15558.0,Çaykur Didi Stadyumu
2024,Galatasaray,Sivasspor,12530661,,53978.0,Rams Park Stadyumu
2024,Hatayspor,İstanbul Başakşehir,12530657,,25534.0,Mersin Stadyumu
2024,Samsunspor,Eyüpspor,12530665,,33919.0,Samsun Yeni 19 Mayıs Stadyumu
2024,Adana Demirspor,Göztepe,12530659,,33543.0,New Adana Stadium
2024,Fenerbahçe,Beşiktaş,12530664,,50530.0,Chobani Stadium
2024,Kasımpaşa,Trabzonspor,12530668,,14234.0,Recep Tayyip Erdogan Stadium
2024,İstanbul Başakşehir,Fenerbahçe,12528111,,17156.0,Basaksehir Fatih Terim Stadium
2024,Gaziantep FK,Alanyaspor,12528116,,33502.0,Gaziantep Stadium
2024,Eyüpspor,Kasımpaşa,12528114,,2500.0,Eyüp Stadium
2024,Konyaspor,Çaykur Rizespor,12528112,,42000.0,Medas Konya Büyüksehir Belediyesi Stadium
2024,Trabzonspor,Galatasaray,12528119,,41000.0,Papara Park
2024,Sivasspor,Bodrum FK,12528123,,27532.0,Yeni Sivas 4 Eylül Stadyumu
2024,Beşiktaş,Adana Demirspor,12528115,,42684.0,Tüpraş Stadyumu
2024,Göztepe,Hatayspor,12528117,,20756.0,Gursel Aksel Stadium
2024,Kayserispor,Antalyaspor,12528122,,32864.0,Kadir Has Stadium
2024,Adana Demirspor,Hatayspor,12528127,,33543.0,New Adana Stadium
2024,Alanyaspor,Beşiktaş,12528086,,10128.0,Bahcesehir Okullari Stadium
2024,Antalyaspor,Gaziantep FK,12528071,,32537.0,Antalya Stadium
2024,Bodrum FK,Trabzonspor,12528121,,5000.0,Bodrum Ilce Stadi
2024,Fenerbahçe,Eyüpspor,12528124,,50530.0,Chobani Stadium
2024,Galatasaray,Kayserispor,12528118,,53978.0,Rams Park Stadyumu
2024,Kasımpaşa,İstanbul Başakşehir,12528081,,14234.0,Recep Tayyip Erdogan Stadium
2024,Samsunspor,Sivasspor,12528120,,33919.0,Samsun Yeni 19 Mayıs Stadyumu
2024,Çaykur Rizespor,Göztepe,12528079,,15558.0,Çaykur Didi Stadyumu
2024,Eyüpspor,Antalyaspor,12528076,,2500.0,Eyüp Stadium
2024,Gaziantep FK,Kasımpaşa,12528075,,33502.0,Gaziantep Stadium
2024,Göztepe,Galatasaray,12528126,,20756.0,Gursel Aksel Stadium
2024,İstanbul Başakşehir,Adana Demirspor,12528072,,17156.0,Basaksehir Fatih Terim Stadium
2024,Beşiktaş,Çaykur Rizespor,12528089,,42684.0,Tüpraş Stadyumu
2024,Kayserispor,Bodrum FK,12528092,,32864.0,Kadir Has Stadium
2024,Konyaspor,Alanyaspor,12528083,,42000.0,Medas Konya Büyüksehir Belediyesi Stadium
2024,Trabzonspor,Samsunspor,12528087,,41000.0,Papara Park
2024,Hatayspor,Fenerbahçe,12528128,,25534.0,Mersin Stadyumu
2024,Antalyaspor,Trabzonspor,12528085,,32537.0,Antalya Stadium
2024,Galatasaray,İstanbul Başakşehir,12528082,,53978.0,Rams Park Stadyumu
2024,Kasımpaşa,Göztepe,12528078,,14234.0,Recep Tayyip Erdogan Stadium
2024,Fenerbahçe,Konyaspor,12528074,,50530.0,Chobani Stadium
2024,Çaykur Rizespor,Hatayspor,12528125,,15558.0,Çaykur Didi Stadyumu
2024,Adana Demirspor,Gaziantep FK,12528094,,33543.0,New Adana Stadium
2024,Alanyaspor,Sivasspor,12528091,,10128.0,Bahcesehir Okullari Stadium
2024,Bodrum FK,Beşiktaş,12528084,,5000.0,Bodrum Ilce Stadi
2024,Samsunspor,Kayserispor,12528080,,33919.0,Samsun Yeni 19 Mayıs Stadyumu
2023,Trabzonspor,Antalyaspor,11450001,,41000.0,Papara Park
2023,Kasımpaşa,Ankaragücü,11449414,,14234.0,Recep Tayyip Erdogan Stadium
2023,Konyaspor,İstanbulspor,11450000,,42000.0,Medas Konya Büyüksehir Belediyesi Stadium
2023,Kayserispor,Galatasaray,11449302,,32864.0,Kadir Has Stadium
2023,Pendikspor,Hatayspor,11449412,,4105.0,Pendik Stadium
2023,Sivasspor,Samsunspor,11449998,,27532.0,Yeni Sivas 4 Eylül Stadyumu
2023,Adana Demirspor,Çaykur Rizespor,11449413,,33543.0,New Adana Stadium
2023,Fenerbahçe,Gaziantep FK,11449999,,50530.0,Chobani Stadium
2023,Alanyaspor,İstanbul Başakşehir,11449301,,10128.0,Bahcesehir Okullari Stadium
2023,Fatih Karagümrük,Beşiktaş,11449997,,6500.0,Vefa Stadium
2023,Antalyaspor,Konyaspor,11451158,,32537.0,Antalya Stadium
2023,İstanbulspor,Kayserispor,11451160,,7500.0,Esenyurt Necmi Kadioglu Stadi
2023,Çaykur Rizespor,Alanyaspor,11451154,,15558.0,Çaykur Didi Stadyumu
2023,Galatasaray,Trabzonspor,11451159,,53978.0,Rams Park Stadyumu
2023,Hatayspor,Kasımpaşa,11451163,,25000.0,Yeni Hatay Stadium
2023,İstanbul Başakşehir,Fatih Karagümrük,11451156,,17156.0,Basaksehir Fatih Terim Stadium
2023,Beşiktaş,Pendikspor,11451157,,42684.0,Tüpraş Stadyumu
2023,Gaziantep FK,Sivasspor,11451161,,33502.0,Gaziantep Stadium
2023,Ankaragücü,Adana Demirspor,11451155,,20560.0,Eryaman Stadyumu
2023,Samsunspor,Fenerbahçe,11451162,,33919.0,Samsun Yeni 19 Mayıs Stadyumu
2023,Konyaspor,Gaziantep FK,11451145,,42000.0,Medas Konya Büyüksehir Belediyesi Stadium
2023,Kasımpaşa,Pendikspor,11451150,,14234.0,Recep Tayyip Erdogan Stadium
2023,Trabzonspor,Çaykur Rizespor,11451147,23044.0,41000.0,Papara Park
2023,Sivasspor,Antalyaspor,11451144,,27532.0,Yeni Sivas 4 Eylül Stadyumu
2023,Fatih Karagümrük,Ankaragücü,11451148,,6500.0,Vefa Stadium
2023,Kayserispor,Samsunspor,11451153,,32864.0,Kadir Has Stadium
2023,Alanyaspor,Hatayspor,11451152,,10128.0,Bahcesehir Okullari Stadium
2023,İstanbulspor,Galatasaray,11631145,,7500.0,Esenyurt Necmi Kadioglu Stadi
2023,Adana Demirspor,Beşiktaş,11631146,,33543.0,New Adana Stadium
2023,Fenerbahçe,İstanbul Başakşehir,11631147,,50530.0,Chobani Stadium
2023,Kasımpaşa,Trabzonspor,11451141,,14234.0,Recep Tayyip Erdogan Stadium
2023,Çaykur Rizespor,Fatih Karagümrük,11451134,,15558.0,Çaykur Didi Stadyumu
2023,İstanbul Başakşehir,Konyaspor,11451137,,17156.0,Basaksehir Fatih Terim Stadium
2023,Pendikspor,Alanyaspor,11451142,,4105.0,Pendik Stadium
2023,Antalyaspor,Kayserispor,11451138,,32537.0,Antalya Stadium
2023,Gaziantep FK,Galatasaray,11451139,,33502.0,Gaziantep Stadium
2023,Beşiktaş,Sivasspor,11451136,,42684.0,Tüpraş Stadyumu
2023,Hatayspor,Adana Demirspor,11451143,,25000.0,Yeni Hatay Stadium
2023,Ankaragücü,Fenerbahçe,11451135,,20560.0,Eryaman Stadyumu
2023,Samsunspor,İstanbulspor,11451140,,33919.0,Samsun Yeni 19 Mayıs Stadyumu
2023,Kayserispor,Gaziantep FK,11451133,,32864.0,Kadir Has Stadium
2023,Konyaspor,Çaykur Rizespor,11451124,,42000.0,Medas Konya Büyüksehir Belediyesi Stadium
2023,Adana Demirspor,Pendikspor,11451128,,33543.0,New Adana Stadium
2023,Galatasaray,Samsunspor,11451130,,53978.0,Rams Park Stadyumu
2023,Fenerbahçe,Antalyaspor,11451125,,50530.0,Chobani Stadium
2023,İstanbulspor,İstanbul Başakşehir,11451132,,7500.0,Esenyurt Necmi Kadioglu Stadi
2023,Alanyaspor,Kasımpaşa,11451129,,10128.0,Bahcesehir Okullari Stadium
2023,Trabzonspor,Beşiktaş,11451127,,41000.0,Papara Park
2023,Fatih Karagümrük,Hatayspor,11451131,,6500.0,Vefa Stadium
2023,Sivasspor,Ankaragücü,11451126,,27532.0,Yeni Sivas 4 Eylül Stadyumu
2023,Gaziantep FK,İstanbulspor,11451117,,33502.0,Gaziantep Stadium
2023,Pendikspor,Fatih Karagümrük,11451122,,4105.0,Pendik Stadium
2023,Çaykur Rizespor,Sivasspor,11451116,,15558.0,Çaykur Didi Stadyumu
2023,Antalyaspor,Samsunspor,11451114,,32537.0,Antalya Stadium
2023,İstanbul Başakşehir,Galatasaray,11451121,,17156.0,Basaksehir Fatih Terim Stadium
2023,Beşiktaş,Kayserispor,11451119,,42684.0,Tüpraş Stadyumu
2023,Ankaragücü,Konyaspor,11451115,,20560.0,Eryaman Stadyumu
2023,Alanyaspor,Fenerbahçe,11451118,,10128.0,Bahcesehir Okullari Stadium
2023,Kasımpaşa,Adana Demirspor,11451120,,14234.0,Recep Tayyip Erdogan Stadium
2023,Hatayspor,Trabzonspor,11451123,,25534.0,Mersin Stadyumu
2023,Samsunspor,Gaziantep FK,11451108,,33919.0,Samsun Yeni 19 Mayıs Stadyumu
2023,Sivasspor,Hatayspor,11451105,,27532.0,Yeni Sivas 4 Eylül Stadyumu
2023,Trabzonspor,Pendikspor,11451106,,41000.0,Papara Park
2023,İstanbulspor,Antalyaspor,11451112,,7500.0,Esenyurt Necmi Kadioglu Stadi
2023,Galatasaray,Ankaragücü,11451109,,53978.0,Rams Park Stadyumu
2023,Fatih Karagümrük,Kasımpaşa,11451111,,6500.0,Vefa Stadium
2023,Fenerbahçe,Çaykur Rizespor,11629901,,50530.0,Chobani Stadium
2023,Adana Demirspor,Alanyaspor,11451110,,33543.0,New Adana Stadium
2023,Konyaspor,Beşiktaş,11451104,,42000.0,Medas Konya Büyüksehir Belediyesi Stadium
2023,Kayserispor,İstanbul Başakşehir,11451113,,32864.0,Kadir Has Stadium
2023,Adana Demirspor,Trabzonspor,11451098,,33543.0,New Adana Stadium
2023,Alanyaspor,Fatih Karagümrük,11451100,,10128.0,Bahcesehir Okullari Stadium
2023,Pendikspor,Sivasspor,11451103,,4105.0,Pendik Stadium
2023,Ankaragücü,Kayserispor,11451095,,20560.0,Eryaman Stadyumu
2023,Antalyaspor,Galatasaray,11451097,,32537.0,Antalya Stadium
2023,İstanbul Başakşehir,Gaziantep FK,11451099,,17156.0,Basaksehir Fatih Terim Stadium
2023,Çaykur Rizespor,Samsunspor,11451093,,15558.0,Çaykur Didi Stadyumu
2023,Beşiktaş,İstanbulspor,11451096,,42684.0,Tüpraş Stadyumu
2023,Hatayspor,Konyaspor,11451101,,25000.0,Yeni Hatay Stadium
2023,Kasımpaşa,Fenerbahçe,11451102,,14234.0,Recep Tayyip Erdogan Stadium
2023,Kayserispor,Çaykur Rizespor,11451094,,32864.0,Kadir Has Stadium
2023,Gaziantep FK,Antalyaspor,11451089,,33502.0,Gaziantep Stadium
2023,Konyaspor,Pendikspor,11451087,,42000.0,Medas Konya Büyüksehir Belediyesi Stadium
2023,Galatasaray,Beşiktaş,11451091,,53978.0,Rams Park Stadyumu
2023,Sivasspor,Kasımpaşa,11451084,,27532.0,Yeni Sivas 4 Eylül Stadyumu
2023,İstanbulspor,Ankaragücü,11451092,,7500.0,Esenyurt Necmi Kadioglu Stadi
2023,Fenerbahçe,Hatayspor,11451088,,50530.0,Chobani Stadium
2023,Samsunspor,İstanbul Başakşehir,11451090,,33919.0,Samsun Yeni 19 Mayıs Stadyumu
2023,Fatih Karagümrük,Adana Demirspor,11451086,,6500.0,Vefa Stadium
2023,Trabzonspor,Alanyaspor,11451085,,41000.0,Papara Park
2023,Hatayspor,Kayserispor,11451078,,25534.0,Mersin Stadyumu
2023,Kasımpaşa,İstanbulspor,11451077,,14234.0,Recep Tayyip Erdogan Stadium
2023,Alanyaspor,Sivasspor,11451073,,10128.0,Bahcesehir Okullari Stadium
2023,Adana Demirspor,Konyaspor,11451074,,33543.0,New Adana Stadium
2023,Çaykur Rizespor,Galatasaray,11451080,,15558.0,Çaykur Didi Stadyumu
2023,Fatih Karagümrük,Trabzonspor,11451075,,6500.0,Vefa Stadium
2023,Antalyaspor,İstanbul Başakşehir,11451081,,32537.0,Antalya Stadium
2023,Ankaragücü,Samsunspor,11451082,,20560.0,Eryaman Stadyumu
2023,Pendikspor,Fenerbahçe,11451079,,4105.0,Pendik Stadium
2023,Beşiktaş,Gaziantep FK,11451083,,42684.0,Tüpraş Stadyumu
2023,Galatasaray,Kasımpaşa,11451072,,53978.0,Rams Park Stadyumu
2023,İstanbulspor,Pendikspor,11451071,,7500.0,Esenyurt Necmi Kadioglu Stadi
2023,Samsunspor,Hatayspor,11451070,,33919.0,Samsun Yeni 19 Mayıs Stadyumu
2023,Fenerbahçe,Trabzonspor,11451066,,50530.0,Chobani Stadium
2023,Sivasspor,Adana Demirspor,11451065,,27532.0,Yeni Sivas 4 Eylül Stadyumu
2023,İstanbul Başakşehir,Ankaragücü,11451069,,17156.0,Basaksehir Fatih Terim Stadium
2023,Konyaspor,Fatih Karagümrük,11451064,,42000.0,Medas Konya Büyüksehir Belediyesi Stadium
2023,Antalyaspor,Beşiktaş,11451067,,32537.0,Antalya Stadium
2023,Gaziantep FK,Çaykur Rizespor,11451068,,33502.0,Gaziantep Stadium
2023,Kayserispor,Alanyaspor,11451076,,32864.0,Kadir Has Stadium
2023,Ankaragücü,Antalyaspor,11451050,,20560.0,Eryaman Stadyumu
2023,Trabzonspor,Konyaspor,11451057,,41000.0,Papara Park
2023,Kasımpaşa,Kayserispor,11451060,,14234.0,Recep Tayyip Erdogan Stadium
2023,Alanyaspor,Gaziantep FK,11451063,,10128.0,Bahcesehir Okullari Stadium
2023,Fatih Karagümrük,Sivasspor,11451056,,6500.0,Vefa Stadium
2023,Hatayspor,Galatasaray,11451062,,25534.0,Mersin Stadyumu
2023,Pendikspor,Samsunspor,11451061,,4105.0,Pendik Stadium
2023,Beşiktaş,İstanbul Başakşehir,11451059,,42684.0,Tüpraş Stadyumu
2023,Çaykur Rizespor,İstanbulspor,11451051,3720.0,15558.0,Çaykur Didi Stadyumu
2023,Adana Demirspor,Fenerbahçe,11451054,,33543.0,New Adana Stadium
2023,İstanbulspor,Hatayspor,11451055,,7500.0,Esenyurt Necmi Kadioglu Stadi
2023,Gaziantep FK,Ankaragücü,11451052,,33502.0,Gaziantep Stadium
2023,Konyaspor,Kasımpaşa,11451047,,42000.0,Medas Konya Büyüksehir Belediyesi Stadium
2023,Galatasaray,Alanyaspor,11451049,,53978.0,Rams Park Stadyumu
2023,Kayserispor,Adana Demirspor,11451058,,32864.0,Kadir Has Stadium
2023,Antalyaspor,Çaykur Rizespor,11451053,,32537.0,Antalya Stadium
2023,Samsunspor,Beşiktaş,11451048,,33919.0,Samsun Yeni 19 Mayıs Stadyumu
2023,Fenerbahçe,Fatih Karagümrük,11451046,,50530.0,Chobani Stadium
2023,İstanbul Başakşehir,Pendikspor,11451044,,17156.0,Basaksehir Fatih Terim Stadium
2023,Sivasspor,Trabzonspor,11451045,,27532.0,Yeni Sivas 4 Eylül Stadyumu
2023,Fatih Karagümrük,İstanbulspor,11451039,,6500.0,Vefa Stadium
2023,Hatayspor,Antalyaspor,11451042,,25534.0,Mersin Stadyumu
2023,Alanyaspor,Konyaspor,11451041,,10128.0,Bahcesehir Okullari Stadium
2023,Çaykur Rizespor,İstanbul Başakşehir,11450212,,15558.0,Çaykur Didi Stadyumu
2023,Adana Demirspor,Samsunspor,11451038,,33543.0,New Adana Stadium
2023,Pendikspor,Galatasaray,11451040,,4105.0,Pendik Stadium
2023,Kasımpaşa,Gaziantep FK,11451043,,14234.0,Recep Tayyip Erdogan Stadium
2023,Trabzonspor,Kayserispor,11451036,,41000.0,Papara Park
2023,Ankaragücü,Beşiktaş,11450210,,20560.0,Eryaman Stadyumu
2023,Fenerbahçe,Sivasspor,11451035,,50530.0,Chobani Stadium
2023,Galatasaray,Adana Demirspor,11450214,,53978.0,Rams Park Stadyumu
2023,Antalyaspor,Fatih Karagümrük,11451037,,32537.0,Antalya Stadium
2023,Samsunspor,Kasımpaşa,11450215,,33919.0,Samsun Yeni 19 Mayıs Stadyumu
2023,Beşiktaş,Fenerbahçe,11450201,,42684.0,Tüpraş Stadyumu
2023,İstanbulspor,Alanyaspor,11450211,,7500.0,Esenyurt Necmi Kadioglu Stadi
2023,İstanbul Başakşehir,Hatayspor,11451034,,17156.0,Basaksehir Fatih Terim Stadium
2023,Kayserispor,Pendikspor,11450213,,32864.0,Kadir Has Stadium
2023,Gaziantep FK,Trabzonspor,11450216,,33502.0,Gaziantep Stadium
2023,Konyaspor,Sivasspor,11450202,,42000.0,Medas Konya Büyüksehir Belediyesi Stadium
2023,Ankaragücü,Çaykur Rizespor,11450204,,20560.0,Eryaman Stadyumu
2023,Alanyaspor,Ankaragücü,11897409,,10128.0,Bahcesehir Okullari Stadium
2023,Pendikspor,Antalyaspor,11897404,,4105.0,Pendik Stadium
2023,Kasımpaşa,İstanbul Başakşehir,11897406,,14234.0,Recep Tayyip Erdogan Stadium
2023,Çaykur Rizespor,Beşiktaş,11897403,,15558.0,Çaykur Didi Stadyumu
2023,Fatih Karagümrük,Kayserispor,11897407,,6500.0,Vefa Stadium
2023,Hatayspor,Gaziantep FK,11897408,,25534.0,Mersin Stadyumu
2023,Adana Demirspor,İstanbulspor,11897405,,33543.0,New Adana Stadium
2023,Fenerbahçe,Konyaspor,11897410,,50530.0,Chobani Stadium
2023,Sivasspor,Galatasaray,11897411,,27532.0,Yeni Sivas 4 Eylül Stadyumu
2023,Trabzonspor,Samsunspor,11897412,,41000.0,Papara Park
2023,İstanbul Başakşehir,Sivasspor,11450195,,17156.0,Basaksehir Fatih Terim Stadium
2023,Gaziantep FK,Adana Demirspor,11450196,,33502.0,Gaziantep Stadium
2023,Kayserispor,Fenerbahçe,11450191,,32864.0,Kadir Has Stadium
2023,Antalyaspor,Kasımpaşa,11450197,,32537.0,Antalya Stadium
2023,Galatasaray,Fatih Karagümrük,11450193,,53978.0,Rams Park Stadyumu
2023,Samsunspor,Konyaspor,11450194,,33919.0,Samsun Yeni 19 Mayıs Stadyumu
2023,Çaykur Rizespor,Pendikspor,11450200,,15558.0,Çaykur Didi Stadyumu
2023,Beşiktaş,Alanyaspor,11450198,,42684.0,Tüpraş Stadyumu
2023,Ankaragücü,Hatayspor,11450199,,20560.0,Eryaman Stadyumu
2023,Sivasspor,İstanbulspor,11450181,,27532.0,Yeni Sivas 4 Eylül Stadyumu
2023,Fatih Karagümrük,Gaziantep FK,11450179,,6500.0,Vefa Stadium
2023,Trabzonspor,İstanbul Başakşehir,11450178,,41000.0,Papara Park
2023,Konyaspor,Kayserispor,11450182,,42000.0,Medas Konya Büyüksehir Belediyesi Stadium
2023,Adana Demirspor,Antalyaspor,11450176,,33543.0,New Adana Stadium
2023,Fenerbahçe,Galatasaray,11450180,,50530.0,Chobani Stadium
2023,Alanyaspor,Samsunspor,11450177,,10128.0,Bahcesehir Okullari Stadium
2023,Kasımpaşa,Çaykur Rizespor,11450173,,14234.0,Recep Tayyip Erdogan Stadium
2023,Hatayspor,Beşiktaş,11450174,,25534.0,Mersin Stadyumu
2023,Pendikspor,Ankaragücü,11450172,,4105.0,Pendik Stadium
2023,Gaziantep FK,Pendikspor,11450155,,33502.0,Gaziantep Stadium
2023,Antalyaspor,Alanyaspor,11450159,,32537.0,Antalya Stadium
2023,Beşiktaş,Kasımpaşa,11450160,,42684.0,Tüpraş Stadyumu
2023,Çaykur Rizespor,Hatayspor,11450163,,15558.0,Çaykur Didi Stadyumu
2023,İstanbul Başakşehir,Adana Demirspor,11450162,,17156.0,Basaksehir Fatih Terim Stadium
2023,Ankaragücü,Trabzonspor,11450161,,20560.0,Eryaman Stadyumu
2023,Samsunspor,Fatih Karagümrük,11450186,,33919.0,Samsun Yeni 19 Mayıs Stadyumu
2023,Kayserispor,Sivasspor,11450183,,32864.0,Kadir Has Stadium
2023,İstanbulspor,Fenerbahçe,11450184,,7500.0,Esenyurt Necmi Kadioglu Stadi
2023,Galatasaray,Konyaspor,11450185,,53978.0,Rams Park Stadyumu
2023,Hatayspor,Pendikspor,11450164,,25534.0,Mersin Stadyumu
2023,Ankaragücü,Kasımpaşa,11450165,,20560.0,Eryaman Stadyumu
2023,İstanbul Başakşehir,Alanyaspor,11450167,,17156.0,Basaksehir Fatih Terim Stadium
2023,Beşiktaş,Fatih Karagümrük,11450168,,42684.0,Tüpraş Stadyumu
2023,Çaykur Rizespor,Adana Demirspor,11450166,,15558.0,Çaykur Didi Stadyumu
2023,İstanbulspor,Konyaspor,11450145,,7500.0,Esenyurt Necmi Kadioglu Stadi
2023,Antalyaspor,Trabzonspor,11450170,,32537.0,Antalya Stadium
2023,Samsunspor,Sivasspor,11450175,,33919.0,Samsun Yeni 19 Mayıs Stadyumu
2023,Gaziantep FK,Fenerbahçe,11450171,,33502.0,Gaziantep Stadium
2023,Galatasaray,Kayserispor,11450169,,53978.0,Rams Park Stadyumu
2023,Kasımpaşa,Hatayspor,11450144,,14234.0,Recep Tayyip Erdogan Stadium
2023,Alanyaspor,Çaykur Rizespor,11450154,,10128.0,Bahcesehir Okullari Stadium
2023,Fatih Karagümrük,İstanbul Başakşehir,11450149,,6500.0,Vefa Stadium
2023,Pendikspor,Beşiktaş,11450151,,4105.0,Pendik Stadium
2023,Adana Demirspor,Ankaragücü,11450152,,33543.0,New Adana Stadium
2023,Sivasspor,Gaziantep FK,11450148,,27532.0,Yeni Sivas 4 Eylül Stadyumu
2023,Fenerbahçe,Samsunspor,11450147,,50530.0,Chobani Stadium
2023,Konyaspor,Antalyaspor,11450150,,42000.0,Medas Konya Büyüksehir Belediyesi Stadium
2023,Trabzonspor,Galatasaray,11450146,,41000.0,Papara Park
2023,Kayserispor,İstanbulspor,11450143,,32864.0,Kadir Has Stadium
2023,Hatayspor,Alanyaspor,11450158,,25534.0,Mersin Stadyumu
2023,Beşiktaş,Adana Demirspor,11450126,,42684.0,Tüpraş Stadyumu
2023,Pendikspor,Kasımpaşa,11450156,,4105.0,Pendik Stadium
2023,Gaziantep FK,Konyaspor,11450131,,33502.0,Gaziantep Stadium
2023,Ankaragücü,Fatih Karagümrük,11450128,,20560.0,Eryaman Stadyumu
2023,Antalyaspor,Sivasspor,11450138,,32537.0,Antalya Stadium
2023,İstanbul Başakşehir,Fenerbahçe,11450130,,17156.0,Basaksehir Fatih Terim Stadium
2023,Samsunspor,Kayserispor,11450153,,33919.0,Samsun Yeni 19 Mayıs Stadyumu
2023,Galatasaray,İstanbulspor,11450157,,52223.0,Ali Sami Yen Stadium
2023,Çaykur Rizespor,Trabzonspor,11450129,7226.0,15558.0,Çaykur Didi Stadyumu
2023,Alanyaspor,Pendikspor,11450140,,10128.0,Bahcesehir Okullari Stadium
2023,Adana Demirspor,Hatayspor,11450136,,33543.0,New Adana Stadium
2023,Konyaspor,İstanbul Başakşehir,11450135,,42000.0,Medas Konya Büyüksehir Belediyesi Stadium
2023,Fatih Karagümrük,Çaykur Rizespor,11450137,,6500.0,Vefa Stadium
2023,Sivasspor,Beşiktaş,11450134,,27532.0,Yeni Sivas 4 Eylül Stadyumu
2023,Fenerbahçe,Ankaragücü,11450139,,50530.0,Chobani Stadium
2023,Kayserispor,Antalyaspor,11450133,,32864.0,Kadir Has Stadium
2023,İstanbulspor,Samsunspor,11450142,,7500.0,Esenyurt Necmi Kadioglu Stadi
2023,Galatasaray,Gaziantep FK,11450132,,53978.0,Rams Park Stadyumu
2023,Trabzonspor,Kasımpaşa,11450141,,41000.0,Papara Park
2023,Hatayspor,Fatih Karagümrük,11450118,,25534.0,Mersin Stadyumu
2023,Ankaragücü,Sivasspor,11450123,,20560.0,Eryaman Stadyumu
2023,Samsunspor,Galatasaray,11450111,,33919.0,Samsun Yeni 19 Mayıs Stadyumu
2023,Çaykur Rizespor,Konyaspor,11450124,,15558.0,Çaykur Didi Stadyumu
2023,İstanbul Başakşehir,İstanbulspor,11450112,,17156.0,Basaksehir Fatih Terim Stadium
2023,Antalyaspor,Fenerbahçe,11450122,,32537.0,Antalya Stadium
2023,Gaziantep FK,Kayserispor,11450113,6828.0,33502.0,Gaziantep Stadium
2023,Pendikspor,Adana Demirspor,11450121,,4105.0,Pendik Stadium
2023,Kasımpaşa,Alanyaspor,11450119,,14234.0,Recep Tayyip Erdogan Stadium
2023,Beşiktaş,Trabzonspor,11450120,,42684.0,Tüpraş Stadyumu
2023,Adana Demirspor,Kasımpaşa,11450100,,33543.0,New Adana Stadium
2023,Fatih Karagümrük,Pendikspor,11450127,,6500.0,Vefa Stadium
2023,Galatasaray,İstanbul Başakşehir,11450102,,53978.0,Rams Park Stadyumu
2023,Sivasspor,Çaykur Rizespor,11450104,,27532.0,Yeni Sivas 4 Eylül Stadyumu
2023,Konyaspor,Ankaragücü,11450106,,42000.0,Medas Konya Büyüksehir Belediyesi Stadium
2023,İstanbulspor,Gaziantep FK,11450109,,7500.0,Esenyurt Necmi Kadioglu Stadi
2023,Fenerbahçe,Alanyaspor,11450101,,50530.0,Chobani Stadium
2023,Trabzonspor,Hatayspor,11450125,,41000.0,Papara Park
2023,Kayserispor,Beşiktaş,11450107,,32864.0,Kadir Has Stadium
2023,Samsunspor,Antalyaspor,11450103,,33919.0,Samsun Yeni 19 Mayıs Stadyumu
2023,Kasımpaşa,Fatih Karagümrük,11450115,,14234.0,Recep Tayyip Erdogan Stadium
2023,Antalyaspor,İstanbulspor,11450105,,32537.0,Antalya Stadium
2023,Hatayspor,Sivasspor,11450087,,25534.0,Mersin Stadyumu
2023,Çaykur Rizespor,Fenerbahçe,11450089,,15558.0,Çaykur Didi Stadyumu
2023,Alanyaspor,Adana Demirspor,11450110,,10128.0,Bahcesehir Okullari Stadium
2023,Gaziantep FK,Samsunspor,11450114,,33502.0,Gaziantep Stadium
2023,Pendikspor,Trabzonspor,11450116,,4105.0,Pendik Stadium
2023,Ankaragücü,Galatasaray,11450117,,20560.0,Eryaman Stadyumu
2023,İstanbul Başakşehir,Kayserispor,11450108,,17156.0,Basaksehir Fatih Terim Stadium
2023,Beşiktaş,Konyaspor,11450085,,42684.0,Tüpraş Stadyumu
2023,Samsunspor,Çaykur Rizespor,11450099,,33919.0,Samsun Yeni 19 Mayıs Stadyumu
2023,Kayserispor,Ankaragücü,11450097,,32864.0,Kadir Has Stadium
2023,Gaziantep FK,İstanbul Başakşehir,11450093,,33502.0,Gaziantep Stadium
2023,Fenerbahçe,Kasımpaşa,11450091,,50530.0,Chobani Stadium
2023,Konyaspor,Hatayspor,11450088,,42000.0,Medas Konya Büyüksehir Belediyesi Stadium
2023,Sivasspor,Pendikspor,11450090,,27532.0,Yeni Sivas 4 Eylül Stadyumu
2023,Fatih Karagümrük,Alanyaspor,11450092,,6500.0,Vefa Stadium
2023,Trabzonspor,Adana Demirspor,11450094,,41000.0,Papara Park
2023,İstanbulspor,Beşiktaş,11450096,,7500.0,Esenyurt Necmi Kadioglu Stadi
2023,Galatasaray,Antalyaspor,11450095,,53978.0,Rams Park Stadyumu
2023,Kasımpaşa,Sivasspor,11450074,,14234.0,Recep Tayyip Erdogan Stadium
2023,Ankaragücü,İstanbulspor,11450079,,20560.0,Eryaman Stadyumu
2023,Çaykur Rizespor,Kayserispor,11450098,,15558.0,Çaykur Didi Stadyumu
2023,Hatayspor,Fenerbahçe,11450084,,25534.0,Mersin Stadyumu
2023,İstanbul Başakşehir,Samsunspor,11450082,,17156.0,Basaksehir Fatih Terim Stadium
2023,Pendikspor,Konyaspor,11450071,,4105.0,Pendik Stadium
2023,Beşiktaş,Galatasaray,11450073,,42684.0,Tüpraş Stadyumu
2023,Adana Demirspor,Fatih Karagümrük,11450081,,33543.0,New Adana Stadium
2023,Alanyaspor,Trabzonspor,11450070,,10128.0,Bahcesehir Okullari Stadium
2023,Antalyaspor,Gaziantep FK,11450080,,32537.0,Antalya Stadium
2023,Galatasaray,Çaykur Rizespor,11450061,,53978.0,Rams Park Stadyumu
2023,Sivasspor,Alanyaspor,11450083,,27532.0,Yeni Sivas 4 Eylül Stadyumu
2023,Konyaspor,Adana Demirspor,11450086,,42000.0,Medas Konya Büyüksehir Belediyesi Stadium
2023,İstanbul Başakşehir,Antalyaspor,11450059,,17156.0,Basaksehir Fatih Terim Stadium
2023,Trabzonspor,Fatih Karagümrük,11450055,,41000.0,Papara Park
2023,Kayserispor,Hatayspor,11450076,,32864.0,Kadir Has Stadium
2023,Samsunspor,Ankaragücü,11450064,,33919.0,Samsun Yeni 19 Mayıs Stadyumu
2023,İstanbulspor,Kasımpaşa,11450078,,7500.0,Esenyurt Necmi Kadioglu Stadi
2023,Fenerbahçe,Pendikspor,11450077,,50530.0,Chobani Stadium
2023,Gaziantep FK,Beşiktaş,11450057,,33502.0,Gaziantep Stadium
2023,Fatih Karagümrük,Konyaspor,11450034,,6500.0,Vefa Stadium
2023,Pendikspor,İstanbulspor,11450062,,4105.0,Pendik Stadium
2023,Alanyaspor,Kayserispor,11450063,,10128.0,Bahcesehir Okullari Stadium
2023,Ankaragücü,İstanbul Başakşehir,11450069,,20560.0,Eryaman Stadyumu
2023,Adana Demirspor,Sivasspor,11450072,,33543.0,New Adana Stadium
2023,Beşiktaş,Antalyaspor,11450068,,42684.0,Tüpraş Stadyumu
2023,Çaykur Rizespor,Gaziantep FK,11450067,,15558.0,Çaykur Didi Stadyumu
2023,Hatayspor,Samsunspor,11450066,,25534.0,Mersin Stadyumu
2023,Kasımpaşa,Galatasaray,11450065,,14234.0,Recep Tayyip Erdogan Stadium
2023,Trabzonspor,Fenerbahçe,11450075,,41000.0,Papara Park
2023,İstanbulspor,Çaykur Rizespor,11450054,,7500.0,Esenyurt Necmi Kadioglu Stadi
2023,Antalyaspor,Ankaragücü,11450053,,32537.0,Antalya Stadium
2023,Galatasaray,Hatayspor,11450036,,53978.0,Rams Park Stadyumu
2023,Gaziantep FK,Alanyaspor,11450049,,33502.0,Gaziantep Stadium
2023,Sivasspor,Fatih Karagümrük,11450050,,27532.0,Yeni Sivas 4 Eylül Stadyumu
2023,Fenerbahçe,Adana Demirspor,11450052,,50530.0,Chobani Stadium
2023,Kayserispor,Kasımpaşa,11450048,,32864.0,Kadir Has Stadium
2023,Konyaspor,Trabzonspor,11450047,,42000.0,Medas Konya Büyüksehir Belediyesi Stadium
2023,İstanbul Başakşehir,Beşiktaş,11450051,,17156.0,Basaksehir Fatih Terim Stadium
2023,Samsunspor,Pendikspor,11450035,,33919.0,Samsun Yeni 19 Mayıs Stadyumu
2023,Trabzonspor,Sivasspor,11450043,,41000.0,Papara Park
2023,Kasımpaşa,Konyaspor,11450018,,14234.0,Recep Tayyip Erdogan Stadium
2023,Ankaragücü,Gaziantep FK,11450023,,20560.0,Eryaman Stadyumu
2023,Adana Demirspor,Kayserispor,11450060,,33543.0,New Adana Stadium
2023,Beşiktaş,Samsunspor,11450026,,42684.0,Tüpraş Stadyumu
2023,Pendikspor,İstanbul Başakşehir,11450045,,4105.0,Pendik Stadium
2023,Hatayspor,İstanbulspor,11450058,,25534.0,Mersin Stadyumu
2023,Çaykur Rizespor,Antalyaspor,11450039,,15558.0,Çaykur Didi Stadyumu
2023,Fatih Karagümrük,Fenerbahçe,11450031,,6500.0,Vefa Stadium
2023,Alanyaspor,Galatasaray,11450056,,10128.0,Bahcesehir Okullari Stadium
2023,Beşiktaş,Ankaragücü,11450042,,42684.0,Tüpraş Stadyumu
2023,İstanbulspor,Fatih Karagümrük,11450033,,7500.0,Esenyurt Necmi Kadioglu Stadi
2023,Konyaspor,Alanyaspor,11450027,,42000.0,Medas Konya Büyüksehir Belediyesi Stadium
2023,Kayserispor,Trabzonspor,11450020,,32864.0,Kadir Has Stadium
2023,Samsunspor,Adana Demirspor,11450028,,33919.0,Samsun Yeni 19 Mayıs Stadyumu
2023,İstanbul Başakşehir,Çaykur Rizespor,11450017,,17156.0,Basaksehir Fatih Terim Stadium
2023,Antalyaspor,Hatayspor,11450025,,32537.0,Antalya Stadium
2023,Galatasaray,Pendikspor,11450044,,53978.0,Rams Park Stadyumu
2023,Gaziantep FK,Kasımpaşa,11450037,,33502.0,Gaziantep Stadium
2023,Sivasspor,Fenerbahçe,11450022,,27532.0,Yeni Sivas 4 Eylül Stadyumu
2023,Adana Demirspor,Galatasaray,11450019,,33543.0,New Adana Stadium
2023,Kasımpaşa,Samsunspor,11450024,,14234.0,Recep Tayyip Erdogan Stadium
2023,Sivasspor,Konyaspor,11450021,,27532.0,Yeni Sivas 4 Eylül Stadyumu
2023,Fenerbahçe,Beşiktaş,11450038,,50530.0,Chobani Stadium
2023,Hatayspor,İstanbul Başakşehir,11450030,,25534.0,Mersin Stadyumu
2023,Alanyaspor,İstanbulspor,11450041,,10128.0,Bahcesehir Okullari Stadium
2023,Pendikspor,Kayserispor,11450029,,4105.0,Pendik Stadium
2023,Trabzonspor,Gaziantep FK,11450032,,41000.0,Papara Park
2023,Çaykur Rizespor,Ankaragücü,11450046,,15558.0,Çaykur Didi Stadyumu
2023,Fatih Karagümrük,Antalyaspor,11450040,,6500.0,Vefa Stadium
2023,Beşiktaş,Çaykur Rizespor,11540868,,42684.0,Tüpraş Stadyumu
2023,Ankaragücü,Alanyaspor,11540862,,20560.0,Eryaman Stadyumu
2023,İstanbulspor,Adana Demirspor,11540863,,7500.0,Esenyurt Necmi Kadioglu Stadi
2023,Kayserispor,Fatih Karagümrük,11540864,,32864.0,Kadir Has Stadium
2023,Samsunspor,Trabzonspor,11540865,,33919.0,Samsun Yeni 19 Mayıs Stadyumu
2023,İstanbul Başakşehir,Kasımpaşa,11540861,,17156.0,Basaksehir Fatih Terim Stadium
2023,Galatasaray,Sivasspor,11540867,,53978.0,Rams Park Stadyumu
2023,Gaziantep FK,Hatayspor,11540859,,33502.0,Gaziantep Stadium
2023,Antalyaspor,Pendikspor,11540860,,32537.0,Antalya Stadium
2023,Konyaspor,Fenerbahçe,11540866,,42000.0,Medas Konya Büyüksehir Belediyesi Stadium
2023,Adana Demirspor,Gaziantep FK,11540871,,33543.0,New Adana Stadium
2023,Alanyaspor,Beşiktaş,11540874,,10128.0,Bahcesehir Okullari Stadium
2023,Fatih Karagümrük,Galatasaray,11540869,,6500.0,Vefa Stadium
2023,Fenerbahçe,Kayserispor,11540877,,50530.0,Chobani Stadium
2023,Hatayspor,Ankaragücü,11540875,,25534.0,Mersin Stadyumu
2023,Kasımpaşa,Antalyaspor,11540873,,14234.0,Recep Tayyip Erdogan Stadium
2023,Konyaspor,Samsunspor,11540870,,42000.0,Medas Konya Büyüksehir Belediyesi Stadium
2023,Pendikspor,Çaykur Rizespor,11540876,,4105.0,Pendik Stadium
2023,Sivasspor,İstanbul Başakşehir,11540872,,27532.0,Yeni Sivas 4 Eylül Stadyumu
2023,Trabzonspor,İstanbulspor,11540878,,41000.0,Papara Park
2023,İstanbulspor,Sivasspor,11540887,,7500.0,Esenyurt Necmi Kadioglu Stadi
2023,Antalyaspor,Adana Demirspor,11540883,,32537.0,Antalya Stadium
2023,İstanbul Başakşehir,Trabzonspor,11540885,,17156.0,Basaksehir Fatih Terim Stadium
2023,Beşiktaş,Hatayspor,11540879,,42684.0,Tüpraş Stadyumu
2023,Gaziantep FK,Fatih Karagümrük,11540884,,33502.0,Gaziantep Stadium
2023,Kayserispor,Konyaspor,11540888,,32864.0,Kadir Has Stadium
2023,Ankaragücü,Pendikspor,11540880,,20560.0,Eryaman Stadyumu
2023,Samsunspor,Alanyaspor,11540882,,33919.0,Samsun Yeni 19 Mayıs Stadyumu
2023,Çaykur Rizespor,Kasımpaşa,11540881,,15558.0,Çaykur Didi Stadyumu
2023,Galatasaray,Fenerbahçe,11540886,,53978.0,Rams Park Stadyumu
2023,Alanyaspor,Antalyaspor,11540895,,10128.0,Bahcesehir Okullari Stadium
2023,Fatih Karagümrük,Samsunspor,11540892,,6500.0,Vefa Stadium
2023,Sivasspor,Kayserispor,11540889,,27532.0,Yeni Sivas 4 Eylül Stadyumu
2023,Adana Demirspor,İstanbul Başakşehir,11540894,,33543.0,New Adana Stadium
2023,Fenerbahçe,İstanbulspor,11540890,,50530.0,Chobani Stadium
2023,Hatayspor,Çaykur Rizespor,11540898,,25534.0,Mersin Stadyumu
2023,Kasımpaşa,Beşiktaş,11540896,,14234.0,Recep Tayyip Erdogan Stadium
2023,Konyaspor,Galatasaray,11540891,,42000.0,Medas Konya Büyüksehir Belediyesi Stadium
2023,Pendikspor,Gaziantep FK,11540893,,4105.0,Pendik Stadium
2023,Trabzonspor,Ankaragücü,11540897,,41000.0,Papara Park
2022,İstanbulspor,Trabzonspor,10434043,,77563.0,Atatürk Olympic Stadium
2022,Sivasspor,Gaziantep FK,10434132,,27532.0,Yeni Sivas 4 Eylül Stadyumu
2022,Beşiktaş,Kayserispor,10434039,,42684.0,Tüpraş Stadyumu
2022,Fatih Karagümrük,Alanyaspor,10434136,,6500.0,Vefa Stadium
2022,Giresunspor,Adana Demirspor,10434033,,12191.0,Giresun Atatürk Stadium
2022,Antalyaspor,Galatasaray,10434065,,32537.0,Antalya Stadium
2022,İstanbul Başakşehir,Kasımpaşa,10434134,,17156.0,Basaksehir Fatih Terim Stadium
2022,Fenerbahçe,Ümraniyespor,10434133,,50530.0,Chobani Stadium
2022,Ankaragücü,Konyaspor,10434078,,20560.0,Eryaman Stadyumu
2022,Trabzonspor,Hatayspor,10434041,,41000.0,Papara Park
2022,Kayserispor,İstanbulspor,10434048,,32864.0,Kadir Has Stadium
2022,Adana Demirspor,Sivasspor,10434038,,16095.0,5 Ocak Fatih Terim
2022,Galatasaray,Giresunspor,10434045,44516.0,53978.0,Rams Park Stadyumu
2022,Gaziantep FK,Ankaragücü,10434128,,33502.0,Gaziantep Stadium
2022,Ümraniyespor,Antalyaspor,10434142,,3513.0,Ümraniye Belediyesi Sehir Stadi
2022,Alanyaspor,Beşiktaş,10434068,,10128.0,Bahcesehir Okullari Stadium
2022,Konyaspor,İstanbul Başakşehir,10434135,,42000.0,Medas Konya Büyüksehir Belediyesi Stadium
2022,Kasımpaşa,Fenerbahçe,10434071,,14234.0,Recep Tayyip Erdogan Stadium
2022,Ümraniyespor,Galatasaray,10434037,,77563.0,Atatürk Olympic Stadium
2022,Giresunspor,Kasımpaşa,10434158,,12191.0,Giresun Atatürk Stadium
2022,Hatayspor,Gaziantep FK,10434066,,25000.0,Hatay Stadyumu
2022,Antalyaspor,Trabzonspor,10434123,,32537.0,Antalya Stadium
2022,İstanbul Başakşehir,Kayserispor,10434143,,17156.0,Basaksehir Fatih Terim Stadium
2022,Beşiktaş,Fatih Karagümrük,10434153,,42684.0,Tüpraş Stadyumu
2022,Sivasspor,Alanyaspor,10434070,,27532.0,Yeni Sivas 4 Eylül Stadyumu
2022,İstanbulspor,Konyaspor,10434047,,7500.0,Esenyurt Necmi Kadioglu Stadi
2022,Fenerbahçe,Adana Demirspor,10434129,,50530.0,Chobani Stadium
2022,Gaziantep FK,Antalyaspor,10433827,,25000.0,Yeni Hatay Stadium
2022,Fatih Karagümrük,Ankaragücü,10433809,,6500.0,Vefa Stadium
2022,Adana Demirspor,Ümraniyespor,10433957,12334.0,16095.0,5 Ocak Fatih Terim
2022,Alanyaspor,İstanbulspor,10434146,,10128.0,Bahcesehir Okullari Stadium
2022,Kasımpaşa,Hatayspor,10433804,,14234.0,Recep Tayyip Erdogan Stadium
2022,Kayserispor,Giresunspor,10433873,,32864.0,Kadir Has Stadium
2022,Trabzonspor,Galatasaray,10433871,,41000.0,Papara Park
2022,Konyaspor,Fenerbahçe,10433798,,34930.0,Eskisehir Yeni Stadium
2022,Beşiktaş,Sivasspor,10433802,,42684.0,Tüpraş Stadyumu
2022,Ümraniyespor,Trabzonspor,10433836,,3513.0,Ümraniye Belediyesi Sehir Stadi
2022,İstanbul Başakşehir,Alanyaspor,10433880,,17156.0,Basaksehir Fatih Terim Stadium
2022,Sivasspor,Fatih Karagümrük,10433805,,27532.0,Yeni Sivas 4 Eylül Stadyumu
2022,Fenerbahçe,Kayserispor,10433830,,50530.0,Chobani Stadium
2022,Giresunspor,Konyaspor,10433962,,12191.0,Giresun Atatürk Stadium
2022,Hatayspor,Adana Demirspor,10433970,8960.0,25000.0,Hatay Stadyumu
2022,Antalyaspor,Kasımpaşa,10433885,,32537.0,Antalya Stadium
2022,Ankaragücü,Beşiktaş,10433799,,20560.0,Eryaman Stadyumu
2022,Galatasaray,Gaziantep FK,10433958,,53978.0,Rams Park Stadyumu
2022,Alanyaspor,Ankaragücü,10433813,,10128.0,Bahcesehir Okullari Stadium
2022,Konyaspor,Hatayspor,10433800,,42000.0,Medas Konya Büyüksehir Belediyesi Stadium
2022,Fatih Karagümrük,Giresunspor,10433795,,6500.0,Vefa Stadium
2022,Sivasspor,İstanbulspor,10433842,,27532.0,Yeni Sivas 4 Eylül Stadyumu
2022,Gaziantep FK,Ümraniyespor,10433961,,25000.0,Yeni Hatay Stadium
2022,Kasımpaşa,Galatasaray,10433801,,14234.0,Recep Tayyip Erdogan Stadium
2022,Kayserispor,Antalyaspor,10433879,,32864.0,Kadir Has Stadium
2022,Beşiktaş,İstanbul Başakşehir,10433881,,42684.0,Tüpraş Stadyumu
2022,Adana Demirspor,Trabzonspor,10433811,,16095.0,5 Ocak Fatih Terim
2022,Galatasaray,Konyaspor,10433808,,53978.0,Rams Park Stadyumu
2022,Hatayspor,Kayserispor,10433807,,25000.0,Hatay Stadyumu
2022,Ümraniyespor,Kasımpaşa,10433973,,3513.0,Ümraniye Belediyesi Sehir Stadi
2022,Antalyaspor,Adana Demirspor,10433837,,32537.0,Antalya Stadium
2022,İstanbulspor,Beşiktaş,10433840,,7500.0,Esenyurt Necmi Kadioglu Stadi
2022,İstanbul Başakşehir,Fatih Karagümrük,10433838,,17156.0,Basaksehir Fatih Terim Stadium
2022,Trabzonspor,Gaziantep FK,10433794,29300.0,41000.0,Papara Park
2022,Fenerbahçe,Alanyaspor,10433967,,50530.0,Chobani Stadium
2022,Ankaragücü,Sivasspor,10433877,,20560.0,Eryaman Stadyumu
2022,Kasımpaşa,Gaziantep FK,10433806,,14234.0,Recep Tayyip Erdogan Stadium
2022,Kayserispor,Trabzonspor,10433843,,32864.0,Kadir Has Stadium
2022,Ankaragücü,İstanbul Başakşehir,10433810,,20560.0,Eryaman Stadyumu
2022,Adana Demirspor,Galatasaray,10433817,,16095.0,5 Ocak Fatih Terim
2022,Alanyaspor,Giresunspor,10433797,,10128.0,Bahcesehir Okullari Stadium
2022,Sivasspor,Hatayspor,10433965,,27532.0,Yeni Sivas 4 Eylül Stadyumu
2022,Konyaspor,Ümraniyespor,10433884,,42000.0,Medas Konya Büyüksehir Belediyesi Stadium
2022,Beşiktaş,Fenerbahçe,10433834,,42684.0,Tüpraş Stadyumu
2022,Fatih Karagümrük,İstanbulspor,10433883,,6500.0,Vefa Stadium
2022,Gaziantep FK,Adana Demirspor,10433882,,33502.0,Gaziantep Stadium
2022,İstanbulspor,Ankaragücü,10433839,,7500.0,Esenyurt Necmi Kadioglu Stadi
2022,Antalyaspor,Konyaspor,10433966,,32537.0,Antalya Stadium
2022,Giresunspor,Beşiktaş,10433818,,12191.0,Giresun Atatürk Stadium
2022,Ümraniyespor,Kayserispor,10433816,,77563.0,Atatürk Olympic Stadium
2022,Hatayspor,Alanyaspor,10433812,,25000.0,Hatay Stadyumu
2022,Fenerbahçe,Fatih Karagümrük,10433971,,50530.0,Chobani Stadium
2022,İstanbul Başakşehir,Sivasspor,10433886,,17156.0,Basaksehir Fatih Terim Stadium
2022,Trabzonspor,Kasımpaşa,10433796,,41061.0,Papara Park
2022,Alanyaspor,Antalyaspor,10433878,,10128.0,Bahcesehir Okullari Stadium
2022,Fatih Karagümrük,Hatayspor,10433835,,7500.0,Esenyurt Necmi Kadioglu Stadium
2022,Kasımpaşa,Adana Demirspor,10433972,,14234.0,Recep Tayyip Erdogan Stadium
2022,Kayserispor,Galatasaray,10433823,,32864.0,Kadir Has Stadium
2022,Konyaspor,Gaziantep FK,10433946,,42000.0,Medas Konya Büyüksehir Belediyesi Stadium
2022,İstanbul Başakşehir,İstanbulspor,10433841,,17156.0,Basaksehir Fatih Terim Stadium
2022,Beşiktaş,Trabzonspor,10433969,,42684.0,Tüpraş Stadyumu
2022,Ankaragücü,Fenerbahçe,10433988,,20560.0,Eryaman Stadyumu
2022,Sivasspor,Giresunspor,10433824,,27532.0,Yeni Sivas 4 Eylül Stadyumu
2022,Antalyaspor,İstanbulspor,10433864,7720.0,32537.0,Antalya Stadium
2022,Ümraniyespor,Fatih Karagümrük,10433888,,3513.0,Ümraniye Belediyesi Sehir Stadi
2022,Trabzonspor,Sivasspor,10433996,,41000.0,Papara Park
2022,Fenerbahçe,İstanbul Başakşehir,10433968,,50530.0,Chobani Stadium
2022,Kasımpaşa,Kayserispor,10433935,,14234.0,Recep Tayyip Erdogan Stadium
2022,Adana Demirspor,Konyaspor,10433849,,16095.0,5 Ocak Fatih Terim
2022,Galatasaray,Alanyaspor,10433892,,53978.0,Rams Park Stadyumu
2022,Giresunspor,Ankaragücü,10433947,,12191.0,Giresun Atatürk Stadium
2022,Hatayspor,Beşiktaş,10433822,,25000.0,Hatay Stadyumu
2022,Fatih Karagümrük,Galatasaray,10433855,,77563.0,Atatürk Olympic Stadium
2022,Konyaspor,Kasımpaşa,10433891,,42000.0,Medas Konya Büyüksehir Belediyesi Stadium
2022,Alanyaspor,Gaziantep FK,10433858,,10128.0,Bahcesehir Okullari Stadium
2022,Ankaragücü,Hatayspor,10433952,,20560.0,Eryaman Stadyumu
2022,Beşiktaş,Ümraniyespor,10433941,,42684.0,Tüpraş Stadyumu
2022,Kayserispor,Adana Demirspor,10433857,,32864.0,Kadir Has Stadium
2022,İstanbulspor,Fenerbahçe,10433860,,77563.0,Atatürk Olympic Stadium
2022,İstanbul Başakşehir,Giresunspor,10433875,,17156.0,Basaksehir Fatih Terim Stadium
2022,Sivasspor,Antalyaspor,10433974,,27532.0,Yeni Sivas 4 Eylül Stadyumu
2022,Kasımpaşa,Ankaragücü,10433862,,14234.0,Recep Tayyip Erdogan Stadium
2022,Ümraniyespor,Alanyaspor,10433948,,3513.0,Ümraniye Belediyesi Sehir Stadi
2022,Giresunspor,İstanbulspor,10433987,,12191.0,Giresun Atatürk Stadium
2022,Galatasaray,Beşiktaş,10433868,,53978.0,Rams Park Stadyumu
2022,Gaziantep FK,Kayserispor,10433898,,33502.0,Gaziantep Stadium
2022,Antalyaspor,Fatih Karagümrük,10433977,,32537.0,Antalya Stadium
2022,Trabzonspor,Konyaspor,10433866,,41000.0,Papara Park
2022,Fenerbahçe,Sivasspor,10433895,,50530.0,Chobani Stadium
2022,Hatayspor,İstanbul Başakşehir,10433869,,25000.0,Hatay Stadyumu
2022,Alanyaspor,Adana Demirspor,10433955,,10128.0,Bahcesehir Okullari Stadium
2022,Ankaragücü,Trabzonspor,10433990,,20560.0,Eryaman Stadyumu
2022,Sivasspor,Ümraniyespor,10433896,,27532.0,Yeni Sivas 4 Eylül Stadyumu
2022,Fenerbahçe,Giresunspor,10433932,41180.0,50530.0,Chobani Stadium
2022,İstanbul Başakşehir,Galatasaray,10433867,,17156.0,Basaksehir Fatih Terim Stadium
2022,Fatih Karagümrük,Gaziantep FK,10433934,,6500.0,Vefa Stadium
2022,Kayserispor,Konyaspor,10433870,12095.0,32864.0,Kadir Has Stadium
2022,İstanbulspor,Hatayspor,10433944,,7500.0,Esenyurt Necmi Kadioglu Stadi
2022,Beşiktaş,Antalyaspor,11072242,,42684.0,Tüpraş Stadyumu
2022,Antalyaspor,Ankaragücü,10433887,,32537.0,Antalya Stadium
2022,Ümraniyespor,İstanbul Başakşehir,10433997,,3513.0,Ümraniye Belediyesi Sehir Stadi
2022,Hatayspor,Giresunspor,10433985,,25000.0,Hatay Stadyumu
2022,Kasımpaşa,Sivasspor,10433872,,14234.0,Recep Tayyip Erdogan Stadium
2022,Trabzonspor,Fenerbahçe,10433943,,41000.0,Papara Park
2022,Adana Demirspor,Fatih Karagümrük,10433951,,16095.0,5 Ocak Fatih Terim
2022,Gaziantep FK,Beşiktaş,10433983,,33502.0,Gaziantep Stadium
2022,Konyaspor,Alanyaspor,10433890,,42000.0,Medas Konya Büyüksehir Belediyesi Stadium
2022,Galatasaray,İstanbulspor,10433874,,53978.0,Rams Park Stadyumu
2022,İstanbul Başakşehir,Antalyaspor,10433989,,17156.0,Basaksehir Fatih Terim Stadium
2022,Ankaragücü,Ümraniyespor,10433964,,20560.0,Eryaman Stadyumu
2022,Fenerbahçe,Hatayspor,10433949,,50530.0,Chobani Stadium
2022,Alanyaspor,Kayserispor,10433876,,10128.0,Bahcesehir Okullari Stadium
2022,İstanbulspor,Kasımpaşa,10433900,,7500.0,Esenyurt Necmi Kadioglu Stadi
2022,Fatih Karagümrük,Trabzonspor,10433954,,6500.0,Vefa Stadium
2022,Giresunspor,Gaziantep FK,10433982,,12191.0,Giresun Atatürk Stadium
2022,Sivasspor,Galatasaray,10433950,,27532.0,Yeni Sivas 4 Eylül Stadyumu
2022,Beşiktaş,Adana Demirspor,10433980,,42684.0,Tüpraş Stadyumu
2022,Ümraniyespor,Hatayspor,10433893,,3513.0,Ümraniye Belediyesi Sehir Stadi
2022,Antalyaspor,Fenerbahçe,10433959,,32537.0,Antalya Stadium
2022,Kasımpaşa,Alanyaspor,10433975,,14234.0,Recep Tayyip Erdogan Stadium
2022,Kayserispor,Fatih Karagümrük,10433960,,32864.0,Kadir Has Stadium
2022,Galatasaray,Ankaragücü,10433956,,53978.0,Rams Park Stadyumu
2022,Konyaspor,Sivasspor,10433963,,42000.0,Medas Konya Büyüksehir Belediyesi Stadium
2022,Gaziantep FK,İstanbul Başakşehir,10434025,,33502.0,Gaziantep Stadium
2022,Adana Demirspor,İstanbulspor,10434067,,16095.0,5 Ocak Fatih Terim
2022,Trabzonspor,Giresunspor,10433902,14921.0,41000.0,Papara Park
2022,Hatayspor,Antalyaspor,10434004,,25000.0,Hatay Stadyumu
2022,Beşiktaş,Kasımpaşa,10433979,,42684.0,Tüpraş Stadyumu
2022,Fatih Karagümrük,Konyaspor,10434001,,6500.0,Vefa Stadium
2022,Giresunspor,Ümraniyespor,10434051,,12191.0,Giresun Atatürk Stadium
2022,Ankaragücü,Kayserispor,10433981,,20560.0,Eryaman Stadyumu
2022,Fenerbahçe,Galatasaray,10434095,,50530.0,Chobani Stadium
2022,İstanbul Başakşehir,Adana Demirspor,10433984,,17156.0,Basaksehir Fatih Terim Stadium
2022,Alanyaspor,Trabzonspor,10433945,,10128.0,Bahcesehir Okullari Stadium
2022,İstanbulspor,Gaziantep FK,10434023,,7500.0,Esenyurt Necmi Kadioglu Stadi
2022,Kayserispor,Sivasspor,10434031,,32864.0,Kadir Has Stadium
2022,Galatasaray,Hatayspor,10434028,,53978.0,Rams Park Stadyumu
2022,Antalyaspor,Giresunspor,10433978,,32537.0,Antalya Stadium
2022,Adana Demirspor,Ankaragücü,10434006,,16095.0,5 Ocak Fatih Terim
2022,Konyaspor,Beşiktaş,10434007,,42000.0,Medas Konya Büyüksehir Belediyesi Stadium
2022,Trabzonspor,İstanbul Başakşehir,10434102,,41000.0,Papara Park
2022,Ümraniyespor,İstanbulspor,10433998,,3513.0,Ümraniye Belediyesi Sehir Stadi
2022,Kasımpaşa,Fatih Karagümrük,10433976,,14234.0,Recep Tayyip Erdogan Stadium
2022,Gaziantep FK,Fenerbahçe,10434050,,33502.0,Gaziantep Stadium
2022,Adana Demirspor,Giresunspor,10434091,,16095.0,5 Ocak Fatih Terim
2022,Kasımpaşa,İstanbul Başakşehir,10434036,,14234.0,Recep Tayyip Erdogan Stadium
2022,Galatasaray,Antalyaspor,10434075,,53978.0,Rams Park Stadyumu
2022,Gaziantep FK,Sivasspor,10433986,4702.0,33502.0,Gaziantep Stadium
2022,Alanyaspor,Fatih Karagümrük,10434053,,10128.0,Bahcesehir Okullari Stadium
2022,Kayserispor,Beşiktaş,10434000,,32864.0,Kadir Has Stadium
2022,Trabzonspor,İstanbulspor,10434069,,41000.0,Papara Park
2022,Konyaspor,Ankaragücü,10434002,,42000.0,Medas Konya Büyüksehir Belediyesi Stadium
2022,Ümraniyespor,Fenerbahçe,10434125,,3513.0,Ümraniye Belediyesi Sehir Stadi
2022,Beşiktaş,Alanyaspor,10434124,,42684.0,Tüpraş Stadyumu
2022,Sivasspor,Adana Demirspor,10434089,,25745.0,Yeni Malatyspor stadium
2022,Hatayspor,Trabzonspor,10434073,,25000.0,Hatay Stadyumu
2022,Ankaragücü,Gaziantep FK,10434108,,20560.0,Eryaman Stadyumu
2022,Antalyaspor,Ümraniyespor,10434009,,32537.0,Antalya Stadium
2022,Giresunspor,Galatasaray,10434035,,12191.0,Giresun Atatürk Stadium
2022,İstanbulspor,Kayserispor,10434030,,7500.0,Esenyurt Necmi Kadioglu Stadi
2022,İstanbul Başakşehir,Konyaspor,10434099,,17156.0,Basaksehir Fatih Terim Stadium
2022,Fenerbahçe,Kasımpaşa,10434022,,50530.0,Chobani Stadium
2022,Alanyaspor,Sivasspor,10434027,,10128.0,Bahcesehir Okullari Stadium
2022,Fatih Karagümrük,Beşiktaş,10434086,,6500.0,Vefa Stadium
2022,Gaziantep FK,Hatayspor,10434096,,33502.0,Gaziantep Stadium
2022,Kasımpaşa,Giresunspor,10434117,,14234.0,Recep Tayyip Erdogan Stadium
2022,Galatasaray,Ümraniyespor,10434119,,53978.0,Rams Park Stadyumu
2022,Trabzonspor,Antalyaspor,10434081,,41000.0,Papara Park
2022,Kayserispor,İstanbul Başakşehir,10434105,,32864.0,Kadir Has Stadium
2022,Konyaspor,İstanbulspor,10434054,,42000.0,Medas Konya Büyüksehir Belediyesi Stadium
2022,Adana Demirspor,Fenerbahçe,10434005,,16095.0,5 Ocak Fatih Terim
2022,Ankaragücü,Fatih Karagümrük,10434107,,20560.0,Eryaman Stadyumu
2022,Sivasspor,Beşiktaş,10434046,,27532.0,Yeni Sivas 4 Eylül Stadyumu
2022,Antalyaspor,Gaziantep FK,10434131,,32537.0,Antalya Stadium
2022,İstanbulspor,Alanyaspor,10434019,,7500.0,Esenyurt Necmi Kadioglu Stadi
2022,Hatayspor,Kasımpaşa,10434026,,25000.0,Hatay Stadyumu
2022,Galatasaray,Trabzonspor,10434013,,53978.0,Rams Park Stadyumu
2022,Fenerbahçe,Konyaspor,11050625,,50530.0,Chobani Stadium
2022,Giresunspor,Kayserispor,11050626,,21500.0,Çotanak Spor Kompleksi
2022,Ümraniyespor,Adana Demirspor,11050601,,3513.0,Ümraniye Belediyesi Sehir Stadi
2022,Alanyaspor,İstanbul Başakşehir,11068546,,10128.0,Bahcesehir Okullari Stadium
2022,Fatih Karagümrük,Sivasspor,11068543,,6500.0,Vefa Stadium
2022,Trabzonspor,Ümraniyespor,11068544,,41000.0,Papara Park
2022,Kayserispor,Fenerbahçe,11068545,,32864.0,Kadir Has Stadium
2022,Konyaspor,Giresunspor,11068548,,42000.0,Medas Konya Büyüksehir Belediyesi Stadium
2022,Beşiktaş,Ankaragücü,11068551,,42684.0,Tüpraş Stadyumu
2022,Kasımpaşa,Antalyaspor,11068550,,14234.0,Recep Tayyip Erdogan Stadium
2022,Giresunspor,Fatih Karagümrük,11068549,,12191.0,Giresun Atatürk Stadium
2022,Antalyaspor,Kayserispor,11068611,,32537.0,Antalya Stadium
2022,Galatasaray,Kasımpaşa,11068553,,53978.0,Rams Park Stadyumu
2022,Ankaragücü,Alanyaspor,11068554,,20560.0,Eryaman Stadyumu
2022,Trabzonspor,Adana Demirspor,11068555,,41000.0,Papara Park
2022,İstanbul Başakşehir,Beşiktaş,11068558,,17156.0,Basaksehir Fatih Terim Stadium
2022,İstanbulspor,Sivasspor,11068561,,7500.0,Esenyurt Necmi Kadioglu Stadi
2022,Konyaspor,Galatasaray,10434114,,42000.0,Medas Konya Büyüksehir Belediyesi Stadium
2022,Kasımpaşa,Ümraniyespor,10434021,,14234.0,Recep Tayyip Erdogan Stadium
2022,Adana Demirspor,Antalyaspor,10434088,,16095.0,5 Ocak Fatih Terim
2022,Beşiktaş,İstanbulspor,10434126,,42684.0,Tüpraş Stadyumu
2022,Fatih Karagümrük,İstanbul Başakşehir,10434072,,6500.0,Vefa Stadium
2022,Sivasspor,Ankaragücü,10434040,,27532.0,Yeni Sivas 4 Eylül Stadyumu
2022,Alanyaspor,Fenerbahçe,10434087,,10128.0,Bahcesehir Okullari Stadium
2022,İstanbul Başakşehir,Ankaragücü,10434092,,17156.0,Basaksehir Fatih Terim Stadium
2022,Trabzonspor,Kayserispor,10434010,,41000.0,Papara Park
2022,Galatasaray,Adana Demirspor,10434020,,53978.0,Rams Park Stadyumu
2022,Ümraniyespor,Konyaspor,11092222,,3513.0,Ümraniye Belediyesi Sehir Stadi
2022,Giresunspor,Alanyaspor,10434112,,12191.0,Giresun Atatürk Stadium
2022,Fenerbahçe,Beşiktaş,10434079,,50530.0,Chobani Stadium
2022,İstanbulspor,Fatih Karagümrük,10434056,,7500.0,Esenyurt Necmi Kadioglu Stadi
2022,Konyaspor,Antalyaspor,10434137,,42000.0,Medas Konya Büyüksehir Belediyesi Stadium
2022,Ankaragücü,İstanbulspor,10434008,,20560.0,Eryaman Stadyumu
2022,Kasımpaşa,Trabzonspor,10434029,,14234.0,Recep Tayyip Erdogan Stadium
2022,Sivasspor,İstanbul Başakşehir,10434064,,27532.0,Yeni Sivas 4 Eylül Stadyumu
2022,Beşiktaş,Giresunspor,10434151,,42684.0,Tüpraş Stadyumu
2022,Kayserispor,Ümraniyespor,10434094,,32864.0,Kadir Has Stadium
2022,Fatih Karagümrük,Fenerbahçe,10434138,,6500.0,Vefa Stadium
2022,Antalyaspor,Alanyaspor,10434080,,32537.0,Antalya Stadium
2022,Galatasaray,Kayserispor,10434111,,53978.0,Rams Park Stadyumu
2022,Adana Demirspor,Kasımpaşa,10434150,,16095.0,5 Ocak Fatih Terim
2022,İstanbulspor,İstanbul Başakşehir,10434017,,7500.0,Esenyurt Necmi Kadioglu Stadi
2022,Fenerbahçe,Ankaragücü,10434109,,50530.0,Chobani Stadium
2022,Giresunspor,Sivasspor,10434034,,12191.0,Giresun Atatürk Stadium
2022,Trabzonspor,Beşiktaş,10434100,,41000.0,Papara Park
2022,Alanyaspor,Galatasaray,10434076,,10128.0,Bahcesehir Okullari Stadium
2022,Fatih Karagümrük,Ümraniyespor,10434140,,6500.0,Vefa Stadium
2022,Kayserispor,Kasımpaşa,10434012,,32864.0,Kadir Has Stadium
2022,İstanbulspor,Antalyaspor,10434011,,7500.0,Esenyurt Necmi Kadioglu Stadi
2022,İstanbul Başakşehir,Fenerbahçe,10434145,,17156.0,Basaksehir Fatih Terim Stadium
2022,Konyaspor,Adana Demirspor,10434110,,42000.0,Medas Konya Büyüksehir Belediyesi Stadium
2022,Ankaragücü,Giresunspor,10434147,,20560.0,Eryaman Stadyumu
2022,Sivasspor,Trabzonspor,10434098,,27532.0,Yeni Sivas 4 Eylül Stadyumu
2022,Ümraniyespor,Beşiktaş,10434014,,3513.0,Ümraniye Belediyesi Sehir Stadi
2022,Kasımpaşa,Konyaspor,10434118,,14234.0,Recep Tayyip Erdogan Stadium
2022,Adana Demirspor,Kayserispor,10434157,,16095.0,5 Ocak Fatih Terim
2022,Galatasaray,Fatih Karagümrük,10434121,,53978.0,Rams Park Stadyumu
2022,Giresunspor,İstanbul Başakşehir,10434101,,21500.0,Çotanak Spor Kompleksi
2022,Antalyaspor,Sivasspor,10434154,,32537.0,Antalya Stadium
2022,Fenerbahçe,İstanbulspor,10434097,,50530.0,Chobani Stadium
2022,Alanyaspor,Ümraniyespor,10434093,,10128.0,Bahcesehir Okullari Stadium
2022,Fatih Karagümrük,Antalyaspor,10434156,,6500.0,Vefa Stadium
2022,Konyaspor,Trabzonspor,10434120,,42000.0,Medas Konya Büyüksehir Belediyesi Stadium
2022,Ankaragücü,Kasımpaşa,10433791,,20560.0,Eryaman Stadyumu
2022,Sivasspor,Fenerbahçe,10433847,,27532.0,Yeni Sivas 4 Eylül Stadyumu
2022,Beşiktaş,Galatasaray,10434103,,42684.0,Tüpraş Stadyumu
2022,İstanbulspor,Giresunspor,10433814,,7500.0,Esenyurt Necmi Kadioglu Stadi
2022,Antalyaspor,Beşiktaş,10433851,,32537.0,Antalya Stadium
2022,Adana Demirspor,Alanyaspor,10433903,,16095.0,5 Ocak Fatih Terim
2022,Ümraniyespor,Sivasspor,10433815,,3513.0,Ümraniye Belediyesi Sehir Stadi
2022,Konyaspor,Kayserispor,10433853,,42000.0,Medas Konya Büyüksehir Belediyesi Stadium
2022,Giresunspor,Fenerbahçe,10433787,,12191.0,Giresun Atatürk Stadium
2022,Galatasaray,İstanbul Başakşehir,10433780,,53978.0,Rams Park Stadyumu
2022,Trabzonspor,Ankaragücü,10433820,,41000.0,Papara Park
2022,Sivasspor,Kasımpaşa,10433821,,27532.0,Yeni Sivas 4 Eylül Stadyumu
2022,Alanyaspor,Konyaspor,10433774,,10128.0,Bahcesehir Okullari Stadium
2022,İstanbulspor,Galatasaray,10433899,,14234.0,Recep Tayyip Erdogan Stadium
2022,İstanbul Başakşehir,Ümraniyespor,10433781,,17156.0,Basaksehir Fatih Terim Stadium
2022,Fatih Karagümrük,Adana Demirspor,10433856,,42684.0,Tüpraş Stadyumu
2022,Ankaragücü,Antalyaspor,10433819,,20560.0,Eryaman Stadyumu
2022,Fenerbahçe,Trabzonspor,10433933,,50530.0,Chobani Stadium
2022,Kasımpaşa,İstanbulspor,10433789,,14234.0,Recep Tayyip Erdogan Stadium
2022,Galatasaray,Sivasspor,10433833,,53978.0,Rams Park Stadyumu
2022,Kayserispor,Alanyaspor,10433785,,32864.0,Kadir Has Stadium
2022,Ümraniyespor,Ankaragücü,10433782,,3513.0,Ümraniye Belediyesi Sehir Stadi
2022,Adana Demirspor,Beşiktaş,10433850,,16095.0,5 Ocak Fatih Terim
2022,Antalyaspor,İstanbul Başakşehir,10433940,,32537.0,Antalya Stadium
2022,Trabzonspor,Fatih Karagümrük,10433854,,41000.0,Papara Park
2022,Alanyaspor,Kasımpaşa,10433776,,10128.0,Bahcesehir Okullari Stadium
2022,Fatih Karagümrük,Kayserispor,10433784,,6500.0,Vefa Stadium
2022,Fenerbahçe,Antalyaspor,10433778,,50530.0,Chobani Stadium
2022,Giresunspor,Trabzonspor,10433783,,12191.0,Giresun Atatürk Stadium
2022,Ankaragücü,Galatasaray,10433942,,20560.0,Eryaman Stadyumu
2022,Sivasspor,Konyaspor,10433938,,27532.0,Yeni Sivas 4 Eylül Stadyumu
2022,İstanbulspor,Adana Demirspor,10433829,,7500.0,Esenyurt Necmi Kadioglu Stadi
2022,Konyaspor,Fatih Karagümrük,10433865,,42000.0,Medas Konya Büyüksehir Belediyesi Stadium
2022,Adana Demirspor,İstanbul Başakşehir,10433936,,16095.0,5 Ocak Fatih Terim
2022,Kasımpaşa,Beşiktaş,10433825,,14234.0,Recep Tayyip Erdogan Stadium
2022,Kayserispor,Ankaragücü,10433773,,32864.0,Kadir Has Stadium
2022,Trabzonspor,Alanyaspor,10433792,,41000.0,Papara Park
2022,Ümraniyespor,Giresunspor,10433828,,3513.0,Ümraniye Belediyesi Sehir Stadi
2022,Galatasaray,Fenerbahçe,10433859,,53978.0,Rams Park Stadyumu
2022,Fatih Karagümrük,Kasımpaşa,10433939,,53978.0,Rams Park Stadyumu
2022,Sivasspor,Kayserispor,10433894,,27532.0,Yeni Sivas 4 Eylül Stadyumu
2022,İstanbul Başakşehir,Trabzonspor,10433863,,17156.0,Basaksehir Fatih Terim Stadium
2022,Beşiktaş,Konyaspor,10433889,,42684.0,Tüpraş Stadyumu
2022,Giresunspor,Antalyaspor,10433995,,12191.0,Giresun Atatürk Stadium
2022,Ankaragücü,Adana Demirspor,10433779,,20560.0,Eryaman Stadyumu
2022,İstanbulspor,Ümraniyespor,10433937,,7500.0,Esenyurt Necmi Kadioglu Stadi
2021,Beşiktaş,Çaykur Rizespor,9643882,,42684.0,Tüpraş Stadyumu
2021,Fatih Karagümrük,Gaziantep FK,9643881,,6500.0,Vefa Stadium
2021,Altay,Kayserispor,9643888,,58008.0,Izmir Atatürk Stadium
2021,Hatayspor,Kasımpaşa,9643889,,25000.0,Hatay Stadyumu
2021,İstanbul Başakşehir,Alanyaspor,9643887,,17156.0,Basaksehir Fatih Terim Stadium
2021,Adana Demirspor,Fenerbahçe,9643886,,16095.0,5 Ocak Fatih Terim
2021,Antalyaspor,Göztepe,9643884,,32537.0,Antalya Stadium
2021,Sivasspor,Konyaspor,9643885,,27532.0,Yeni Sivas 4 Eylül Stadyumu
2021,Yeni Malatyaspor,Trabzonspor,9643883,,25745.0,Yeni Malatyspor stadium
2021,Giresunspor,Galatasaray,9643880,,21500.0,Çotanak Spor Kompleksi
2021,Kayserispor,Adana Demirspor,9643895,,32864.0,Kadir Has Stadium
2021,Kasımpaşa,Giresunspor,9643891,,14234.0,Recep Tayyip Erdogan Stadium
2021,Çaykur Rizespor,Fatih Karagümrük,9643494,,15558.0,Çaykur Didi Stadyumu
2021,Alanyaspor,Altay,9643894,,10128.0,Bahcesehir Okullari Stadium
2021,Gaziantep FK,Beşiktaş,9643890,,33502.0,Gaziantep Stadium
2021,Konyaspor,İstanbul Başakşehir,9643896,,42000.0,Medas Konya Büyüksehir Belediyesi Stadium
2021,Fenerbahçe,Antalyaspor,9643897,,50530.0,Chobani Stadium
2021,Göztepe,Yeni Malatyaspor,9643898,,20756.0,Gursel Aksel Stadium
2021,Trabzonspor,Sivasspor,9643893,,41000.0,Papara Park
2021,Galatasaray,Hatayspor,9643892,,77563.0,Atatürk Olympic Stadium
2021,Antalyaspor,Çaykur Rizespor,9643902,,32537.0,Antalya Stadium
2021,Adana Demirspor,Konyaspor,9643480,,16095.0,5 Ocak Fatih Terim
2021,İstanbul Başakşehir,Kayserispor,9643904,,17156.0,Basaksehir Fatih Terim Stadium
2021,Yeni Malatyaspor,Gaziantep FK,9643901,,25745.0,Yeni Malatyspor stadium
2021,Beşiktaş,Fatih Karagümrük,9643493,,42684.0,Tüpraş Stadyumu
2021,Hatayspor,Alanyaspor,9643906,,25000.0,Hatay Stadyumu
2021,Kasımpaşa,Galatasaray,9643900,,14234.0,Recep Tayyip Erdogan Stadium
2021,Sivasspor,Göztepe,9643903,,27532.0,Yeni Sivas 4 Eylül Stadyumu
2021,Altay,Fenerbahçe,9643905,,58008.0,Izmir Atatürk Stadium
2021,Giresunspor,Trabzonspor,9643899,,21500.0,Çotanak Spor Kompleksi
2021,Fatih Karagümrük,Adana Demirspor,9643908,,6500.0,Vefa Stadium
2021,Konyaspor,Altay,9643913,,42000.0,Medas Konya Büyüksehir Belediyesi Stadium
2021,Beşiktaş,Yeni Malatyaspor,9643909,,42684.0,Tüpraş Stadyumu
2021,Kayserispor,Kasımpaşa,9643912,,32864.0,Kadir Has Stadium
2021,Fenerbahçe,Sivasspor,9643914,,50530.0,Chobani Stadium
2021,Çaykur Rizespor,Hatayspor,9643483,,15558.0,Çaykur Didi Stadyumu
2021,Göztepe,İstanbul Başakşehir,9643529,,20756.0,Gursel Aksel Stadium
2021,Trabzonspor,Galatasaray,9643910,,41000.0,Papara Park
2021,Alanyaspor,Giresunspor,9643911,,10128.0,Bahcesehir Okullari Stadium
2021,Gaziantep FK,Antalyaspor,9643907,,33502.0,Gaziantep Stadium
2021,Altay,Göztepe,9643922,,58008.0,Izmir Atatürk Stadium
2021,Yeni Malatyaspor,Fatih Karagümrük,9643918,,25745.0,Yeni Malatyspor stadium
2021,Sivasspor,Gaziantep FK,9643920,,27532.0,Yeni Sivas 4 Eylül Stadyumu
2021,Kasımpaşa,Trabzonspor,9643916,,14234.0,Recep Tayyip Erdogan Stadium
2021,Adana Demirspor,Çaykur Rizespor,9643552,,16095.0,5 Ocak Fatih Terim
2021,Antalyaspor,Beşiktaş,9643919,,32537.0,Antalya Stadium
2021,Giresunspor,Konyaspor,9643915,,21500.0,Çotanak Spor Kompleksi
2021,Galatasaray,Alanyaspor,9643917,,53978.0,Rams Park Stadyumu
2021,İstanbul Başakşehir,Fenerbahçe,9643921,,17156.0,Basaksehir Fatih Terim Stadium
2021,Hatayspor,Kayserispor,9643923,,25000.0,Hatay Stadyumu
2021,Fatih Karagümrük,Antalyaspor,9643484,,6500.0,Vefa Stadium
2021,Çaykur Rizespor,Altay,9643489,,15558.0,Çaykur Didi Stadyumu
2021,Beşiktaş,Adana Demirspor,9643565,13764.0,42684.0,Tüpraş Stadyumu
2021,Yeni Malatyaspor,Sivasspor,9643924,,25745.0,Yeni Malatyspor stadium
2021,Gaziantep FK,İstanbul Başakşehir,9643486,,33502.0,Gaziantep Stadium
2021,Göztepe,Hatayspor,9643927,,20756.0,Gursel Aksel Stadium
2021,Kayserispor,Galatasaray,9643925,,32864.0,Kadir Has Stadium
2021,Konyaspor,Trabzonspor,9643926,,42000.0,Medas Konya Büyüksehir Belediyesi Stadium
2021,Alanyaspor,Kasımpaşa,9643482,,10128.0,Bahcesehir Okullari Stadium
2021,Fenerbahçe,Giresunspor,9643500,,50530.0,Chobani Stadium
2021,Altay,Beşiktaş,9643933,,58008.0,Izmir Atatürk Stadium
2021,Sivasspor,Fatih Karagümrük,9643501,,27532.0,Yeni Sivas 4 Eylül Stadyumu
2021,Antalyaspor,Yeni Malatyaspor,9643931,,32537.0,Antalya Stadium
2021,Adana Demirspor,Gaziantep FK,9643490,,16095.0,5 Ocak Fatih Terim
2021,Giresunspor,Kayserispor,9643481,,12191.0,Giresun Atatürk Stadium
2021,İstanbul Başakşehir,Çaykur Rizespor,9643932,,17156.0,Basaksehir Fatih Terim Stadium
2021,Hatayspor,Fenerbahçe,9643934,,25000.0,Hatay Stadyumu
2021,Galatasaray,Göztepe,9643929,,53978.0,Rams Park Stadyumu
2021,Kasımpaşa,Konyaspor,9643928,,14234.0,Recep Tayyip Erdogan Stadium
2021,Trabzonspor,Alanyaspor,9643930,,41000.0,Papara Park
2021,Antalyaspor,Adana Demirspor,9643939,,32537.0,Antalya Stadium
2021,Fatih Karagümrük,İstanbul Başakşehir,9643936,,6500.0,Vefa Stadium
2021,Konyaspor,Alanyaspor,9643941,,42000.0,Medas Konya Büyüksehir Belediyesi Stadium
2021,Göztepe,Giresunspor,9643497,,20756.0,Gursel Aksel Stadium
2021,Kayserispor,Trabzonspor,9643940,,32864.0,Kadir Has Stadium
2021,Beşiktaş,Sivasspor,9643937,,42684.0,Tüpraş Stadyumu
2021,Yeni Malatyaspor,Hatayspor,9643938,,25745.0,Yeni Malatyspor stadium
2021,Fenerbahçe,Kasımpaşa,9643942,,50530.0,Chobani Stadium
2021,Gaziantep FK,Altay,9643935,,33502.0,Gaziantep Stadium
2021,Çaykur Rizespor,Galatasaray,9643943,,15558.0,Çaykur Didi Stadyumu
2021,İstanbul Başakşehir,Beşiktaş,9643951,,17156.0,Basaksehir Fatih Terim Stadium
2021,Giresunspor,Çaykur Rizespor,9643944,,12191.0,Giresun Atatürk Stadium
2021,Sivasspor,Antalyaspor,9643949,,27532.0,Yeni Sivas 4 Eylül Stadyumu
2021,Adana Demirspor,Yeni Malatyaspor,9643950,,16095.0,5 Ocak Fatih Terim
2021,Kasımpaşa,Göztepe,9643945,,14234.0,Recep Tayyip Erdogan Stadium
2021,Altay,Fatih Karagümrük,9643952,,,Dogalnar Stadi
2021,Galatasaray,Konyaspor,9643946,,53978.0,Rams Park Stadyumu
2021,Trabzonspor,Fenerbahçe,9643947,,41000.0,Papara Park
2021,Alanyaspor,Kayserispor,9643948,,10128.0,Bahcesehir Okullari Stadium
2021,Hatayspor,Gaziantep FK,9643953,,25000.0,Hatay Stadyumu
2021,Yeni Malatyaspor,Altay,9643956,,25745.0,Yeni Malatyspor stadium
2021,Çaykur Rizespor,Kasımpaşa,9643962,,15558.0,Çaykur Didi Stadyumu
2021,Gaziantep FK,Giresunspor,9643954,,33502.0,Gaziantep Stadium
2021,Konyaspor,Kayserispor,9643959,,42000.0,Medas Konya Büyüksehir Belediyesi Stadium
2021,Göztepe,Trabzonspor,9643961,,20756.0,Gursel Aksel Stadium
2021,Fatih Karagümrük,Hatayspor,9643955,,6500.0,Vefa Stadium
2021,Antalyaspor,İstanbul Başakşehir,9643957,,32537.0,Antalya Stadium
2021,Sivasspor,Adana Demirspor,9643958,,27532.0,Yeni Sivas 4 Eylül Stadyumu
2021,Fenerbahçe,Alanyaspor,9643960,,50530.0,Chobani Stadium
2021,Beşiktaş,Galatasaray,9643514,,42684.0,Tüpraş Stadyumu
2021,Trabzonspor,Çaykur Rizespor,9643966,,41000.0,Papara Park
2021,Kasımpaşa,Yeni Malatyaspor,9643964,,14234.0,Recep Tayyip Erdogan Stadium
2021,Altay,Sivasspor,9643970,,58008.0,Izmir Atatürk Stadium
2021,Hatayspor,Beşiktaş,9643971,,25000.0,Hatay Stadyumu
2021,Konyaspor,Fenerbahçe,9643580,,42000.0,Medas Konya Büyüksehir Belediyesi Stadium
2021,Kayserispor,Fatih Karagümrük,9643968,,32864.0,Kadir Has Stadium
2021,Alanyaspor,Göztepe,9643967,,10128.0,Bahcesehir Okullari Stadium
2021,Galatasaray,Gaziantep FK,9643965,,53978.0,Rams Park Stadyumu
2021,İstanbul Başakşehir,Adana Demirspor,9643969,,17156.0,Basaksehir Fatih Terim Stadium
2021,Giresunspor,Antalyaspor,9643963,,12191.0,Giresun Atatürk Stadium
2021,Gaziantep FK,Kasımpaşa,9643498,,33502.0,Gaziantep Stadium
2021,Çaykur Rizespor,Alanyaspor,9643977,,15558.0,Çaykur Didi Stadyumu
2021,Sivasspor,Giresunspor,9643504,,27532.0,Yeni Sivas 4 Eylül Stadyumu
2021,Antalyaspor,Altay,9643496,,32537.0,Antalya Stadium
2021,Yeni Malatyaspor,İstanbul Başakşehir,9643973,,25745.0,Yeni Malatyspor stadium
2021,Beşiktaş,Trabzonspor,9643503,,42684.0,Tüpraş Stadyumu
2021,Göztepe,Konyaspor,9643976,,20756.0,Gursel Aksel Stadium
2021,Adana Demirspor,Hatayspor,9643974,,16095.0,5 Ocak Fatih Terim
2021,Fatih Karagümrük,Galatasaray,9643972,,6500.0,Vefa Stadium
2021,Fenerbahçe,Kayserispor,9643975,,50530.0,Chobani Stadium
2021,Hatayspor,Antalyaspor,9643986,,25000.0,Hatay Stadyumu
2021,İstanbul Başakşehir,Sivasspor,9643984,,17156.0,Basaksehir Fatih Terim Stadium
2021,Giresunspor,Yeni Malatyaspor,9643487,,12191.0,Giresun Atatürk Stadium
2021,Alanyaspor,Beşiktaş,9643981,,10128.0,Bahcesehir Okullari Stadium
2021,Kasımpaşa,Fatih Karagümrük,9643978,,14234.0,Recep Tayyip Erdogan Stadium
2021,Altay,Adana Demirspor,9643985,,58008.0,Izmir Atatürk Stadium
2021,Konyaspor,Çaykur Rizespor,9643983,,42000.0,Medas Konya Büyüksehir Belediyesi Stadium
2021,Galatasaray,Fenerbahçe,9643979,,53978.0,Rams Park Stadyumu
2021,Kayserispor,Göztepe,9643982,,32864.0,Kadir Has Stadium
2021,Trabzonspor,Gaziantep FK,9643980,,41000.0,Papara Park
2021,Adana Demirspor,Kasımpaşa,9643991,,16095.0,5 Ocak Fatih Terim
2021,İstanbul Başakşehir,Altay,9643992,,17156.0,Basaksehir Fatih Terim Stadium
2021,Antalyaspor,Alanyaspor,9643989,,32537.0,Antalya Stadium
2021,Çaykur Rizespor,Kayserispor,9643994,,15558.0,Çaykur Didi Stadyumu
2021,Beşiktaş,Giresunspor,9643547,,42684.0,Tüpraş Stadyumu
2021,Gaziantep FK,Konyaspor,9643987,,33502.0,Gaziantep Stadium
2021,Fatih Karagümrük,Trabzonspor,9643988,,6500.0,Vefa Stadium
2021,Sivasspor,Hatayspor,9643990,,27532.0,Yeni Sivas 4 Eylül Stadyumu
2021,Yeni Malatyaspor,Galatasaray,9643488,,25745.0,Yeni Malatyspor stadium
2021,Göztepe,Fenerbahçe,9643993,,20756.0,Gursel Aksel Stadium
2021,Kasımpaşa,Beşiktaş,9643996,,14234.0,Recep Tayyip Erdogan Stadium
2021,Alanyaspor,Sivasspor,9643998,,10128.0,Bahcesehir Okullari Stadium
2021,Trabzonspor,Adana Demirspor,9643997,,41000.0,Papara Park
2021,Galatasaray,Altay,9643588,,53978.0,Rams Park Stadyumu
2021,Kayserispor,Antalyaspor,9643999,,32864.0,Kadir Has Stadium
2021,Giresunspor,Fatih Karagümrük,9643995,,12191.0,Giresun Atatürk Stadium
2021,Hatayspor,İstanbul Başakşehir,9644003,,25000.0,Hatay Stadyumu
2021,Fenerbahçe,Çaykur Rizespor,9644001,,50530.0,Chobani Stadium
2021,Göztepe,Gaziantep FK,9644002,,20756.0,Gursel Aksel Stadium
2021,Konyaspor,Yeni Malatyaspor,9644000,,42000.0,Medas Konya Büyüksehir Belediyesi Stadium
2021,Altay,Hatayspor,9644012,,58008.0,Izmir Atatürk Stadium
2021,Fatih Karagümrük,Konyaspor,9644005,,6500.0,Vefa Stadium
2021,İstanbul Başakşehir,Kasımpaşa,9644011,,17156.0,Basaksehir Fatih Terim Stadium
2021,Çaykur Rizespor,Göztepe,9644013,,15558.0,Çaykur Didi Stadyumu
2021,Antalyaspor,Trabzonspor,9644008,,32537.0,Antalya Stadium
2021,Adana Demirspor,Giresunspor,9644010,,16095.0,5 Ocak Fatih Terim
2021,Yeni Malatyaspor,Alanyaspor,9644007,,25745.0,Yeni Malatyspor stadium
2021,Beşiktaş,Kayserispor,9644006,,42684.0,Tüpraş Stadyumu
2021,Sivasspor,Galatasaray,9644009,,27532.0,Yeni Sivas 4 Eylül Stadyumu
2021,Gaziantep FK,Fenerbahçe,9644004,,33502.0,Gaziantep Stadium
2021,Giresunspor,Altay,9644014,,12191.0,Giresun Atatürk Stadium
2021,Kasımpaşa,Sivasspor,9644015,,14234.0,Recep Tayyip Erdogan Stadium
2021,Konyaspor,Antalyaspor,9644020,,42000.0,Medas Konya Büyüksehir Belediyesi Stadium
2021,Trabzonspor,Hatayspor,9644017,,41000.0,Papara Park
2021,Alanyaspor,Adana Demirspor,9644018,,10128.0,Bahcesehir Okullari Stadium
2021,Galatasaray,İstanbul Başakşehir,9644016,,53978.0,Rams Park Stadyumu
2021,Çaykur Rizespor,Yeni Malatyaspor,9644023,,15558.0,Çaykur Didi Stadyumu
2021,Göztepe,Fatih Karagümrük,9644022,,20756.0,Gursel Aksel Stadium
2021,Kayserispor,Gaziantep FK,9644019,2401.0,32864.0,Kadir Has Stadium
2021,Fenerbahçe,Beşiktaş,9644021,,50530.0,Chobani Stadium
2021,Antalyaspor,Kasımpaşa,9644028,,32537.0,Antalya Stadium
2021,İstanbul Başakşehir,Giresunspor,9644031,,17156.0,Basaksehir Fatih Terim Stadium
2021,Adana Demirspor,Galatasaray,9644030,,16095.0,5 Ocak Fatih Terim
2021,Altay,Trabzonspor,9644032,,58008.0,Izmir Atatürk Stadium
2021,Hatayspor,Konyaspor,9644033,,25000.0,Hatay Stadyumu
2021,Sivasspor,Çaykur Rizespor,9644029,,27532.0,Yeni Sivas 4 Eylül Stadyumu
2021,Fatih Karagümrük,Fenerbahçe,9644025,,77563.0,Atatürk Olympic Stadium
2021,Gaziantep FK,Alanyaspor,9644024,,33502.0,Gaziantep Stadium
2021,Yeni Malatyaspor,Kayserispor,9644027,,25745.0,Yeni Malatyspor stadium
2021,Beşiktaş,Göztepe,9644026,,42684.0,Tüpraş Stadyumu
2021,Kasımpaşa,Altay,9644035,,14234.0,Recep Tayyip Erdogan Stadium
2021,Galatasaray,Antalyaspor,9643578,,53978.0,Rams Park Stadyumu
2021,Giresunspor,Hatayspor,9644034,,12191.0,Giresun Atatürk Stadium
2021,Trabzonspor,İstanbul Başakşehir,9644036,,41000.0,Papara Park
2021,Çaykur Rizespor,Gaziantep FK,9644042,,15558.0,Çaykur Didi Stadyumu
2021,Alanyaspor,Fatih Karagümrük,9644037,,10128.0,Bahcesehir Okullari Stadium
2021,Göztepe,Adana Demirspor,9644041,,20756.0,Gursel Aksel Stadium
2021,Fenerbahçe,Yeni Malatyaspor,9644040,,50530.0,Chobani Stadium
2021,Kayserispor,Sivasspor,9644038,,32864.0,Kadir Has Stadium
2021,Konyaspor,Beşiktaş,9644039,,42000.0,Medas Konya Büyüksehir Belediyesi Stadium
2021,Trabzonspor,Yeni Malatyaspor,9644045,,41000.0,Papara Park
2021,Gaziantep FK,Fatih Karagümrük,9643485,,33502.0,Gaziantep Stadium
2021,Alanyaspor,İstanbul Başakşehir,9644049,,10128.0,Bahcesehir Okullari Stadium
2021,Kasımpaşa,Hatayspor,9644050,,14234.0,Recep Tayyip Erdogan Stadium
2021,Galatasaray,Giresunspor,9644043,,53978.0,Rams Park Stadyumu
2021,Konyaspor,Sivasspor,9644047,,42000.0,Medas Konya Büyüksehir Belediyesi Stadium
2021,Göztepe,Antalyaspor,9644046,,20756.0,Gursel Aksel Stadium
2021,Kayserispor,Altay,9643507,,32864.0,Kadir Has Stadium
2021,Çaykur Rizespor,Beşiktaş,9644044,,15558.0,Çaykur Didi Stadyumu
2021,Fenerbahçe,Adana Demirspor,9644048,,50530.0,Chobani Stadium
2021,Beşiktaş,Gaziantep FK,9644051,,42684.0,Tüpraş Stadyumu
2021,Yeni Malatyaspor,Göztepe,9644058,,25745.0,Yeni Malatyspor stadium
2021,Adana Demirspor,Kayserispor,9644056,,16095.0,5 Ocak Fatih Terim
2021,Fatih Karagümrük,Çaykur Rizespor,9643570,,6500.0,Vefa Stadium
2021,Sivasspor,Trabzonspor,9644054,,27532.0,Yeni Sivas 4 Eylül Stadyumu
2021,Antalyaspor,Fenerbahçe,9643506,,32537.0,Antalya Stadium
2021,Altay,Alanyaspor,9644055,,58008.0,Izmir Atatürk Stadium
2021,Giresunspor,Kasımpaşa,9644052,,12191.0,Giresun Atatürk Stadium
2021,Hatayspor,Galatasaray,9644053,,25000.0,Hatay Stadyumu
2021,İstanbul Başakşehir,Konyaspor,10102162,,17156.0,Basaksehir Fatih Terim Stadium
2021,Fatih Karagümrük,Beşiktaş,9644060,,6500.0,Vefa Stadium
2021,Konyaspor,Adana Demirspor,9643495,,42000.0,Medas Konya Büyüksehir Belediyesi Stadium
2021,Göztepe,Sivasspor,9644063,,20756.0,Gursel Aksel Stadium
2021,Çaykur Rizespor,Antalyaspor,9644062,,15558.0,Çaykur Didi Stadyumu
2021,Kayserispor,İstanbul Başakşehir,9644064,,32864.0,Kadir Has Stadium
2021,Fenerbahçe,Altay,9643591,,50530.0,Chobani Stadium
2021,Trabzonspor,Giresunspor,9643505,,41000.0,Papara Park
2021,Alanyaspor,Hatayspor,9644065,,10128.0,Bahcesehir Okullari Stadium
2021,Galatasaray,Kasımpaşa,9644059,,53978.0,Rams Park Stadyumu
2021,Gaziantep FK,Yeni Malatyaspor,10102161,,33502.0,Gaziantep Stadium
2021,Yeni Malatyaspor,Beşiktaş,9644068,,25745.0,Yeni Malatyspor stadium
2021,Adana Demirspor,Fatih Karagümrük,9644067,,16095.0,5 Ocak Fatih Terim
2021,Sivasspor,Fenerbahçe,9644073,,27532.0,Yeni Sivas 4 Eylül Stadyumu
2021,İstanbul Başakşehir,Göztepe,9644074,,17156.0,Basaksehir Fatih Terim Stadium
2021,Hatayspor,Çaykur Rizespor,9644075,,25000.0,Hatay Stadyumu
2021,Kasımpaşa,Kayserispor,9644071,,14234.0,Recep Tayyip Erdogan Stadium
2021,Altay,Konyaspor,9644072,,58008.0,Izmir Atatürk Stadium
2021,Antalyaspor,Gaziantep FK,9644066,,32537.0,Antalya Stadium
2021,Giresunspor,Alanyaspor,9644070,,12191.0,Giresun Atatürk Stadium
2021,Galatasaray,Trabzonspor,9644069,,53978.0,Rams Park Stadyumu
2021,Kayserispor,Hatayspor,9644081,,32864.0,Kadir Has Stadium
2021,Konyaspor,Giresunspor,9644076,,42000.0,Medas Konya Büyüksehir Belediyesi Stadium
2021,Gaziantep FK,Sivasspor,9643589,,33502.0,Gaziantep Stadium
2021,Fatih Karagümrük,Yeni Malatyaspor,9643539,,6500.0,Vefa Stadium
2021,Trabzonspor,Kasımpaşa,9644077,,41000.0,Papara Park
2021,Fenerbahçe,İstanbul Başakşehir,9643559,,50530.0,Chobani Stadium
2021,Alanyaspor,Galatasaray,9644078,,10128.0,Bahcesehir Okullari Stadium
2021,Çaykur Rizespor,Adana Demirspor,9644079,,15558.0,Çaykur Didi Stadyumu
2021,Beşiktaş,Antalyaspor,9643563,,42684.0,Tüpraş Stadyumu
2021,Göztepe,Altay,9644080,,20756.0,Gursel Aksel Stadium
2021,Altay,Çaykur Rizespor,9644085,,58008.0,Izmir Atatürk Stadium
2021,İstanbul Başakşehir,Gaziantep FK,9644082,,17156.0,Basaksehir Fatih Terim Stadium
2021,Giresunspor,Fenerbahçe,9643543,,12191.0,Giresun Atatürk Stadium
2021,Galatasaray,Kayserispor,9643594,,53978.0,Rams Park Stadyumu
2021,Sivasspor,Yeni Malatyaspor,9643548,,27532.0,Yeni Sivas 4 Eylül Stadyumu
2021,Antalyaspor,Fatih Karagümrük,9644083,,32537.0,Antalya Stadium
2021,Kasımpaşa,Alanyaspor,9644084,,14234.0,Recep Tayyip Erdogan Stadium
2021,Trabzonspor,Konyaspor,9643576,,41000.0,Papara Park
2021,Adana Demirspor,Beşiktaş,9643587,,16095.0,5 Ocak Fatih Terim
2021,Hatayspor,Göztepe,9643567,,25000.0,Hatay Stadyumu
2021,Konyaspor,Kasımpaşa,9643541,,42000.0,Medas Konya Büyüksehir Belediyesi Stadium
2021,Çaykur Rizespor,İstanbul Başakşehir,9643585,,15558.0,Çaykur Didi Stadyumu
2021,Yeni Malatyaspor,Antalyaspor,9643583,,25745.0,Yeni Malatyspor stadium
2021,Kayserispor,Giresunspor,9644086,,32864.0,Kadir Has Stadium
2021,Beşiktaş,Altay,9643513,,42684.0,Tüpraş Stadyumu
2021,Gaziantep FK,Adana Demirspor,9644088,,33502.0,Gaziantep Stadium
2021,Alanyaspor,Trabzonspor,9643538,,10128.0,Bahcesehir Okullari Stadium
2021,Fatih Karagümrük,Sivasspor,9644087,,6500.0,Vefa Stadium
2021,Fenerbahçe,Hatayspor,9643560,,50530.0,Chobani Stadium
2021,Göztepe,Galatasaray,9643525,,20756.0,Gursel Aksel Stadium
2021,Adana Demirspor,Antalyaspor,9643546,,16095.0,5 Ocak Fatih Terim
2021,Trabzonspor,Kayserispor,9644091,,41000.0,Papara Park
2021,İstanbul Başakşehir,Fatih Karagümrük,9644089,,17156.0,Basaksehir Fatih Terim Stadium
2021,Sivasspor,Beşiktaş,9644090,,27532.0,Yeni Sivas 4 Eylül Stadyumu
2021,Altay,Gaziantep FK,9643579,,58008.0,Izmir Atatürk Stadium
2021,Giresunspor,Göztepe,9643530,,12191.0,Giresun Atatürk Stadium
2021,Alanyaspor,Konyaspor,9644092,,10128.0,Bahcesehir Okullari Stadium
2021,Hatayspor,Yeni Malatyaspor,9643555,,25000.0,Hatay Stadyumu
2021,Galatasaray,Çaykur Rizespor,9643512,,53978.0,Rams Park Stadyumu
2021,Kasımpaşa,Fenerbahçe,9644093,,14234.0,Recep Tayyip Erdogan Stadium
2021,Yeni Malatyaspor,Adana Demirspor,9643574,,25745.0,Yeni Malatyspor stadium
2021,Göztepe,Kasımpaşa,9644094,,20756.0,Gursel Aksel Stadium
2021,Çaykur Rizespor,Giresunspor,9643519,,15558.0,Çaykur Didi Stadyumu
2021,Konyaspor,Galatasaray,9644095,,42000.0,Medas Konya Büyüksehir Belediyesi Stadium
2021,Fatih Karagümrük,Altay,9643558,,6500.0,Vefa Stadium
2021,Antalyaspor,Sivasspor,9644097,,32537.0,Antalya Stadium
2021,Fenerbahçe,Trabzonspor,9644096,,50530.0,Chobani Stadium
2021,Beşiktaş,İstanbul Başakşehir,9644098,,42684.0,Tüpraş Stadyumu
2021,Gaziantep FK,Hatayspor,9643554,,33502.0,Gaziantep Stadium
2021,Kayserispor,Alanyaspor,9643593,,32864.0,Kadir Has Stadium
2021,Hatayspor,Fatih Karagümrük,9643586,,25000.0,Hatay Stadyumu
2021,Altay,Yeni Malatyaspor,9644101,,58008.0,Izmir Atatürk Stadium
2021,Kasımpaşa,Çaykur Rizespor,9643511,,14234.0,Recep Tayyip Erdogan Stadium
2021,Trabzonspor,Göztepe,9644105,,41000.0,Papara Park
2021,Kayserispor,Konyaspor,9643534,,32864.0,Kadir Has Stadium
2021,Adana Demirspor,Sivasspor,9644103,,16095.0,5 Ocak Fatih Terim
2021,Alanyaspor,Fenerbahçe,9644104,,10128.0,Bahcesehir Okullari Stadium
2021,İstanbul Başakşehir,Antalyaspor,9644102,,17156.0,Basaksehir Fatih Terim Stadium
2021,Galatasaray,Beşiktaş,9644100,,53978.0,Rams Park Stadyumu
2021,Giresunspor,Gaziantep FK,9644099,,21500.0,Çotanak Spor Kompleksi
2021,Fatih Karagümrük,Kayserispor,9644107,,6500.0,Vefa Stadium
2021,Çaykur Rizespor,Trabzonspor,9644106,,15558.0,Çaykur Didi Stadyumu
2021,Yeni Malatyaspor,Kasımpaşa,9643531,,25745.0,Yeni Malatyspor stadium
2021,Adana Demirspor,İstanbul Başakşehir,9643535,,16095.0,5 Ocak Fatih Terim
2021,Göztepe,Alanyaspor,9643575,,20756.0,Gursel Aksel Stadium
2021,Beşiktaş,Hatayspor,9644108,,42684.0,Tüpraş Stadyumu
2021,Antalyaspor,Giresunspor,9643527,,32537.0,Antalya Stadium
2021,Sivasspor,Altay,9643572,,27532.0,Yeni Sivas 4 Eylül Stadyumu
2021,Gaziantep FK,Galatasaray,9643520,,33502.0,Gaziantep Stadium
2021,Fenerbahçe,Konyaspor,9643556,,50530.0,Chobani Stadium
2021,Giresunspor,Sivasspor,9643545,5823.0,12191.0,Giresun Atatürk Stadium
2021,Altay,Antalyaspor,9644111,,58008.0,Izmir Atatürk Stadium
2021,Kayserispor,Fenerbahçe,9644112,,32864.0,Kadir Has Stadium
2021,Galatasaray,Fatih Karagümrük,9643562,,53978.0,Rams Park Stadyumu
2021,Kasımpaşa,Gaziantep FK,9644109,,14234.0,Recep Tayyip Erdogan Stadium
2021,Alanyaspor,Çaykur Rizespor,9643592,,10128.0,Bahcesehir Okullari Stadium
2021,Konyaspor,Göztepe,9643569,,42000.0,Medas Konya Büyüksehir Belediyesi Stadium
2021,Trabzonspor,Beşiktaş,9644110,,41000.0,Papara Park
2021,İstanbul Başakşehir,Yeni Malatyaspor,9643516,,17156.0,Basaksehir Fatih Terim Stadium
2021,Hatayspor,Adana Demirspor,9643581,,25000.0,Hatay Stadyumu
2021,Fatih Karagümrük,Kasımpaşa,9644113,,6500.0,Vefa Stadium
2021,Göztepe,Kayserispor,9643537,,20756.0,Gursel Aksel Stadium
2021,Çaykur Rizespor,Konyaspor,9644117,,15558.0,Çaykur Didi Stadyumu
2021,Beşiktaş,Alanyaspor,9644116,,42684.0,Tüpraş Stadyumu
2021,Gaziantep FK,Trabzonspor,9644115,,33502.0,Gaziantep Stadium
2021,Yeni Malatyaspor,Giresunspor,9643596,,25745.0,Yeni Malatyspor stadium
2021,Adana Demirspor,Altay,9644119,,16095.0,5 Ocak Fatih Terim
2021,Sivasspor,İstanbul Başakşehir,9644118,,27532.0,Yeni Sivas 4 Eylül Stadyumu
2021,Fenerbahçe,Galatasaray,9644114,,50530.0,Chobani Stadium
2021,Antalyaspor,Hatayspor,9643518,,32537.0,Antalya Stadium
2021,Kayserispor,Çaykur Rizespor,9643528,,32864.0,Kadir Has Stadium
2021,Trabzonspor,Fatih Karagümrük,9643522,,41000.0,Papara Park
2021,Hatayspor,Sivasspor,9644123,,25000.0,Hatay Stadyumu
2021,Alanyaspor,Antalyaspor,9644122,,10128.0,Bahcesehir Okullari Stadium
2021,Altay,İstanbul Başakşehir,9644124,,58008.0,Izmir Atatürk Stadium
2021,Fenerbahçe,Göztepe,9643523,,50530.0,Chobani Stadium
2021,Konyaspor,Gaziantep FK,9644120,,42000.0,Medas Konya Büyüksehir Belediyesi Stadium
2021,Kasımpaşa,Adana Demirspor,9643571,,14234.0,Recep Tayyip Erdogan Stadium
2021,Giresunspor,Beşiktaş,9643526,,12191.0,Giresun Atatürk Stadium
2021,Galatasaray,Yeni Malatyaspor,9644121,,53978.0,Rams Park Stadyumu
2021,Çaykur Rizespor,Fenerbahçe,9643566,,15558.0,Çaykur Didi Stadyumu
2021,Fatih Karagümrük,Giresunspor,9644125,,6500.0,Vefa Stadium
2021,Gaziantep FK,Göztepe,9643564,,33502.0,Gaziantep Stadium
2021,Adana Demirspor,Trabzonspor,9643532,,16095.0,5 Ocak Fatih Terim
2021,İstanbul Başakşehir,Hatayspor,9643561,,17156.0,Basaksehir Fatih Terim Stadium
2021,Yeni Malatyaspor,Konyaspor,9644129,,25745.0,Yeni Malatyspor stadium
2021,Altay,Galatasaray,9644127,,58008.0,Izmir Atatürk Stadium
2021,Antalyaspor,Kayserispor,9644128,,32537.0,Antalya Stadium
2021,Beşiktaş,Kasımpaşa,9644126,,42684.0,Tüpraş Stadyumu
2021,Sivasspor,Alanyaspor,9643595,,27532.0,Yeni Sivas 4 Eylül Stadyumu
2021,Fenerbahçe,Gaziantep FK,9644130,,50530.0,Chobani Stadium
2021,Giresunspor,Adana Demirspor,9643542,,12191.0,Giresun Atatürk Stadium
2021,Kasımpaşa,İstanbul Başakşehir,9643568,,14234.0,Recep Tayyip Erdogan Stadium
2021,Konyaspor,Fatih Karagümrük,9643533,,42000.0,Medas Konya Büyüksehir Belediyesi Stadium
2021,Hatayspor,Altay,9643584,,25000.0,Hatay Stadyumu
2021,Trabzonspor,Antalyaspor,9644132,,41000.0,Papara Park
2021,Alanyaspor,Yeni Malatyaspor,9643549,,10128.0,Bahcesehir Okullari Stadium
2021,Kayserispor,Beşiktaş,9644131,,32864.0,Kadir Has Stadium
2021,Galatasaray,Sivasspor,9643536,,53978.0,Rams Park Stadyumu
2021,Göztepe,Çaykur Rizespor,9644133,,20756.0,Gursel Aksel Stadium
2021,Gaziantep FK,Kayserispor,9644139,,33502.0,Gaziantep Stadium
2021,Hatayspor,Trabzonspor,9644137,,25000.0,Hatay Stadyumu
2021,Fatih Karagümrük,Göztepe,9643517,,6500.0,Vefa Stadium
2021,Sivasspor,Kasımpaşa,9644135,,27532.0,Yeni Sivas 4 Eylül Stadyumu
2021,Adana Demirspor,Alanyaspor,9644138,,16095.0,5 Ocak Fatih Terim
2021,İstanbul Başakşehir,Galatasaray,9644136,,17156.0,Basaksehir Fatih Terim Stadium
2021,Altay,Giresunspor,9644134,,58008.0,Izmir Atatürk Stadium
2021,Yeni Malatyaspor,Çaykur Rizespor,9643540,,25745.0,Yeni Malatyspor stadium
2021,Beşiktaş,Fenerbahçe,9644141,,42684.0,Tüpraş Stadyumu
2021,Antalyaspor,Konyaspor,9644140,,32537.0,Antalya Stadium
2021,Kayserispor,Yeni Malatyaspor,9643582,,32864.0,Kadir Has Stadium
2021,Göztepe,Beşiktaş,9644143,,20756.0,Gursel Aksel Stadium
2021,Trabzonspor,Altay,9644148,,77563.0,Atatürk Olympic Stadium
2021,Alanyaspor,Gaziantep FK,9644142,,10128.0,Bahcesehir Okullari Stadium
2021,Fenerbahçe,Fatih Karagümrük,9643551,,50530.0,Chobani Stadium
2021,Giresunspor,İstanbul Başakşehir,9644147,,12191.0,Giresun Atatürk Stadium
2021,Kasımpaşa,Antalyaspor,9644144,,14234.0,Recep Tayyip Erdogan Stadium
2021,Konyaspor,Hatayspor,9643577,,42000.0,Medas Konya Büyüksehir Belediyesi Stadium
2021,Galatasaray,Adana Demirspor,9644146,,53978.0,Rams Park Stadyumu
2021,Çaykur Rizespor,Sivasspor,9644145,,15558.0,Çaykur Didi Stadyumu
2021,Antalyaspor,Galatasaray,9643550,,32537.0,Antalya Stadium
2021,Gaziantep FK,Çaykur Rizespor,9643515,,33502.0,Gaziantep Stadium
2021,Altay,Kasımpaşa,9643553,,58008.0,Izmir Atatürk Stadium
2021,Sivasspor,Kayserispor,9644151,,27532.0,Yeni Sivas 4 Eylül Stadyumu
2021,Beşiktaş,Konyaspor,9643557,,42684.0,Tüpraş Stadyumu
2021,Yeni Malatyaspor,Fenerbahçe,9643524,,25745.0,Yeni Malatyspor stadium
2021,İstanbul Başakşehir,Trabzonspor,9643521,,17156.0,Basaksehir Fatih Terim Stadium
2021,Fatih Karagümrük,Alanyaspor,9644150,,6500.0,Vefa Stadium
2021,Adana Demirspor,Göztepe,9643590,,16095.0,5 Ocak Fatih Terim
2021,Hatayspor,Giresunspor,9644149,,25000.0,Hatay Stadyumu
2020,Çaykur Rizespor,Fenerbahçe,8915390,,15558.0,Çaykur Didi Stadyumu
2020,Fatih Karagümrük,Yeni Malatyaspor,8915444,,6500.0,Vefa Stadium
2020,Sivasspor,Alanyaspor,8915442,,27532.0,Yeni Sivas 4 Eylül Stadyumu
2020,Galatasaray,Gaziantep FK,8915466,,53978.0,Rams Park Stadyumu
2020,Göztepe,Denizlispor,8915445,,20756.0,Gursel Aksel Stadium
2020,Kayserispor,Kasımpaşa,8915487,,32864.0,Kadir Has Stadium
2020,Ankaragücü,Erzurumspor,8915450,,20560.0,Eryaman Stadyumu
2020,Antalyaspor,Gençlerbirliği,8915391,,32537.0,Antalya Stadium
2020,Trabzonspor,Beşiktaş,8915421,,41000.0,Papara Park
2020,Hatayspor,İstanbul Başakşehir,8915424,,33502.0,Gaziantep Stadium
2020,Yeni Malatyaspor,Göztepe,8915419,,25745.0,Yeni Malatyspor stadium
2020,Gençlerbirliği,Konyaspor,8915447,,20560.0,Eryaman Stadyumu
2020,Denizlispor,Trabzonspor,8915464,,18745.0,Denizli Ataturk Stadium
2020,Alanyaspor,Kayserispor,8915393,,10128.0,Bahcesehir Okullari Stadium
2020,Beşiktaş,Antalyaspor,8915443,,42684.0,Tüpraş Stadyumu
2020,Erzurumspor,Sivasspor,8915484,,21374.0,Kazim Karabekir Stadyumu
2020,Kasımpaşa,Çaykur Rizespor,8915482,,14234.0,Recep Tayyip Erdogan Stadium
2020,İstanbul Başakşehir,Galatasaray,8915370,,17156.0,Basaksehir Fatih Terim Stadium
2020,Gaziantep FK,Fatih Karagümrük,8915465,,33502.0,Gaziantep Stadium
2020,Fenerbahçe,Hatayspor,8915392,,50530.0,Chobani Stadium
2020,Fatih Karagümrük,İstanbul Başakşehir,8915381,,6500.0,Vefa Stadium
2020,Kayserispor,Erzurumspor,8915448,,32864.0,Kadir Has Stadium
2020,Göztepe,Gaziantep FK,8915395,,20756.0,Gursel Aksel Stadium
2020,Hatayspor,Kasımpaşa,8915467,,25000.0,Hatay Stadyumu
2020,Trabzonspor,Yeni Malatyaspor,8915469,,41000.0,Papara Park
2020,Çaykur Rizespor,Alanyaspor,8915439,,15558.0,Çaykur Didi Stadyumu
2020,Konyaspor,Beşiktaş,8915416,,42000.0,Medas Konya Büyüksehir Belediyesi Stadium
2020,Sivasspor,Ankaragücü,8915417,,27532.0,Yeni Sivas 4 Eylül Stadyumu
2020,Galatasaray,Fenerbahçe,8915478,,53978.0,Rams Park Stadyumu
2020,Antalyaspor,Denizlispor,8915486,,32537.0,Antalya Stadium
2020,Gaziantep FK,Trabzonspor,8915455,,33502.0,Gaziantep Stadium
2020,Ankaragücü,Kayserispor,8915460,,20560.0,Eryaman Stadyumu
2020,Yeni Malatyaspor,Antalyaspor,8915358,,25745.0,Yeni Malatyspor stadium
2020,İstanbul Başakşehir,Göztepe,8915356,,17156.0,Basaksehir Fatih Terim Stadium
2020,Erzurumspor,Çaykur Rizespor,8915394,,21374.0,Kazim Karabekir Stadyumu
2020,Fenerbahçe,Fatih Karagümrük,8915387,,50530.0,Chobani Stadium
2020,Denizlispor,Konyaspor,8915357,,18745.0,Denizli Ataturk Stadium
2020,Alanyaspor,Hatayspor,8915435,,10128.0,Bahcesehir Okullari Stadium
2020,Beşiktaş,Gençlerbirliği,8915422,,42684.0,Tüpraş Stadyumu
2020,Kasımpaşa,Galatasaray,8915353,,14234.0,Recep Tayyip Erdogan Stadium
2020,Çaykur Rizespor,Ankaragücü,8915380,,15558.0,Çaykur Didi Stadyumu
2020,Kayserispor,Sivasspor,8915480,,32864.0,Kadir Has Stadium
2020,Konyaspor,Yeni Malatyaspor,8915461,,42000.0,Medas Konya Büyüksehir Belediyesi Stadium
2020,Trabzonspor,İstanbul Başakşehir,8915339,,41000.0,Papara Park
2020,Antalyaspor,Gaziantep FK,8915365,,32537.0,Antalya Stadium
2020,Fatih Karagümrük,Kasımpaşa,8915368,,6500.0,Vefa Stadium
2020,Göztepe,Fenerbahçe,8915367,,20756.0,Gursel Aksel Stadium
2020,Galatasaray,Alanyaspor,8915388,,53978.0,Rams Park Stadyumu
2020,Gençlerbirliği,Denizlispor,8915468,,20560.0,Eryaman Stadyumu
2020,Hatayspor,Erzurumspor,9161642,,25000.0,Hatay Stadyumu
2020,Kasımpaşa,Göztepe,8915336,,14234.0,Recep Tayyip Erdogan Stadium
2020,Gaziantep FK,Konyaspor,8915337,,33502.0,Gaziantep Stadium
2020,İstanbul Başakşehir,Antalyaspor,8915372,,17156.0,Basaksehir Fatih Terim Stadium
2020,Erzurumspor,Galatasaray,8915340,,21374.0,Kazim Karabekir Stadyumu
2020,Yeni Malatyaspor,Gençlerbirliği,8915344,,25745.0,Yeni Malatyspor stadium
2020,Alanyaspor,Fatih Karagümrük,8915454,,10128.0,Bahcesehir Okullari Stadium
2020,Fenerbahçe,Trabzonspor,8915488,,50530.0,Chobani Stadium
2020,Denizlispor,Beşiktaş,8915374,,18745.0,Denizli Ataturk Stadium
2020,Sivasspor,Çaykur Rizespor,8915341,,27532.0,Yeni Sivas 4 Eylül Stadyumu
2020,Ankaragücü,Hatayspor,9220891,,20560.0,Eryaman Stadyumu
2020,Fatih Karagümrük,Erzurumspor,8915347,,6500.0,Vefa Stadium
2020,Trabzonspor,Kasımpaşa,8915331,,41000.0,Papara Park
2020,Gençlerbirliği,Gaziantep FK,8915324,,20560.0,Eryaman Stadyumu
2020,Galatasaray,Ankaragücü,8915350,,53978.0,Rams Park Stadyumu
2020,Çaykur Rizespor,Kayserispor,8915346,,15558.0,Çaykur Didi Stadyumu
2020,Konyaspor,İstanbul Başakşehir,8915325,,42000.0,Medas Konya Büyüksehir Belediyesi Stadium
2020,Beşiktaş,Yeni Malatyaspor,8915351,,42684.0,Tüpraş Stadyumu
2020,Antalyaspor,Fenerbahçe,8915360,,32537.0,Antalya Stadium
2020,Hatayspor,Sivasspor,8915473,,25000.0,Hatay Stadyumu
2020,Göztepe,Alanyaspor,9161643,,20756.0,Gursel Aksel Stadium
2020,Gaziantep FK,Beşiktaş,8915327,,33502.0,Gaziantep Stadium
2020,Kasımpaşa,Antalyaspor,8915332,,14234.0,Recep Tayyip Erdogan Stadium
2020,Alanyaspor,Trabzonspor,8915322,,10128.0,Bahcesehir Okullari Stadium
2020,Erzurumspor,Göztepe,8915334,,21374.0,Kazim Karabekir Stadyumu
2020,Fenerbahçe,Konyaspor,8915371,,50530.0,Chobani Stadium
2020,Ankaragücü,Fatih Karagümrük,8915330,,20560.0,Eryaman Stadyumu
2020,Yeni Malatyaspor,Denizlispor,8915472,,25745.0,Yeni Malatyspor stadium
2020,İstanbul Başakşehir,Gençlerbirliği,8915333,,17156.0,Basaksehir Fatih Terim Stadium
2020,Kayserispor,Hatayspor,8915326,,32864.0,Kadir Has Stadium
2020,Sivasspor,Galatasaray,8915458,,27532.0,Yeni Sivas 4 Eylül Stadyumu
2020,Fatih Karagümrük,Sivasspor,8915308,,6500.0,Vefa Stadium
2020,Denizlispor,Gaziantep FK,8915321,,18745.0,Denizli Ataturk Stadium
2020,Gençlerbirliği,Fenerbahçe,8915316,,20560.0,Eryaman Stadyumu
2020,Beşiktaş,İstanbul Başakşehir,8915329,,42684.0,Tüpraş Stadyumu
2020,Hatayspor,Çaykur Rizespor,8915309,,25000.0,Hatay Stadyumu
2020,Göztepe,Ankaragücü,8915375,,20756.0,Gursel Aksel Stadium
2020,Konyaspor,Kasımpaşa,8915310,,42000.0,Medas Konya Büyüksehir Belediyesi Stadium
2020,Antalyaspor,Alanyaspor,8915312,,32537.0,Antalya Stadium
2020,Trabzonspor,Erzurumspor,8915315,,41000.0,Papara Park
2020,Galatasaray,Kayserispor,8915459,,53978.0,Rams Park Stadyumu
2020,Ankaragücü,Trabzonspor,8915313,,20560.0,Eryaman Stadyumu
2020,Gaziantep FK,Yeni Malatyaspor,8915379,,33502.0,Gaziantep Stadium
2020,İstanbul Başakşehir,Denizlispor,8915306,,17156.0,Basaksehir Fatih Terim Stadium
2020,Çaykur Rizespor,Galatasaray,8915323,,15558.0,Çaykur Didi Stadyumu
2020,Erzurumspor,Antalyaspor,8915320,,21374.0,Kazim Karabekir Stadyumu
2020,Alanyaspor,Konyaspor,8915470,,10128.0,Bahcesehir Okullari Stadium
2020,Kasımpaşa,Gençlerbirliği,8915452,,14234.0,Recep Tayyip Erdogan Stadium
2020,Fenerbahçe,Beşiktaş,8915457,,50530.0,Chobani Stadium
2020,Kayserispor,Fatih Karagümrük,8915317,,32864.0,Kadir Has Stadium
2020,Sivasspor,Göztepe,8915319,,27532.0,Yeni Sivas 4 Eylül Stadyumu
2020,Beşiktaş,Kasımpaşa,8915304,,42684.0,Tüpraş Stadyumu
2020,Gençlerbirliği,Alanyaspor,8915314,,20560.0,Eryaman Stadyumu
2020,Göztepe,Kayserispor,8915305,,20756.0,Gursel Aksel Stadium
2020,Konyaspor,Erzurumspor,8915300,,42000.0,Medas Konya Büyüksehir Belediyesi Stadium
2020,Yeni Malatyaspor,İstanbul Başakşehir,8915453,,25745.0,Yeni Malatyspor stadium
2020,Galatasaray,Hatayspor,8915299,,53978.0,Rams Park Stadyumu
2020,Fatih Karagümrük,Çaykur Rizespor,8915302,,6500.0,Vefa Stadium
2020,Antalyaspor,Ankaragücü,8915471,,32537.0,Antalya Stadium
2020,Denizlispor,Fenerbahçe,8915362,,18745.0,Denizli Ataturk Stadium
2020,Trabzonspor,Sivasspor,8915301,,41000.0,Papara Park
2020,Kasımpaşa,Denizlispor,8915412,,14234.0,Recep Tayyip Erdogan Stadium
2020,Hatayspor,Fatih Karagümrük,8915413,,25000.0,Hatay Stadyumu
2020,Kayserispor,Trabzonspor,8915462,,32864.0,Kadir Has Stadium
2020,Çaykur Rizespor,Göztepe,8915303,,15558.0,Çaykur Didi Stadyumu
2020,Fenerbahçe,Yeni Malatyaspor,8915446,,50530.0,Chobani Stadium
2020,Ankaragücü,Konyaspor,8915429,,20560.0,Eryaman Stadyumu
2020,Erzurumspor,Gençlerbirliği,8915307,,21374.0,Kazim Karabekir Stadyumu
2020,Alanyaspor,Beşiktaş,8915311,,10128.0,Bahcesehir Okullari Stadium
2020,İstanbul Başakşehir,Gaziantep FK,8915396,,17156.0,Basaksehir Fatih Terim Stadium
2020,Sivasspor,Antalyaspor,8915403,,27532.0,Yeni Sivas 4 Eylül Stadyumu
2020,Fatih Karagümrük,Galatasaray,8915440,,6500.0,Vefa Stadium
2020,Göztepe,Hatayspor,8915411,,20756.0,Gursel Aksel Stadium
2020,Trabzonspor,Çaykur Rizespor,8915428,,41000.0,Papara Park
2020,Yeni Malatyaspor,Kasımpaşa,8915423,,25745.0,Yeni Malatyspor stadium
2020,Gaziantep FK,Fenerbahçe,8915404,,33502.0,Gaziantep Stadium
2020,Gençlerbirliği,Ankaragücü,8915449,,20560.0,Eryaman Stadyumu
2020,Denizlispor,Alanyaspor,8915398,,18745.0,Denizli Ataturk Stadium
2020,Beşiktaş,Erzurumspor,8915420,,42684.0,Tüpraş Stadyumu
2020,Antalyaspor,Kayserispor,8915451,,32537.0,Antalya Stadium
2020,Konyaspor,Sivasspor,8915463,,42000.0,Medas Konya Büyüksehir Belediyesi Stadium
2020,Hatayspor,Trabzonspor,8915402,,25000.0,Hatay Stadyumu
2020,Galatasaray,Göztepe,8915407,,53978.0,Rams Park Stadyumu
2020,Alanyaspor,Yeni Malatyaspor,8915434,,10128.0,Bahcesehir Okullari Stadium
2020,Erzurumspor,Denizlispor,8915386,,21374.0,Kazim Karabekir Stadyumu
2020,Fenerbahçe,İstanbul Başakşehir,8915433,,50530.0,Chobani Stadium
2020,Kasımpaşa,Gaziantep FK,8915415,,14234.0,Recep Tayyip Erdogan Stadium
2020,Kayserispor,Konyaspor,8915427,,32864.0,Kadir Has Stadium
2020,Sivasspor,Gençlerbirliği,8915438,,27532.0,Yeni Sivas 4 Eylül Stadyumu
2020,Ankaragücü,Beşiktaş,8915400,,20560.0,Eryaman Stadyumu
2020,Çaykur Rizespor,Antalyaspor,8915408,,15558.0,Çaykur Didi Stadyumu
2020,Göztepe,Fatih Karagümrük,8915485,,20756.0,Gursel Aksel Stadium
2020,Trabzonspor,Galatasaray,8915399,,41000.0,Papara Park
2020,Gaziantep FK,Alanyaspor,8915410,,33502.0,Gaziantep Stadium
2020,Denizlispor,Ankaragücü,8915432,,18745.0,Denizli Ataturk Stadium
2020,Yeni Malatyaspor,Erzurumspor,8915389,,25745.0,Yeni Malatyspor stadium
2020,İstanbul Başakşehir,Kasımpaşa,8915425,,17156.0,Basaksehir Fatih Terim Stadium
2020,Gençlerbirliği,Kayserispor,8915441,,20560.0,Eryaman Stadyumu
2020,Konyaspor,Çaykur Rizespor,8915364,,42000.0,Medas Konya Büyüksehir Belediyesi Stadium
2020,Beşiktaş,Sivasspor,8915436,,42684.0,Tüpraş Stadyumu
2020,Antalyaspor,Hatayspor,8915483,,32537.0,Antalya Stadium
2020,Erzurumspor,Gaziantep FK,8915405,,21374.0,Kazim Karabekir Stadyumu
2020,Sivasspor,Denizlispor,8915384,,27532.0,Yeni Sivas 4 Eylül Stadyumu
2020,Alanyaspor,İstanbul Başakşehir,8915385,,10128.0,Bahcesehir Okullari Stadium
2020,Ankaragücü,Yeni Malatyaspor,8915430,,20560.0,Eryaman Stadyumu
2020,Galatasaray,Antalyaspor,8915437,,53978.0,Rams Park Stadyumu
2020,Hatayspor,Konyaspor,8915426,,25000.0,Hatay Stadyumu
2020,Çaykur Rizespor,Gençlerbirliği,8915369,,15558.0,Çaykur Didi Stadyumu
2020,Fatih Karagümrük,Trabzonspor,8915409,,6500.0,Vefa Stadium
2020,Kayserispor,Beşiktaş,8915414,,32864.0,Kadir Has Stadium
2020,Kasımpaşa,Fenerbahçe,8915401,,14234.0,Recep Tayyip Erdogan Stadium
2020,Gaziantep FK,Ankaragücü,8915361,,33502.0,Gaziantep Stadium
2020,Yeni Malatyaspor,Sivasspor,8915377,,25745.0,Yeni Malatyspor stadium
2020,Konyaspor,Galatasaray,8915474,,42000.0,Medas Konya Büyüksehir Belediyesi Stadium
2020,Denizlispor,Kayserispor,8915397,,18745.0,Denizli Ataturk Stadium
2020,İstanbul Başakşehir,Erzurumspor,8915359,,17156.0,Basaksehir Fatih Terim Stadium
2020,Gençlerbirliği,Hatayspor,8915354,,20560.0,Eryaman Stadyumu
2020,Trabzonspor,Göztepe,8915366,,41000.0,Papara Park
2020,Antalyaspor,Fatih Karagümrük,8915355,,32537.0,Antalya Stadium
2020,Beşiktaş,Çaykur Rizespor,8915383,,42684.0,Tüpraş Stadyumu
2020,Fenerbahçe,Alanyaspor,8915378,,50530.0,Chobani Stadium
2020,Sivasspor,Gaziantep FK,8915481,,27532.0,Yeni Sivas 4 Eylül Stadyumu
2020,Göztepe,Antalyaspor,8915479,,20756.0,Gursel Aksel Stadium
2020,Kayserispor,Yeni Malatyaspor,8915328,,32864.0,Kadir Has Stadium
2020,Galatasaray,Gençlerbirliği,8915373,,53978.0,Rams Park Stadyumu
2020,Fatih Karagümrük,Konyaspor,8915431,,6500.0,Vefa Stadium
2020,Ankaragücü,İstanbul Başakşehir,8915338,,20560.0,Eryaman Stadyumu
2020,Çaykur Rizespor,Denizlispor,8915406,,15558.0,Çaykur Didi Stadyumu
2020,Hatayspor,Beşiktaş,8915376,,25000.0,Hatay Stadyumu
2020,Erzurumspor,Fenerbahçe,8915477,,21374.0,Kazim Karabekir Stadyumu
2020,Alanyaspor,Kasımpaşa,8915363,,10128.0,Bahcesehir Okullari Stadium
2020,Gençlerbirliği,Fatih Karagümrük,8915475,,20560.0,Eryaman Stadyumu
2020,Konyaspor,Göztepe,8915456,,42000.0,Medas Konya Büyüksehir Belediyesi Stadium
2020,İstanbul Başakşehir,Sivasspor,8915349,,17156.0,Basaksehir Fatih Terim Stadium
2020,Gaziantep FK,Kayserispor,8915345,,33502.0,Gaziantep Stadium
2020,Antalyaspor,Trabzonspor,8915342,,32537.0,Antalya Stadium
2020,Denizlispor,Hatayspor,8915476,,18745.0,Denizli Ataturk Stadium
2020,Yeni Malatyaspor,Çaykur Rizespor,8915382,,25745.0,Yeni Malatyspor stadium
2020,Beşiktaş,Galatasaray,8915335,,42684.0,Tüpraş Stadyumu
2020,Fenerbahçe,Ankaragücü,8915343,,50530.0,Chobani Stadium
2020,Kasımpaşa,Erzurumspor,8915348,,14234.0,Recep Tayyip Erdogan Stadium
2020,Göztepe,Gençlerbirliği,8915515,,20756.0,Gursel Aksel Stadium
2020,Kayserispor,İstanbul Başakşehir,8915551,,32864.0,Kadir Has Stadium
2020,Trabzonspor,Konyaspor,8915532,,41000.0,Papara Park
2020,Hatayspor,Yeni Malatyaspor,8915517,,25000.0,Hatay Stadyumu
2020,Çaykur Rizespor,Gaziantep FK,8915514,,15558.0,Çaykur Didi Stadyumu
2020,Galatasaray,Denizlispor,8915523,,53978.0,Rams Park Stadyumu
2020,Erzurumspor,Alanyaspor,8915537,,21374.0,Kazim Karabekir Stadyumu
2020,Fatih Karagümrük,Beşiktaş,8915528,,6500.0,Vefa Stadium
2020,Ankaragücü,Kasımpaşa,8915536,,20560.0,Eryaman Stadyumu
2020,Sivasspor,Fenerbahçe,8915529,,27532.0,Yeni Sivas 4 Eylül Stadyumu
2020,Gençlerbirliği,Trabzonspor,8915521,,20560.0,Eryaman Stadyumu
2020,İstanbul Başakşehir,Çaykur Rizespor,8915546,,17156.0,Basaksehir Fatih Terim Stadium
2020,Konyaspor,Antalyaspor,8915519,,42000.0,Medas Konya Büyüksehir Belediyesi Stadium
2020,Denizlispor,Fatih Karagümrük,8915506,,18745.0,Denizli Ataturk Stadium
2020,Yeni Malatyaspor,Galatasaray,8915538,,25745.0,Yeni Malatyspor stadium
2020,Beşiktaş,Göztepe,8915545,,42684.0,Tüpraş Stadyumu
2020,Gaziantep FK,Hatayspor,8915526,,33502.0,Gaziantep Stadium
2020,Kasımpaşa,Sivasspor,8915513,,14234.0,Recep Tayyip Erdogan Stadium
2020,Alanyaspor,Ankaragücü,8915535,,10128.0,Bahcesehir Okullari Stadium
2020,Fenerbahçe,Kayserispor,8915511,,50530.0,Chobani Stadium
2020,Yeni Malatyaspor,Fatih Karagümrük,8915509,,25745.0,Yeni Malatyspor stadium
2020,Gaziantep FK,Galatasaray,8915507,,33502.0,Gaziantep Stadium
2020,Kasımpaşa,Kayserispor,8915522,,14234.0,Recep Tayyip Erdogan Stadium
2020,Alanyaspor,Sivasspor,8915504,,10128.0,Bahcesehir Okullari Stadium
2020,İstanbul Başakşehir,Hatayspor,8915518,,17156.0,Basaksehir Fatih Terim Stadium
2020,Fenerbahçe,Çaykur Rizespor,8915508,,50530.0,Chobani Stadium
2020,Erzurumspor,Ankaragücü,8915510,,21374.0,Kazim Karabekir Stadyumu
2020,Denizlispor,Göztepe,8915544,,18745.0,Denizli Ataturk Stadium
2020,Gençlerbirliği,Antalyaspor,8915524,,20560.0,Eryaman Stadyumu
2020,Beşiktaş,Trabzonspor,8915530,,42684.0,Tüpraş Stadyumu
2020,Hatayspor,Fenerbahçe,8915490,,25000.0,Hatay Stadyumu
2020,Galatasaray,İstanbul Başakşehir,8915512,,53978.0,Rams Park Stadyumu
2020,Çaykur Rizespor,Kasımpaşa,8915533,,15558.0,Çaykur Didi Stadyumu
2020,Sivasspor,Erzurumspor,8915531,,27532.0,Yeni Sivas 4 Eylül Stadyumu
2020,Fatih Karagümrük,Gaziantep FK,8915534,,6500.0,Vefa Stadium
2020,Kayserispor,Alanyaspor,8915492,,32864.0,Kadir Has Stadium
2020,Antalyaspor,Beşiktaş,8915543,,32537.0,Antalya Stadium
2020,Konyaspor,Gençlerbirliği,8915491,,42000.0,Medas Konya Büyüksehir Belediyesi Stadium
2020,Göztepe,Yeni Malatyaspor,8915489,,20756.0,Gursel Aksel Stadium
2020,Trabzonspor,Denizlispor,8915494,,41000.0,Papara Park
2020,Kasımpaşa,Hatayspor,8915500,,14234.0,Recep Tayyip Erdogan Stadium
2020,Alanyaspor,Çaykur Rizespor,8915493,,10128.0,Bahcesehir Okullari Stadium
2020,İstanbul Başakşehir,Fatih Karagümrük,8915499,,17156.0,Basaksehir Fatih Terim Stadium
2020,Fenerbahçe,Galatasaray,8915498,,50530.0,Chobani Stadium
2020,Erzurumspor,Kayserispor,8915495,,21374.0,Kazim Karabekir Stadyumu
2020,Denizlispor,Antalyaspor,8915505,,18745.0,Denizli Ataturk Stadium
2020,Ankaragücü,Sivasspor,8915503,,20560.0,Eryaman Stadyumu
2020,Beşiktaş,Konyaspor,8915496,,42684.0,Tüpraş Stadyumu
2020,Gaziantep FK,Göztepe,8915497,,33502.0,Gaziantep Stadium
2020,Yeni Malatyaspor,Trabzonspor,8915501,,25745.0,Yeni Malatyspor stadium
2020,Çaykur Rizespor,Erzurumspor,8915502,,15558.0,Çaykur Didi Stadyumu
2020,Kayserispor,Ankaragücü,8915599,,32864.0,Kadir Has Stadium
2020,Trabzonspor,Gaziantep FK,8915605,,41000.0,Papara Park
2020,Fatih Karagümrük,Fenerbahçe,8915588,,6500.0,Vefa Stadium
2020,Konyaspor,Denizlispor,8915603,,42000.0,Medas Konya Büyüksehir Belediyesi Stadium
2020,Galatasaray,Kasımpaşa,8915594,,53978.0,Rams Park Stadyumu
2020,Göztepe,İstanbul Başakşehir,8915600,,20756.0,Gursel Aksel Stadium
2020,Hatayspor,Alanyaspor,8915593,,25000.0,Hatay Stadyumu
2020,Gençlerbirliği,Beşiktaş,8915589,,20560.0,Eryaman Stadyumu
2020,Antalyaspor,Yeni Malatyaspor,8915585,,32537.0,Antalya Stadium
2020,İstanbul Başakşehir,Trabzonspor,8915597,,17156.0,Basaksehir Fatih Terim Stadium
2020,Kasımpaşa,Fatih Karagümrük,8915608,,14234.0,Recep Tayyip Erdogan Stadium
2020,Denizlispor,Gençlerbirliği,8915576,,18745.0,Denizli Ataturk Stadium
2020,Yeni Malatyaspor,Konyaspor,8915568,,25745.0,Yeni Malatyspor stadium
2020,Alanyaspor,Galatasaray,8915604,,10128.0,Bahcesehir Okullari Stadium
2020,Erzurumspor,Hatayspor,8915591,,21374.0,Kazim Karabekir Stadyumu
2020,Gaziantep FK,Antalyaspor,8915595,,33502.0,Gaziantep Stadium
2020,Sivasspor,Kayserispor,8915592,,27532.0,Yeni Sivas 4 Eylül Stadyumu
2020,Fenerbahçe,Göztepe,8915596,,50530.0,Chobani Stadium
2020,Ankaragücü,Çaykur Rizespor,8915571,,20560.0,Eryaman Stadyumu
2020,Gençlerbirliği,Yeni Malatyaspor,8915581,,20560.0,Eryaman Stadyumu
2020,Konyaspor,Gaziantep FK,8915583,,42000.0,Medas Konya Büyüksehir Belediyesi Stadium
2020,Beşiktaş,Denizlispor,8915578,,42684.0,Tüpraş Stadyumu
2020,Fatih Karagümrük,Alanyaspor,8915574,,6500.0,Vefa Stadium
2020,Hatayspor,Ankaragücü,8915582,,25000.0,Hatay Stadyumu
2020,Antalyaspor,İstanbul Başakşehir,8915575,,32537.0,Antalya Stadium
2020,Çaykur Rizespor,Sivasspor,8915579,,15558.0,Çaykur Didi Stadyumu
2020,Galatasaray,Erzurumspor,8915577,,53978.0,Rams Park Stadyumu
2020,Göztepe,Kasımpaşa,8915580,,20756.0,Gursel Aksel Stadium
2020,Trabzonspor,Fenerbahçe,8915586,,41000.0,Papara Park
2020,Gaziantep FK,Gençlerbirliği,8915541,,33502.0,Gaziantep Stadium
2020,Yeni Malatyaspor,Beşiktaş,8915558,,25745.0,Yeni Malatyspor stadium
2020,Erzurumspor,Fatih Karagümrük,8915590,,21374.0,Kazim Karabekir Stadyumu
2020,İstanbul Başakşehir,Konyaspor,8915557,,17156.0,Basaksehir Fatih Terim Stadium
2020,Sivasspor,Hatayspor,8915587,,27532.0,Yeni Sivas 4 Eylül Stadyumu
2020,Kayserispor,Çaykur Rizespor,8915563,,32864.0,Kadir Has Stadium
2020,Ankaragücü,Galatasaray,8915559,,20560.0,Eryaman Stadyumu
2020,Alanyaspor,Göztepe,8915584,,10128.0,Bahcesehir Okullari Stadium
2020,Kasımpaşa,Trabzonspor,8915555,,14234.0,Recep Tayyip Erdogan Stadium
2020,Fenerbahçe,Antalyaspor,8915567,,50530.0,Chobani Stadium
2020,Denizlispor,Yeni Malatyaspor,8915525,,18745.0,Denizli Ataturk Stadium
2020,Beşiktaş,Gaziantep FK,8915553,,42684.0,Tüpraş Stadyumu
2020,Fatih Karagümrük,Ankaragücü,8915569,,6500.0,Vefa Stadium
2020,Gençlerbirliği,İstanbul Başakşehir,8915564,,20560.0,Eryaman Stadyumu
2020,Hatayspor,Kayserispor,8915565,,25000.0,Hatay Stadyumu
2020,Galatasaray,Sivasspor,8915566,,53978.0,Rams Park Stadyumu
2020,Antalyaspor,Kasımpaşa,8915562,,32537.0,Antalya Stadium
2020,Trabzonspor,Alanyaspor,8915572,,41000.0,Papara Park
2020,Göztepe,Erzurumspor,8915570,,20756.0,Gursel Aksel Stadium
2020,Konyaspor,Fenerbahçe,8915573,,42000.0,Medas Konya Büyüksehir Belediyesi Stadium
2020,İstanbul Başakşehir,Beşiktaş,8915552,,17156.0,Basaksehir Fatih Terim Stadium
2020,Sivasspor,Fatih Karagümrük,8915539,,27532.0,Yeni Sivas 4 Eylül Stadyumu
2020,Alanyaspor,Antalyaspor,8915547,,10128.0,Bahcesehir Okullari Stadium
2020,Çaykur Rizespor,Hatayspor,8915527,,15558.0,Çaykur Didi Stadyumu
2020,Kayserispor,Galatasaray,8915548,,32864.0,Kadir Has Stadium
2020,Ankaragücü,Göztepe,8915554,,20560.0,Eryaman Stadyumu
2020,Erzurumspor,Trabzonspor,8915516,,21374.0,Kazim Karabekir Stadyumu
2020,Gaziantep FK,Denizlispor,8915540,,33502.0,Gaziantep Stadium
2020,Fenerbahçe,Gençlerbirliği,8915520,,50530.0,Chobani Stadium
2020,Kasımpaşa,Konyaspor,8915542,,14234.0,Recep Tayyip Erdogan Stadium
2020,Fatih Karagümrük,Kayserispor,8915561,,6500.0,Vefa Stadium
2020,Galatasaray,Çaykur Rizespor,8915549,,53978.0,Rams Park Stadyumu
2020,Gençlerbirliği,Kasımpaşa,8915560,,20560.0,Eryaman Stadyumu
2020,Göztepe,Sivasspor,8915656,,20756.0,Gursel Aksel Stadium
2020,Yeni Malatyaspor,Gaziantep FK,8915685,,25745.0,Yeni Malatyspor stadium
2020,Trabzonspor,Ankaragücü,8915672,,41000.0,Papara Park
2020,Antalyaspor,Erzurumspor,8915550,,32537.0,Antalya Stadium
2020,Konyaspor,Alanyaspor,8915642,,42000.0,Medas Konya Büyüksehir Belediyesi Stadium
2020,Denizlispor,İstanbul Başakşehir,8915680,,18745.0,Denizli Ataturk Stadium
2020,Beşiktaş,Fenerbahçe,8915556,,42684.0,Tüpraş Stadyumu
2020,Kayserispor,Göztepe,8915646,,32864.0,Kadir Has Stadium
2020,Sivasspor,Trabzonspor,8915634,,27532.0,Yeni Sivas 4 Eylül Stadyumu
2020,Çaykur Rizespor,Fatih Karagümrük,8915664,,15558.0,Çaykur Didi Stadyumu
2020,Hatayspor,Galatasaray,8915655,,25000.0,Hatay Stadyumu
2020,Erzurumspor,Konyaspor,8915624,,21374.0,Kazim Karabekir Stadyumu
2020,Alanyaspor,Gençlerbirliği,8915706,,10128.0,Bahcesehir Okullari Stadium
2020,İstanbul Başakşehir,Yeni Malatyaspor,8915696,,17156.0,Basaksehir Fatih Terim Stadium
2020,Ankaragücü,Antalyaspor,8915676,,20560.0,Eryaman Stadyumu
2020,Kasımpaşa,Beşiktaş,8915692,,14234.0,Recep Tayyip Erdogan Stadium
2020,Fenerbahçe,Denizlispor,8915623,,50530.0,Chobani Stadium
2020,Fatih Karagümrük,Hatayspor,8915663,,77563.0,Atatürk Olympic Stadium
2020,Göztepe,Çaykur Rizespor,8915630,,20756.0,Gursel Aksel Stadium
2020,Trabzonspor,Kayserispor,8915651,,41000.0,Papara Park
2020,Gençlerbirliği,Erzurumspor,8915702,,20560.0,Eryaman Stadyumu
2020,Konyaspor,Ankaragücü,8915625,,42000.0,Medas Konya Büyüksehir Belediyesi Stadium
2020,Antalyaspor,Sivasspor,8915679,,32537.0,Antalya Stadium
2020,Beşiktaş,Alanyaspor,8915694,,42684.0,Tüpraş Stadyumu
2020,Denizlispor,Kasımpaşa,8915709,,18745.0,Denizli Ataturk Stadium
2020,Gaziantep FK,İstanbul Başakşehir,8915620,,33502.0,Gaziantep Stadium
2020,Yeni Malatyaspor,Fenerbahçe,8915644,,25745.0,Yeni Malatyspor stadium
2020,Hatayspor,Göztepe,8915622,,25000.0,Hatay Stadyumu
2020,Çaykur Rizespor,Trabzonspor,8915698,,15558.0,Çaykur Didi Stadyumu
2020,Galatasaray,Fatih Karagümrük,8915632,,53978.0,Rams Park Stadyumu
2020,Sivasspor,Konyaspor,8915619,,27532.0,Yeni Sivas 4 Eylül Stadyumu
2020,Kayserispor,Antalyaspor,8915629,,32864.0,Kadir Has Stadium
2020,Ankaragücü,Gençlerbirliği,8915652,,20560.0,Eryaman Stadyumu
2020,Erzurumspor,Beşiktaş,8915677,,21374.0,Kazim Karabekir Stadyumu
2020,Kasımpaşa,Yeni Malatyaspor,8915616,,14234.0,Recep Tayyip Erdogan Stadium
2020,Alanyaspor,Denizlispor,8915681,,10128.0,Bahcesehir Okullari Stadium
2020,Fenerbahçe,Gaziantep FK,8915657,,50530.0,Chobani Stadium
2020,Gençlerbirliği,Sivasspor,8915711,,20560.0,Eryaman Stadyumu
2020,Konyaspor,Kayserispor,8915617,,42000.0,Medas Konya Büyüksehir Belediyesi Stadium
2020,Antalyaspor,Çaykur Rizespor,8915697,,32537.0,Antalya Stadium
2020,Beşiktaş,Ankaragücü,8915638,,42684.0,Tüpraş Stadyumu
2020,Denizlispor,Erzurumspor,8915650,,18745.0,Denizli Ataturk Stadium
2020,Trabzonspor,Hatayspor,8915626,,41000.0,Papara Park
2020,Yeni Malatyaspor,Alanyaspor,8915618,,25745.0,Yeni Malatyspor stadium
2020,Göztepe,Galatasaray,8915673,,20756.0,Gursel Aksel Stadium
2020,Gaziantep FK,Kasımpaşa,8915675,,33502.0,Gaziantep Stadium
2020,İstanbul Başakşehir,Fenerbahçe,8915688,,17156.0,Basaksehir Fatih Terim Stadium
2020,Fatih Karagümrük,Göztepe,8915598,,6500.0,Vefa Stadium
2020,Kayserispor,Gençlerbirliği,8915615,,32864.0,Kadir Has Stadium
2020,Çaykur Rizespor,Konyaspor,8915682,,15558.0,Çaykur Didi Stadyumu
2020,Hatayspor,Antalyaspor,8915607,,25000.0,Hatay Stadyumu
2020,Sivasspor,Beşiktaş,8915610,,27532.0,Yeni Sivas 4 Eylül Stadyumu
2020,Erzurumspor,Yeni Malatyaspor,8915666,,21374.0,Kazim Karabekir Stadyumu
2020,Ankaragücü,Denizlispor,8915601,,20560.0,Eryaman Stadyumu
2020,Galatasaray,Trabzonspor,8915609,,53978.0,Rams Park Stadyumu
2020,Alanyaspor,Gaziantep FK,8915647,,10128.0,Bahcesehir Okullari Stadium
2020,Kasımpaşa,İstanbul Başakşehir,8915714,,14234.0,Recep Tayyip Erdogan Stadium
2020,Gençlerbirliği,Çaykur Rizespor,8915606,,20560.0,Eryaman Stadyumu
2020,Konyaspor,Hatayspor,8915614,,42000.0,Medas Konya Büyüksehir Belediyesi Stadium
2020,Trabzonspor,Fatih Karagümrük,8915621,,41000.0,Papara Park
2020,Antalyaspor,Galatasaray,8915602,,32537.0,Antalya Stadium
2020,Beşiktaş,Kayserispor,8915613,,42684.0,Tüpraş Stadyumu
2020,Denizlispor,Sivasspor,8915669,,18745.0,Denizli Ataturk Stadium
2020,Yeni Malatyaspor,Ankaragücü,8915612,,25745.0,Yeni Malatyspor stadium
2020,İstanbul Başakşehir,Alanyaspor,8915674,,17156.0,Basaksehir Fatih Terim Stadium
2020,Gaziantep FK,Erzurumspor,8915690,,33502.0,Gaziantep Stadium
2020,Fenerbahçe,Kasımpaşa,8915611,,50530.0,Chobani Stadium
2020,Hatayspor,Gençlerbirliği,8915703,,25000.0,Hatay Stadyumu
2020,Fatih Karagümrük,Antalyaspor,8915668,,6500.0,Vefa Stadium
2020,Göztepe,Trabzonspor,8915718,,20756.0,Gursel Aksel Stadium
2020,Kayserispor,Denizlispor,8915662,,32864.0,Kadir Has Stadium
2020,Galatasaray,Konyaspor,8915649,,53978.0,Rams Park Stadyumu
2020,Çaykur Rizespor,Beşiktaş,8915710,,15558.0,Çaykur Didi Stadyumu
2020,Erzurumspor,İstanbul Başakşehir,8915687,,21374.0,Kazim Karabekir Stadyumu
2020,Sivasspor,Yeni Malatyaspor,8915695,,27532.0,Yeni Sivas 4 Eylül Stadyumu
2020,Alanyaspor,Fenerbahçe,8915661,,10128.0,Bahcesehir Okullari Stadium
2020,Ankaragücü,Gaziantep FK,8915691,,20560.0,Eryaman Stadyumu
2020,Beşiktaş,Hatayspor,8915715,,42684.0,Tüpraş Stadyumu
2020,Antalyaspor,Göztepe,8915671,,32537.0,Antalya Stadium
2020,Denizlispor,Çaykur Rizespor,8915658,,18745.0,Denizli Ataturk Stadium
2020,Konyaspor,Fatih Karagümrük,8915639,,42000.0,Medas Konya Büyüksehir Belediyesi Stadium
2020,Gençlerbirliği,Galatasaray,8915683,,20560.0,Eryaman Stadyumu
2020,İstanbul Başakşehir,Ankaragücü,8915635,,17156.0,Basaksehir Fatih Terim Stadium
2020,Kasımpaşa,Alanyaspor,8915684,,14234.0,Recep Tayyip Erdogan Stadium
2020,Yeni Malatyaspor,Kayserispor,8915637,,25745.0,Yeni Malatyspor stadium
2020,Fenerbahçe,Erzurumspor,8915712,,50530.0,Chobani Stadium
2020,Gaziantep FK,Sivasspor,8915701,,33502.0,Gaziantep Stadium
2020,Erzurumspor,Kasımpaşa,8915643,,21374.0,Kazim Karabekir Stadyumu
2020,Fatih Karagümrük,Gençlerbirliği,8915686,,6500.0,Vefa Stadium
2020,Galatasaray,Beşiktaş,8915713,,53978.0,Rams Park Stadyumu
2020,Göztepe,Konyaspor,8915631,,20756.0,Gursel Aksel Stadium
2020,Hatayspor,Denizlispor,8915670,,25000.0,Hatay Stadyumu
2020,Kayserispor,Gaziantep FK,8915654,,32864.0,Kadir Has Stadium
2020,Ankaragücü,Fenerbahçe,8915641,,20560.0,Eryaman Stadyumu
2020,Sivasspor,İstanbul Başakşehir,8915699,,27532.0,Yeni Sivas 4 Eylül Stadyumu
2020,Trabzonspor,Antalyaspor,8915708,,41000.0,Papara Park
2020,Çaykur Rizespor,Yeni Malatyaspor,8915717,,15558.0,Çaykur Didi Stadyumu
2020,Konyaspor,Trabzonspor,8915678,,42000.0,Medas Konya Büyüksehir Belediyesi Stadium
2020,Alanyaspor,Erzurumspor,8915667,,10128.0,Bahcesehir Okullari Stadium
2020,İstanbul Başakşehir,Kayserispor,8915640,,17156.0,Basaksehir Fatih Terim Stadium
2020,Beşiktaş,Fatih Karagümrük,8915659,,42684.0,Tüpraş Stadyumu
2020,Denizlispor,Galatasaray,8915633,,18745.0,Denizli Ataturk Stadium
2020,Fenerbahçe,Sivasspor,8915645,,50530.0,Chobani Stadium
2020,Gaziantep FK,Çaykur Rizespor,8915689,,33502.0,Gaziantep Stadium
2020,Gençlerbirliği,Göztepe,8915700,,20560.0,Eryaman Stadyumu
2020,Kasımpaşa,Ankaragücü,8915704,,14234.0,Recep Tayyip Erdogan Stadium
2020,Yeni Malatyaspor,Hatayspor,8915660,,25745.0,Yeni Malatyspor stadium
2020,Antalyaspor,Konyaspor,8915705,,32537.0,Antalya Stadium
2020,Fatih Karagümrük,Denizlispor,8915648,,6500.0,Vefa Stadium
2020,Hatayspor,Gaziantep FK,8915665,,25000.0,Hatay Stadyumu
2020,Ankaragücü,Alanyaspor,8915716,,20560.0,Eryaman Stadyumu
2020,Sivasspor,Kasımpaşa,8915653,,27532.0,Yeni Sivas 4 Eylül Stadyumu
2020,Çaykur Rizespor,İstanbul Başakşehir,8915636,,15558.0,Çaykur Didi Stadyumu
2020,Galatasaray,Yeni Malatyaspor,8915693,,53978.0,Rams Park Stadyumu
2020,Göztepe,Beşiktaş,8915707,,20756.0,Gursel Aksel Stadium
2020,Kayserispor,Fenerbahçe,8915628,,32864.0,Kadir Has Stadium
2020,Trabzonspor,Gençlerbirliği,8915627,,41000.0,Papara Park
2019,Denizlispor,Galatasaray,8310808,,18745.0,Denizli Ataturk Stadium
2019,Gençlerbirliği,Çaykur Rizespor,8310840,,20560.0,Eryaman Stadyumu
2019,Kayserispor,Alanyaspor,8310844,,32864.0,Kadir Has Stadium
2019,Sivasspor,Beşiktaş,8310804,,27532.0,Yeni Sivas 4 Eylül Stadyumu
2019,Konyaspor,Ankaragücü,8310815,,42000.0,Medas Konya Büyüksehir Belediyesi Stadium
2019,Göztepe,Antalyaspor,8310813,,12500.0,Bornova Stadium
2019,Kasımpaşa,Trabzonspor,8310842,,14234.0,Recep Tayyip Erdogan Stadium
2019,Yeni Malatyaspor,İstanbul Başakşehir,8310825,,25745.0,Yeni Malatyspor stadium
2019,Fenerbahçe,Gaziantep FK,8310827,,50530.0,Chobani Stadium
2019,Beşiktaş,Göztepe,8310847,,42684.0,Tüpraş Stadyumu
2019,Ankaragücü,Kayserispor,8310822,,,Osmanli Stadi
2019,Alanyaspor,Kasımpaşa,8310838,,10128.0,Bahcesehir Okullari Stadium
2019,İstanbul Başakşehir,Fenerbahçe,8310839,,17156.0,Basaksehir Fatih Terim Stadium
2019,Trabzonspor,Yeni Malatyaspor,8310848,,41000.0,Papara Park
2019,Çaykur Rizespor,Sivasspor,8310841,,15558.0,Çaykur Didi Stadyumu
2019,Antalyaspor,Denizlispor,8310849,,32537.0,Antalya Stadium
2019,Galatasaray,Konyaspor,8310823,,53978.0,Rams Park Stadyumu
2019,Gaziantep FK,Gençlerbirliği,8310803,,33502.0,Gaziantep Stadium
2019,Kasımpaşa,Ankaragücü,8310837,,14234.0,Recep Tayyip Erdogan Stadium
2019,Kayserispor,Galatasaray,8310843,,32864.0,Kadir Has Stadium
2019,Konyaspor,Antalyaspor,8310826,,42000.0,Medas Konya Büyüksehir Belediyesi Stadium
2019,Beşiktaş,Çaykur Rizespor,8310845,30401.0,42684.0,Tüpraş Stadyumu
2019,Göztepe,Denizlispor,8310816,,12500.0,Bornova Stadium
2019,Gençlerbirliği,İstanbul Başakşehir,8310810,,20560.0,Eryaman Stadyumu
2019,Sivasspor,Gaziantep FK,8310814,,27532.0,Yeni Sivas 4 Eylül Stadyumu
2019,Fenerbahçe,Trabzonspor,8310806,43478.0,50530.0,Chobani Stadium
2019,Yeni Malatyaspor,Alanyaspor,8310829,,25745.0,Yeni Malatyspor stadium
2019,Galatasaray,Kasımpaşa,8310802,,53978.0,Rams Park Stadyumu
2019,İstanbul Başakşehir,Sivasspor,8310817,,17156.0,Basaksehir Fatih Terim Stadium
2019,Antalyaspor,Kayserispor,8310821,,32537.0,Antalya Stadium
2019,Gaziantep FK,Beşiktaş,8310824,,33502.0,Gaziantep Stadium
2019,Ankaragücü,Yeni Malatyaspor,8310828,,,Osmanli Stadi
2019,Çaykur Rizespor,Göztepe,8310812,,15558.0,Çaykur Didi Stadyumu
2019,Denizlispor,Konyaspor,8310809,,18745.0,Denizli Ataturk Stadium
2019,Trabzonspor,Gençlerbirliği,8310807,,41000.0,Papara Park
2019,Alanyaspor,Fenerbahçe,8310846,,10128.0,Bahcesehir Okullari Stadium
2019,Göztepe,Konyaspor,8310836,,12500.0,Bornova Stadium
2019,Kasımpaşa,Antalyaspor,8310801,,14234.0,Recep Tayyip Erdogan Stadium
2019,Kayserispor,Denizlispor,8310819,,32864.0,Kadir Has Stadium
2019,Fenerbahçe,Ankaragücü,8310820,,50530.0,Chobani Stadium
2019,Çaykur Rizespor,Gaziantep FK,8310830,,15558.0,Çaykur Didi Stadyumu
2019,Gençlerbirliği,Alanyaspor,8310805,,20560.0,Eryaman Stadyumu
2019,Yeni Malatyaspor,Galatasaray,8310811,,25745.0,Yeni Malatyspor stadium
2019,Beşiktaş,İstanbul Başakşehir,8310835,,42684.0,Tüpraş Stadyumu
2019,Sivasspor,Trabzonspor,8310818,,27532.0,Yeni Sivas 4 Eylül Stadyumu
2019,İstanbul Başakşehir,Çaykur Rizespor,8310917,,17156.0,Basaksehir Fatih Terim Stadium
2019,Denizlispor,Kasımpaşa,8310953,,18745.0,Denizli Ataturk Stadium
2019,Alanyaspor,Sivasspor,8310954,,10128.0,Bahcesehir Okullari Stadium
2019,Galatasaray,Fenerbahçe,8310952,,53978.0,Rams Park Stadyumu
2019,Konyaspor,Kayserispor,8310951,,42000.0,Medas Konya Büyüksehir Belediyesi Stadium
2019,Antalyaspor,Yeni Malatyaspor,8310960,,32537.0,Antalya Stadium
2019,Ankaragücü,Gençlerbirliği,8310970,,,Osmanli Stadi
2019,Trabzonspor,Beşiktaş,8310955,,41000.0,Papara Park
2019,Gaziantep FK,Göztepe,8310916,,33502.0,Gaziantep Stadium
2019,Fenerbahçe,Antalyaspor,8310948,,50530.0,Chobani Stadium
2019,Yeni Malatyaspor,Denizlispor,8310945,,25745.0,Yeni Malatyspor stadium
2019,Kasımpaşa,Konyaspor,8310936,,14234.0,Recep Tayyip Erdogan Stadium
2019,Göztepe,Kayserispor,8310932,,12500.0,Bornova Stadium
2019,Gençlerbirliği,Galatasaray,8310940,,20560.0,Eryaman Stadyumu
2019,Sivasspor,Ankaragücü,8310947,7820.0,27532.0,Yeni Sivas 4 Eylül Stadyumu
2019,Beşiktaş,Alanyaspor,8310937,,42684.0,Tüpraş Stadyumu
2019,Gaziantep FK,İstanbul Başakşehir,8310941,,33502.0,Gaziantep Stadium
2019,Çaykur Rizespor,Trabzonspor,8310930,,15558.0,Çaykur Didi Stadyumu
2019,Galatasaray,Sivasspor,8310972,,53978.0,Rams Park Stadyumu
2019,Antalyaspor,Gençlerbirliği,8310990,,32537.0,Antalya Stadium
2019,İstanbul Başakşehir,Göztepe,8310971,,17156.0,Basaksehir Fatih Terim Stadium
2019,Trabzonspor,Gaziantep FK,8310978,,41000.0,Papara Park
2019,Ankaragücü,Beşiktaş,8310977,,,Osmanli Stadi
2019,Kayserispor,Kasımpaşa,8310980,,32864.0,Kadir Has Stadium
2019,Alanyaspor,Çaykur Rizespor,8310989,,10128.0,Bahcesehir Okullari Stadium
2019,Denizlispor,Fenerbahçe,8310986,,18745.0,Denizli Ataturk Stadium
2019,Konyaspor,Yeni Malatyaspor,8310979,,42000.0,Medas Konya Büyüksehir Belediyesi Stadium
2019,Çaykur Rizespor,Ankaragücü,8311001,,15558.0,Çaykur Didi Stadyumu
2019,Sivasspor,Antalyaspor,8310965,,27532.0,Yeni Sivas 4 Eylül Stadyumu
2019,Gaziantep FK,Alanyaspor,8310964,,33502.0,Gaziantep Stadium
2019,Fenerbahçe,Konyaspor,8310976,,50530.0,Chobani Stadium
2019,Yeni Malatyaspor,Kayserispor,8310966,,25745.0,Yeni Malatyspor stadium
2019,Gençlerbirliği,Denizlispor,8310961,,20560.0,Eryaman Stadyumu
2019,Göztepe,Kasımpaşa,8311003,,12500.0,Bornova Stadium
2019,Beşiktaş,Galatasaray,8310967,,42684.0,Tüpraş Stadyumu
2019,İstanbul Başakşehir,Trabzonspor,8310968,,17156.0,Basaksehir Fatih Terim Stadium
2019,Galatasaray,Çaykur Rizespor,8310999,,53978.0,Rams Park Stadyumu
2019,Konyaspor,Gençlerbirliği,8311002,,42000.0,Medas Konya Büyüksehir Belediyesi Stadium
2019,Alanyaspor,İstanbul Başakşehir,8310995,,10128.0,Bahcesehir Okullari Stadium
2019,Trabzonspor,Göztepe,8310993,,41000.0,Papara Park
2019,Antalyaspor,Beşiktaş,8310992,,32537.0,Antalya Stadium
2019,Denizlispor,Sivasspor,8310998,,18745.0,Denizli Ataturk Stadium
2019,Kasımpaşa,Yeni Malatyaspor,8310991,,14234.0,Recep Tayyip Erdogan Stadium
2019,Kayserispor,Fenerbahçe,8311000,,32864.0,Kadir Has Stadium
2019,Ankaragücü,Gaziantep FK,8310997,,,Osmanli Stadi
2019,Fenerbahçe,Kasımpaşa,8310864,,50530.0,Chobani Stadium
2019,Gençlerbirliği,Kayserispor,8310988,,20560.0,Eryaman Stadyumu
2019,Sivasspor,Konyaspor,8310987,,27532.0,Yeni Sivas 4 Eylül Stadyumu
2019,Çaykur Rizespor,Antalyaspor,8310860,,15558.0,Çaykur Didi Stadyumu
2019,Gaziantep FK,Galatasaray,8310994,,33502.0,Gaziantep Stadium
2019,Göztepe,Yeni Malatyaspor,8310984,,12500.0,Bornova Stadium
2019,Trabzonspor,Alanyaspor,8310862,,41000.0,Papara Park
2019,İstanbul Başakşehir,Ankaragücü,8310996,,17156.0,Basaksehir Fatih Terim Stadium
2019,Beşiktaş,Denizlispor,8310863,,42684.0,Tüpraş Stadyumu
2019,Galatasaray,İstanbul Başakşehir,8310858,,53978.0,Rams Park Stadyumu
2019,Denizlispor,Çaykur Rizespor,8310859,,18745.0,Denizli Ataturk Stadium
2019,Ankaragücü,Trabzonspor,8310855,,20560.0,Eryaman Stadyumu
2019,Konyaspor,Beşiktaş,8310861,,42000.0,Medas Konya Büyüksehir Belediyesi Stadium
2019,Kayserispor,Sivasspor,8310851,,32864.0,Kadir Has Stadium
2019,Alanyaspor,Göztepe,8310854,,10128.0,Bahcesehir Okullari Stadium
2019,Kasımpaşa,Gençlerbirliği,8310865,,14234.0,Recep Tayyip Erdogan Stadium
2019,Yeni Malatyaspor,Fenerbahçe,8310856,,25745.0,Yeni Malatyspor stadium
2019,Antalyaspor,Gaziantep FK,8310853,,32537.0,Antalya Stadium
2019,Gençlerbirliği,Yeni Malatyaspor,8310882,,20560.0,Eryaman Stadyumu
2019,Sivasspor,Kasımpaşa,8310852,,27532.0,Yeni Sivas 4 Eylül Stadyumu
2019,Çaykur Rizespor,Konyaspor,8310857,,15558.0,Çaykur Didi Stadyumu
2019,Alanyaspor,Ankaragücü,8310884,,10128.0,Bahcesehir Okullari Stadium
2019,Göztepe,Fenerbahçe,8310873,,,Dogalnar Stadi
2019,Gaziantep FK,Denizlispor,8310850,,33502.0,Gaziantep Stadium
2019,İstanbul Başakşehir,Antalyaspor,8310878,,17156.0,Basaksehir Fatih Terim Stadium
2019,Trabzonspor,Galatasaray,8310879,,41000.0,Papara Park
2019,Beşiktaş,Kayserispor,8310872,,42684.0,Tüpraş Stadyumu
2019,Fenerbahçe,Gençlerbirliği,8310877,34980.0,50530.0,Chobani Stadium
2019,Yeni Malatyaspor,Sivasspor,8310874,,25745.0,Yeni Malatyspor stadium
2019,Ankaragücü,Göztepe,8310876,,20560.0,Eryaman Stadyumu
2019,Galatasaray,Alanyaspor,8310875,,53978.0,Rams Park Stadyumu
2019,Konyaspor,Gaziantep FK,8310866,,42000.0,Medas Konya Büyüksehir Belediyesi Stadium
2019,Antalyaspor,Trabzonspor,8310871,,32537.0,Antalya Stadium
2019,Denizlispor,İstanbul Başakşehir,8310869,,18745.0,Denizli Ataturk Stadium
2019,Kasımpaşa,Beşiktaş,8310870,,14234.0,Recep Tayyip Erdogan Stadium
2019,Kayserispor,Çaykur Rizespor,8310868,,32864.0,Kadir Has Stadium
2019,Alanyaspor,Antalyaspor,8310899,,10128.0,Bahcesehir Okullari Stadium
2019,Çaykur Rizespor,Kasımpaşa,8310892,,15558.0,Çaykur Didi Stadyumu
2019,Gençlerbirliği,Göztepe,8310896,,20560.0,Eryaman Stadyumu
2019,Galatasaray,Ankaragücü,8310891,,53978.0,Rams Park Stadyumu
2019,Gaziantep FK,Kayserispor,8310897,,33502.0,Gaziantep Stadium
2019,Sivasspor,Fenerbahçe,8310867,,27532.0,Yeni Sivas 4 Eylül Stadyumu
2019,Beşiktaş,Yeni Malatyaspor,8310890,,42684.0,Tüpraş Stadyumu
2019,İstanbul Başakşehir,Konyaspor,8310894,,17156.0,Basaksehir Fatih Terim Stadium
2019,Trabzonspor,Denizlispor,8310893,,41000.0,Papara Park
2019,Antalyaspor,Ankaragücü,8310880,,32537.0,Antalya Stadium
2019,Yeni Malatyaspor,Çaykur Rizespor,8310888,,25745.0,Yeni Malatyspor stadium
2019,Kasımpaşa,Gaziantep FK,8310887,,14234.0,Recep Tayyip Erdogan Stadium
2019,Göztepe,Galatasaray,8310883,,,Dogalnar Stadi
2019,Gençlerbirliği,Sivasspor,8310889,,20560.0,Eryaman Stadyumu
2019,Kayserispor,İstanbul Başakşehir,8310885,,32864.0,Kadir Has Stadium
2019,Fenerbahçe,Beşiktaş,8310886,,50530.0,Chobani Stadium
2019,Denizlispor,Alanyaspor,8310915,,18745.0,Denizli Ataturk Stadium
2019,Konyaspor,Trabzonspor,8310881,,42000.0,Medas Konya Büyüksehir Belediyesi Stadium
2019,Beşiktaş,Gençlerbirliği,8310919,,42684.0,Tüpraş Stadyumu
2019,Ankaragücü,Denizlispor,8310905,,20560.0,Eryaman Stadyumu
2019,İstanbul Başakşehir,Kasımpaşa,8310910,,17156.0,Basaksehir Fatih Terim Stadium
2019,Trabzonspor,Kayserispor,8310906,,41000.0,Papara Park
2019,Galatasaray,Antalyaspor,8310902,,53978.0,Rams Park Stadyumu
2019,Sivasspor,Göztepe,8310918,,27532.0,Yeni Sivas 4 Eylül Stadyumu
2019,Alanyaspor,Konyaspor,8310909,,10128.0,Bahcesehir Okullari Stadium
2019,Gaziantep FK,Yeni Malatyaspor,8310903,,33502.0,Gaziantep Stadium
2019,Çaykur Rizespor,Fenerbahçe,8310908,,15558.0,Çaykur Didi Stadyumu
2019,Ankaragücü,Konyaspor,8310935,,20560.0,Eryaman Stadyumu
2019,Alanyaspor,Kayserispor,8310898,,10128.0,Bahcesehir Okullari Stadium
2019,İstanbul Başakşehir,Yeni Malatyaspor,8310900,,17156.0,Basaksehir Fatih Terim Stadium
2019,Gaziantep FK,Fenerbahçe,8310901,,33502.0,Gaziantep Stadium
2019,Antalyaspor,Göztepe,8310927,,32537.0,Antalya Stadium
2019,Galatasaray,Denizlispor,8310933,,53978.0,Rams Park Stadyumu
2019,Trabzonspor,Kasımpaşa,8310895,,41000.0,Papara Park
2019,Beşiktaş,Sivasspor,8310907,,42684.0,Tüpraş Stadyumu
2019,Çaykur Rizespor,Gençlerbirliği,8310904,,15558.0,Çaykur Didi Stadyumu
2019,Gençlerbirliği,Gaziantep FK,8310921,,20560.0,Eryaman Stadyumu
2019,Kayserispor,Ankaragücü,8310922,,32864.0,Kadir Has Stadium
2019,Kasımpaşa,Alanyaspor,8310929,,14234.0,Recep Tayyip Erdogan Stadium
2019,Fenerbahçe,İstanbul Başakşehir,8310928,,50530.0,Chobani Stadium
2019,Denizlispor,Antalyaspor,8310925,,18745.0,Denizli Ataturk Stadium
2019,Göztepe,Beşiktaş,8310923,,20756.0,Gursel Aksel Stadium
2019,Konyaspor,Galatasaray,8310926,,42000.0,Medas Konya Büyüksehir Belediyesi Stadium
2019,Sivasspor,Çaykur Rizespor,8310920,,27532.0,Yeni Sivas 4 Eylül Stadyumu
2019,Yeni Malatyaspor,Trabzonspor,8604431,,25745.0,Yeni Malatyspor stadium
2019,İstanbul Başakşehir,Gençlerbirliği,8310911,,17156.0,Basaksehir Fatih Terim Stadium
2019,Antalyaspor,Konyaspor,8310958,,32537.0,Antalya Stadium
2019,Çaykur Rizespor,Beşiktaş,8310957,,15558.0,Çaykur Didi Stadyumu
2019,Trabzonspor,Fenerbahçe,8310963,,41000.0,Papara Park
2019,Ankaragücü,Kasımpaşa,8310912,,20560.0,Eryaman Stadyumu
2019,Alanyaspor,Yeni Malatyaspor,8310969,,10128.0,Bahcesehir Okullari Stadium
2019,Gaziantep FK,Sivasspor,8310913,,33502.0,Gaziantep Stadium
2019,Galatasaray,Kayserispor,8310959,,53978.0,Rams Park Stadyumu
2019,Denizlispor,Göztepe,8310914,,18745.0,Denizli Ataturk Stadium
2019,Yeni Malatyaspor,Ankaragücü,8310946,,25745.0,Yeni Malatyspor stadium
2019,Konyaspor,Denizlispor,8310949,,42000.0,Medas Konya Büyüksehir Belediyesi Stadium
2019,Beşiktaş,Gaziantep FK,8310944,,42684.0,Tüpraş Stadyumu
2019,Gençlerbirliği,Trabzonspor,8310942,,20560.0,Eryaman Stadyumu
2019,Fenerbahçe,Alanyaspor,8310956,,50530.0,Chobani Stadium
2019,Kayserispor,Antalyaspor,8310938,,32864.0,Kadir Has Stadium
2019,Sivasspor,İstanbul Başakşehir,8310950,,27532.0,Yeni Sivas 4 Eylül Stadyumu
2019,Kasımpaşa,Galatasaray,8310931,,14234.0,Recep Tayyip Erdogan Stadium
2019,Göztepe,Çaykur Rizespor,8604433,,20756.0,Gursel Aksel Stadium
2019,İstanbul Başakşehir,Beşiktaş,8310981,,17156.0,Basaksehir Fatih Terim Stadium
2019,Denizlispor,Kayserispor,8310975,,18745.0,Denizli Ataturk Stadium
2019,Konyaspor,Göztepe,8310982,,42000.0,Medas Konya Büyüksehir Belediyesi Stadium
2019,Ankaragücü,Fenerbahçe,8310985,,20560.0,Eryaman Stadyumu
2019,Alanyaspor,Gençlerbirliği,8310983,,10128.0,Bahcesehir Okullari Stadium
2019,Trabzonspor,Sivasspor,8310934,,41000.0,Papara Park
2019,Galatasaray,Yeni Malatyaspor,8310973,,53978.0,Rams Park Stadyumu
2019,Antalyaspor,Kasımpaşa,8310974,10763.0,32537.0,Antalya Stadium
2019,Gaziantep FK,Çaykur Rizespor,8310939,,33502.0,Gaziantep Stadium
2019,Sivasspor,Alanyaspor,8354978,,27532.0,Yeni Sivas 4 Eylül Stadyumu
2019,Kayserispor,Konyaspor,8354981,,32864.0,Kadir Has Stadium
2019,Göztepe,Gaziantep FK,8354976,,20756.0,Gursel Aksel Stadium
2019,Beşiktaş,Trabzonspor,8354980,,42684.0,Tüpraş Stadyumu
2019,Yeni Malatyaspor,Antalyaspor,8354977,,25745.0,Yeni Malatyspor stadium
2019,Gençlerbirliği,Ankaragücü,8354979,,20560.0,Eryaman Stadyumu
2019,Fenerbahçe,Galatasaray,8354973,,50530.0,Chobani Stadium
2019,Kasımpaşa,Denizlispor,8354975,,14234.0,Recep Tayyip Erdogan Stadium
2019,Çaykur Rizespor,İstanbul Başakşehir,8354974,,15558.0,Çaykur Didi Stadyumu
2019,Alanyaspor,Beşiktaş,8311080,,10128.0,Bahcesehir Okullari Stadium
2019,Konyaspor,Kasımpaşa,8311085,,42000.0,Medas Konya Büyüksehir Belediyesi Stadium
2019,Trabzonspor,Çaykur Rizespor,8311083,,41000.0,Papara Park
2019,Antalyaspor,Fenerbahçe,8311087,,32537.0,Antalya Stadium
2019,Denizlispor,Yeni Malatyaspor,8311081,,18745.0,Denizli Ataturk Stadium
2019,Ankaragücü,Sivasspor,8311084,,20560.0,Eryaman Stadyumu
2019,Galatasaray,Gençlerbirliği,8311082,,53978.0,Rams Park Stadyumu
2019,İstanbul Başakşehir,Gaziantep FK,8311088,,17156.0,Basaksehir Fatih Terim Stadium
2019,Kayserispor,Göztepe,8311086,,32864.0,Kadir Has Stadium
2019,Beşiktaş,Ankaragücü,8311100,,42684.0,Tüpraş Stadyumu
2019,Yeni Malatyaspor,Konyaspor,8311103,,25745.0,Yeni Malatyspor stadium
2019,Gaziantep FK,Trabzonspor,8311055,,33502.0,Gaziantep Stadium
2019,Göztepe,İstanbul Başakşehir,8311099,,20756.0,Gursel Aksel Stadium
2019,Fenerbahçe,Denizlispor,8311101,,50530.0,Chobani Stadium
2019,Kasımpaşa,Kayserispor,8311098,,14234.0,Recep Tayyip Erdogan Stadium
2019,Çaykur Rizespor,Alanyaspor,8311102,,15558.0,Çaykur Didi Stadyumu
2019,Sivasspor,Galatasaray,8311092,,27532.0,Yeni Sivas 4 Eylül Stadyumu
2019,Gençlerbirliği,Antalyaspor,8311104,,20560.0,Eryaman Stadyumu
2019,Kasımpaşa,Göztepe,8311017,,14234.0,Recep Tayyip Erdogan Stadium
2019,Ankaragücü,Çaykur Rizespor,8311019,,20560.0,Eryaman Stadyumu
2019,Denizlispor,Gençlerbirliği,8311091,,18745.0,Denizli Ataturk Stadium
2019,Alanyaspor,Gaziantep FK,8311093,,10128.0,Bahcesehir Okullari Stadium
2019,Konyaspor,Fenerbahçe,8311090,,42000.0,Medas Konya Büyüksehir Belediyesi Stadium
2019,Kayserispor,Yeni Malatyaspor,8311095,,32864.0,Kadir Has Stadium
2019,Trabzonspor,İstanbul Başakşehir,8311089,,41000.0,Papara Park
2019,Galatasaray,Beşiktaş,8311094,,53978.0,Rams Park Stadyumu
2019,Antalyaspor,Sivasspor,8311097,,32537.0,Antalya Stadium
2019,Fenerbahçe,Kayserispor,8674900,,50530.0,Chobani Stadium
2019,Göztepe,Trabzonspor,8674907,,20756.0,Gursel Aksel Stadium
2019,İstanbul Başakşehir,Alanyaspor,8674905,,17156.0,Basaksehir Fatih Terim Stadium
2019,Beşiktaş,Antalyaspor,8674901,,42684.0,Tüpraş Stadyumu
2019,Yeni Malatyaspor,Kasımpaşa,8674903,,25745.0,Yeni Malatyspor stadium
2019,Gençlerbirliği,Konyaspor,8674908,,20560.0,Eryaman Stadyumu
2019,Gaziantep FK,Ankaragücü,8674899,,33502.0,Gaziantep Stadium
2019,Çaykur Rizespor,Galatasaray,8674906,,15558.0,Çaykur Didi Stadyumu
2019,Sivasspor,Denizlispor,8674904,,27532.0,Yeni Sivas 4 Eylül Stadyumu
2019,Ankaragücü,İstanbul Başakşehir,8674932,,20560.0,Eryaman Stadyumu
2019,Kayserispor,Gençlerbirliği,8674933,,32864.0,Kadir Has Stadium
2019,Denizlispor,Beşiktaş,8674930,,18745.0,Denizli Ataturk Stadium
2019,Yeni Malatyaspor,Göztepe,8674934,,25745.0,Yeni Malatyspor stadium
2019,Kasımpaşa,Fenerbahçe,8674931,,14234.0,Recep Tayyip Erdogan Stadium
2019,Galatasaray,Gaziantep FK,8674936,,53978.0,Rams Park Stadyumu
2019,Konyaspor,Sivasspor,8674935,,42000.0,Medas Konya Büyüksehir Belediyesi Stadium
2019,Alanyaspor,Trabzonspor,8674937,,10128.0,Bahcesehir Okullari Stadium
2019,Antalyaspor,Çaykur Rizespor,8674938,,32537.0,Antalya Stadium
2019,Beşiktaş,Konyaspor,8674955,,42684.0,Tüpraş Stadyumu
2019,Fenerbahçe,Yeni Malatyaspor,8674953,,50530.0,Chobani Stadium
2019,Göztepe,Alanyaspor,8674954,,20756.0,Gursel Aksel Stadium
2019,Trabzonspor,Ankaragücü,8674956,,41000.0,Papara Park
2019,Sivasspor,Kayserispor,8678143,,27532.0,Yeni Sivas 4 Eylül Stadyumu
2019,Çaykur Rizespor,Denizlispor,8678141,,15558.0,Çaykur Didi Stadyumu
2019,İstanbul Başakşehir,Galatasaray,8678142,,17156.0,Basaksehir Fatih Terim Stadium
2019,Gaziantep FK,Antalyaspor,8678140,,33502.0,Gaziantep Stadium
2019,Gençlerbirliği,Kasımpaşa,8678139,,20560.0,Eryaman Stadyumu
2019,Denizlispor,Gaziantep FK,8674922,,18745.0,Denizli Ataturk Stadium
2019,Ankaragücü,Alanyaspor,8674924,,20560.0,Eryaman Stadyumu
2019,Yeni Malatyaspor,Gençlerbirliği,8674923,,25745.0,Yeni Malatyspor stadium
2019,Antalyaspor,İstanbul Başakşehir,8674947,,32537.0,Antalya Stadium
2019,Fenerbahçe,Göztepe,8674951,,50530.0,Chobani Stadium
2019,Kasımpaşa,Sivasspor,8674948,,14234.0,Recep Tayyip Erdogan Stadium
2019,Galatasaray,Trabzonspor,8674949,,53978.0,Rams Park Stadyumu
2019,Konyaspor,Çaykur Rizespor,8674950,,42000.0,Medas Konya Büyüksehir Belediyesi Stadium
2019,Kayserispor,Beşiktaş,8674952,,32864.0,Kadir Has Stadium
2019,Gençlerbirliği,Fenerbahçe,8674902,,20560.0,Eryaman Stadyumu
2019,İstanbul Başakşehir,Denizlispor,8674909,,17156.0,Basaksehir Fatih Terim Stadium
2019,Sivasspor,Yeni Malatyaspor,8674910,,27532.0,Yeni Sivas 4 Eylül Stadyumu
2019,Trabzonspor,Antalyaspor,8674911,,41000.0,Papara Park
2019,Alanyaspor,Galatasaray,8674918,,10128.0,Bahcesehir Okullari Stadium
2019,Göztepe,Ankaragücü,8674912,,20756.0,Gursel Aksel Stadium
2019,Çaykur Rizespor,Kayserispor,8674919,,15558.0,Çaykur Didi Stadyumu
2019,Beşiktaş,Kasımpaşa,8674921,,42684.0,Tüpraş Stadyumu
2019,Gaziantep FK,Konyaspor,8674920,,33502.0,Gaziantep Stadium
2019,Göztepe,Gençlerbirliği,8678153,,20756.0,Gursel Aksel Stadium
2019,Ankaragücü,Galatasaray,8678154,,20560.0,Eryaman Stadyumu
2019,Antalyaspor,Alanyaspor,8678152,,32537.0,Antalya Stadium
2019,Fenerbahçe,Sivasspor,8678155,,50530.0,Chobani Stadium
2019,Kasımpaşa,Çaykur Rizespor,8678148,,14234.0,Recep Tayyip Erdogan Stadium
2019,Kayserispor,Gaziantep FK,8678156,,32864.0,Kadir Has Stadium
2019,Denizlispor,Trabzonspor,8678149,,18745.0,Denizli Ataturk Stadium
2019,Konyaspor,İstanbul Başakşehir,8678150,,42000.0,Medas Konya Büyüksehir Belediyesi Stadium
2019,Yeni Malatyaspor,Beşiktaş,8678151,,25745.0,Yeni Malatyspor stadium
2019,Galatasaray,Göztepe,8678164,,53978.0,Rams Park Stadyumu
2019,Gaziantep FK,Kasımpaşa,8678165,,33502.0,Gaziantep Stadium
2019,Alanyaspor,Denizlispor,8678169,,10128.0,Bahcesehir Okullari Stadium
2019,İstanbul Başakşehir,Kayserispor,8678166,,17156.0,Basaksehir Fatih Terim Stadium
2019,Beşiktaş,Fenerbahçe,8678163,,42684.0,Tüpraş Stadyumu
2019,Ankaragücü,Antalyaspor,8678168,,20560.0,Eryaman Stadyumu
2019,Sivasspor,Gençlerbirliği,8678162,,27532.0,Yeni Sivas 4 Eylül Stadyumu
2019,Trabzonspor,Konyaspor,8678161,,41000.0,Papara Park
2019,Çaykur Rizespor,Yeni Malatyaspor,8678167,,15558.0,Çaykur Didi Stadyumu
2019,Antalyaspor,Galatasaray,8678170,,32537.0,Antalya Stadium
2019,Denizlispor,Ankaragücü,8678175,,18745.0,Denizli Ataturk Stadium
2019,Fenerbahçe,Çaykur Rizespor,8678173,,50530.0,Chobani Stadium
2019,Gençlerbirliği,Beşiktaş,8678171,,20560.0,Eryaman Stadyumu
2019,Göztepe,Sivasspor,8678176,,20756.0,Gursel Aksel Stadium
2019,Kayserispor,Trabzonspor,8678178,,32864.0,Kadir Has Stadium
2019,Konyaspor,Alanyaspor,8678177,,42000.0,Medas Konya Büyüksehir Belediyesi Stadium
2019,Yeni Malatyaspor,Gaziantep FK,8678174,,25745.0,Yeni Malatyspor stadium
2019,Kasımpaşa,İstanbul Başakşehir,8678172,,14234.0,Recep Tayyip Erdogan Stadium
2018,Ankaragücü,Galatasaray,7869492,,,Osmanli Stadi
2018,Sivasspor,Alanyaspor,7869499,,27532.0,Yeni Sivas 4 Eylül Stadyumu
2018,Çaykur Rizespor,Kasımpaşa,7869494,,15558.0,Çaykur Didi Stadyumu
2018,Fenerbahçe,Bursaspor,7869500,,50530.0,Chobani Stadium
2018,İstanbul Başakşehir,Trabzonspor,7869495,,17156.0,Basaksehir Fatih Terim Stadium
2018,Konyaspor,Erzurumspor,7869498,,42000.0,Medas Konya Büyüksehir Belediyesi Stadium
2018,Beşiktaş,Akhisarspor,7869497,28312.0,42684.0,Tüpraş Stadyumu
2018,Göztepe,Yeni Malatyaspor,7869493,,12500.0,Bornova Stadium
2018,Kayserispor,Antalyaspor,7869496,,32864.0,Kadir Has Stadium
2018,Trabzonspor,Sivasspor,7870078,,41000.0,Papara Park
2018,Bursaspor,Kayserispor,7870077,,43877.0,Timsah Arena
2018,Antalyaspor,Konyaspor,7870080,,32537.0,Antalya Stadium
2018,Yeni Malatyaspor,Fenerbahçe,7870082,14440.0,25745.0,Yeni Malatyspor stadium
2018,Akhisarspor,Çaykur Rizespor,7870083,,12139.0,Spor Toto Akhisar Stadium
2018,Erzurumspor,Beşiktaş,7870079,,21374.0,Kazim Karabekir Stadyumu
2018,Alanyaspor,Ankaragücü,7870084,,10128.0,Bahcesehir Okullari Stadium
2018,Galatasaray,Göztepe,7870081,,53978.0,Rams Park Stadyumu
2018,Kasımpaşa,İstanbul Başakşehir,7870085,,14234.0,Recep Tayyip Erdogan Stadium
2018,Çaykur Rizespor,Erzurumspor,7870096,,15558.0,Çaykur Didi Stadyumu
2018,Ankaragücü,Trabzonspor,7870087,,,Osmanli Stadi
2018,Göztepe,Fenerbahçe,7870090,,12500.0,Bornova Stadium
2018,Kayserispor,Yeni Malatyaspor,7870094,,32864.0,Kadir Has Stadium
2018,Sivasspor,Kasımpaşa,7870089,,27532.0,Yeni Sivas 4 Eylül Stadyumu
2018,Beşiktaş,Antalyaspor,7870088,,42684.0,Tüpraş Stadyumu
2018,Konyaspor,Bursaspor,7870093,,42000.0,Medas Konya Büyüksehir Belediyesi Stadium
2018,İstanbul Başakşehir,Akhisarspor,7870091,,17156.0,Basaksehir Fatih Terim Stadium
2018,Galatasaray,Alanyaspor,7870086,,53978.0,Rams Park Stadyumu
2018,Yeni Malatyaspor,Konyaspor,7870095,,25745.0,Yeni Malatyspor stadium
2018,Akhisarspor,Sivasspor,7870102,,12139.0,Spor Toto Akhisar Stadium
2018,Fenerbahçe,Kayserispor,7870100,,50530.0,Chobani Stadium
2018,Alanyaspor,Göztepe,7870106,,10128.0,Bahcesehir Okullari Stadium
2018,Trabzonspor,Galatasaray,7870097,36135.0,41000.0,Papara Park
2018,Erzurumspor,İstanbul Başakşehir,7870092,,21374.0,Kazim Karabekir Stadyumu
2018,Kasımpaşa,Ankaragücü,7870099,,14234.0,Recep Tayyip Erdogan Stadium
2018,Antalyaspor,Çaykur Rizespor,7870098,,32537.0,Antalya Stadium
2018,Bursaspor,Beşiktaş,7870104,,43877.0,Timsah Arena
2018,Galatasaray,Kasımpaşa,7870111,,53978.0,Rams Park Stadyumu
2018,Ankaragücü,Akhisarspor,7870103,,15000.0,Afyon Kocatepe Stadyumu
2018,Beşiktaş,Yeni Malatyaspor,7870115,,42684.0,Tüpraş Stadyumu
2018,Göztepe,Kayserispor,7870107,,12500.0,Bornova Stadium
2018,İstanbul Başakşehir,Antalyaspor,7870110,,17156.0,Basaksehir Fatih Terim Stadium
2018,Sivasspor,Erzurumspor,7870112,,27532.0,Yeni Sivas 4 Eylül Stadyumu
2018,Konyaspor,Fenerbahçe,7870114,,42000.0,Medas Konya Büyüksehir Belediyesi Stadium
2018,Çaykur Rizespor,Bursaspor,7870108,,15558.0,Çaykur Didi Stadyumu
2018,Alanyaspor,Trabzonspor,7870101,,10128.0,Bahcesehir Okullari Stadium
2018,Bursaspor,İstanbul Başakşehir,7870125,,43877.0,Timsah Arena
2018,Erzurumspor,Ankaragücü,7870122,,21374.0,Kazim Karabekir Stadyumu
2018,Yeni Malatyaspor,Çaykur Rizespor,7870109,,25745.0,Yeni Malatyspor stadium
2018,Kayserispor,Konyaspor,7870121,,32864.0,Kadir Has Stadium
2018,Trabzonspor,Göztepe,7870113,,41000.0,Papara Park
2018,Kasımpaşa,Alanyaspor,7870105,,14234.0,Recep Tayyip Erdogan Stadium
2018,Akhisarspor,Galatasaray,7870116,,12139.0,Spor Toto Akhisar Stadium
2018,Antalyaspor,Sivasspor,7870117,,32537.0,Antalya Stadium
2018,Fenerbahçe,Beşiktaş,7870118,,50530.0,Chobani Stadium
2018,Galatasaray,Erzurumspor,7870130,,53978.0,Rams Park Stadyumu
2018,Alanyaspor,Akhisarspor,7870135,,10128.0,Bahcesehir Okullari Stadium
2018,Trabzonspor,Kasımpaşa,7870123,,41000.0,Papara Park
2018,Beşiktaş,Kayserispor,7870127,,42684.0,Tüpraş Stadyumu
2018,Sivasspor,Bursaspor,7870120,,27532.0,Yeni Sivas 4 Eylül Stadyumu
2018,Göztepe,Konyaspor,7870128,7679.0,12500.0,Bornova Stadium
2018,Çaykur Rizespor,Fenerbahçe,7870119,,15558.0,Çaykur Didi Stadyumu
2018,İstanbul Başakşehir,Yeni Malatyaspor,7870132,,17156.0,Basaksehir Fatih Terim Stadium
2018,Ankaragücü,Antalyaspor,7870124,,,Osmanli Stadi
2018,Kasımpaşa,Göztepe,7870144,3115.0,14234.0,Recep Tayyip Erdogan Stadium
2018,Kayserispor,Çaykur Rizespor,7870141,,32864.0,Kadir Has Stadium
2018,Bursaspor,Ankaragücü,7870145,,43877.0,Timsah Arena
2018,Erzurumspor,Alanyaspor,7870140,,21374.0,Kazim Karabekir Stadyumu
2018,Antalyaspor,Galatasaray,7870136,,32537.0,Antalya Stadium
2018,Yeni Malatyaspor,Sivasspor,7870143,,25745.0,Yeni Malatyspor stadium
2018,Fenerbahçe,İstanbul Başakşehir,7870126,,50530.0,Chobani Stadium
2018,Akhisarspor,Trabzonspor,7870131,,12139.0,Spor Toto Akhisar Stadium
2018,Konyaspor,Beşiktaş,7870142,,42000.0,Medas Konya Büyüksehir Belediyesi Stadium
2018,Galatasaray,Bursaspor,7870146,,53978.0,Rams Park Stadyumu
2018,Kasımpaşa,Akhisarspor,7870156,,14234.0,Recep Tayyip Erdogan Stadium
2018,İstanbul Başakşehir,Kayserispor,7870158,,17156.0,Basaksehir Fatih Terim Stadium
2018,Sivasspor,Fenerbahçe,7870129,,27532.0,Yeni Sivas 4 Eylül Stadyumu
2018,Çaykur Rizespor,Konyaspor,7870133,5872.0,15558.0,Çaykur Didi Stadyumu
2018,Alanyaspor,Antalyaspor,7870181,,10128.0,Bahcesehir Okullari Stadium
2018,Ankaragücü,Yeni Malatyaspor,7870134,,,Osmanli Stadi
2018,Göztepe,Beşiktaş,7870165,,12500.0,Bornova Stadium
2018,Trabzonspor,Erzurumspor,7870147,12185.0,41000.0,Papara Park
2018,Bursaspor,Alanyaspor,7870167,,43877.0,Timsah Arena
2018,Erzurumspor,Kasımpaşa,7870139,,21374.0,Kazim Karabekir Stadyumu
2018,Konyaspor,İstanbul Başakşehir,7870152,,42000.0,Medas Konya Büyüksehir Belediyesi Stadium
2018,Antalyaspor,Trabzonspor,7870151,,32537.0,Antalya Stadium
2018,Kayserispor,Sivasspor,7870157,,32864.0,Kadir Has Stadium
2018,Yeni Malatyaspor,Galatasaray,7870164,,25745.0,Yeni Malatyspor stadium
2018,Fenerbahçe,Ankaragücü,7870189,,50530.0,Chobani Stadium
2018,Akhisarspor,Göztepe,7870137,,12139.0,Spor Toto Akhisar Stadium
2018,Beşiktaş,Çaykur Rizespor,7870138,,42684.0,Tüpraş Stadyumu
2018,Galatasaray,Fenerbahçe,7870160,,53978.0,Rams Park Stadyumu
2018,Kasımpaşa,Antalyaspor,7870176,,14234.0,Recep Tayyip Erdogan Stadium
2018,Akhisarspor,Erzurumspor,7870148,,12139.0,Spor Toto Akhisar Stadium
2018,İstanbul Başakşehir,Beşiktaş,7870150,,17156.0,Basaksehir Fatih Terim Stadium
2018,Ankaragücü,Kayserispor,7870174,,,Osmanli Stadi
2018,Alanyaspor,Yeni Malatyaspor,7870149,,10128.0,Bahcesehir Okullari Stadium
2018,Trabzonspor,Bursaspor,7870166,,41000.0,Papara Park
2018,Göztepe,Çaykur Rizespor,7870177,,12500.0,Bornova Stadium
2018,Sivasspor,Konyaspor,7870159,,27532.0,Yeni Sivas 4 Eylül Stadyumu
2018,Yeni Malatyaspor,Trabzonspor,7870187,,25745.0,Yeni Malatyspor stadium
2018,Erzurumspor,Göztepe,7870168,,21374.0,Kazim Karabekir Stadyumu
2018,Konyaspor,Ankaragücü,7870154,,42000.0,Medas Konya Büyüksehir Belediyesi Stadium
2018,Çaykur Rizespor,İstanbul Başakşehir,7870155,,15558.0,Çaykur Didi Stadyumu
2018,Kayserispor,Galatasaray,7870182,,32864.0,Kadir Has Stadium
2018,Bursaspor,Kasımpaşa,7870175,,43877.0,Timsah Arena
2018,Fenerbahçe,Alanyaspor,7870153,,50530.0,Chobani Stadium
2018,Antalyaspor,Akhisarspor,7870183,,32537.0,Antalya Stadium
2018,Beşiktaş,Sivasspor,7870199,25342.0,42684.0,Tüpraş Stadyumu
2018,Galatasaray,Konyaspor,7870163,,53978.0,Rams Park Stadyumu
2018,Erzurumspor,Antalyaspor,7870197,,21374.0,Kazim Karabekir Stadyumu
2018,Alanyaspor,Kayserispor,7870194,,10128.0,Bahcesehir Okullari Stadium
2018,Ankaragücü,Beşiktaş,7870169,,,Osmanli Stadi
2018,Sivasspor,Çaykur Rizespor,7870185,,27532.0,Yeni Sivas 4 Eylül Stadyumu
2018,Akhisarspor,Bursaspor,7870191,,12139.0,Spor Toto Akhisar Stadium
2018,Kasımpaşa,Yeni Malatyaspor,7870173,,14234.0,Recep Tayyip Erdogan Stadium
2018,Trabzonspor,Fenerbahçe,7870206,,41000.0,Papara Park
2018,Göztepe,İstanbul Başakşehir,7870161,,12500.0,Bornova Stadium
2018,Konyaspor,Alanyaspor,7870200,,42000.0,Medas Konya Büyüksehir Belediyesi Stadium
2018,Çaykur Rizespor,Ankaragücü,7870178,,15558.0,Çaykur Didi Stadyumu
2018,Antalyaspor,Göztepe,7870196,,32537.0,Antalya Stadium
2018,İstanbul Başakşehir,Sivasspor,7870162,,17156.0,Basaksehir Fatih Terim Stadium
2018,Kayserispor,Trabzonspor,7870186,,32864.0,Kadir Has Stadium
2018,Bursaspor,Erzurumspor,7870211,,43877.0,Timsah Arena
2018,Beşiktaş,Galatasaray,7870202,,42684.0,Tüpraş Stadyumu
2018,Fenerbahçe,Kasımpaşa,7870171,,50530.0,Chobani Stadium
2018,Yeni Malatyaspor,Akhisarspor,7870201,,25745.0,Yeni Malatyspor stadium
2018,Alanyaspor,Beşiktaş,7870188,,10128.0,Bahcesehir Okullari Stadium
2018,Sivasspor,Göztepe,7870217,,27532.0,Yeni Sivas 4 Eylül Stadyumu
2018,Trabzonspor,Konyaspor,7870210,,41000.0,Papara Park
2018,Galatasaray,Çaykur Rizespor,7870207,,53978.0,Rams Park Stadyumu
2018,Erzurumspor,Yeni Malatyaspor,7870208,,21374.0,Kazim Karabekir Stadyumu
2018,Bursaspor,Antalyaspor,7870195,,43877.0,Timsah Arena
2018,Akhisarspor,Fenerbahçe,7870172,,12139.0,Spor Toto Akhisar Stadium
2018,Kasımpaşa,Kayserispor,7870203,,14234.0,Recep Tayyip Erdogan Stadium
2018,Ankaragücü,İstanbul Başakşehir,7870170,,,Osmanli Stadi
2018,Göztepe,Bursaspor,7870179,,12500.0,Bornova Stadium
2018,Sivasspor,Ankaragücü,7870218,,27532.0,Yeni Sivas 4 Eylül Stadyumu
2018,Çaykur Rizespor,Alanyaspor,7870184,,15558.0,Çaykur Didi Stadyumu
2018,Konyaspor,Kasımpaşa,7870215,,42000.0,Medas Konya Büyüksehir Belediyesi Stadium
2018,İstanbul Başakşehir,Galatasaray,7870212,,17156.0,Basaksehir Fatih Terim Stadium
2018,Yeni Malatyaspor,Antalyaspor,7870198,,25745.0,Yeni Malatyspor stadium
2018,Kayserispor,Akhisarspor,7870180,,32864.0,Kadir Has Stadium
2018,Beşiktaş,Trabzonspor,7870209,32941.0,42684.0,Tüpraş Stadyumu
2018,Fenerbahçe,Erzurumspor,7870213,,50530.0,Chobani Stadium
2018,Ankaragücü,Göztepe,7870204,,,Osmanli Stadi
2018,Alanyaspor,İstanbul Başakşehir,7870214,,10128.0,Bahcesehir Okullari Stadium
2018,Kasımpaşa,Beşiktaş,7870193,,14234.0,Recep Tayyip Erdogan Stadium
2018,Erzurumspor,Kayserispor,7870205,,21374.0,Kazim Karabekir Stadyumu
2018,Bursaspor,Yeni Malatyaspor,7870216,,43877.0,Timsah Arena
2018,Trabzonspor,Çaykur Rizespor,7870219,,41000.0,Papara Park
2018,Galatasaray,Sivasspor,7870192,,53978.0,Rams Park Stadyumu
2018,Akhisarspor,Konyaspor,7870220,,12139.0,Spor Toto Akhisar Stadium
2018,Antalyaspor,Fenerbahçe,7870190,,32537.0,Antalya Stadium
2018,Akhisarspor,Beşiktaş,7870225,,12139.0,Spor Toto Akhisar Stadium
2018,Erzurumspor,Konyaspor,7870227,,21374.0,Kazim Karabekir Stadyumu
2018,Yeni Malatyaspor,Göztepe,7870230,,25745.0,Yeni Malatyspor stadium
2018,Antalyaspor,Kayserispor,7870233,,32537.0,Antalya Stadium
2018,Galatasaray,Ankaragücü,7870226,,53978.0,Rams Park Stadyumu
2018,Alanyaspor,Sivasspor,7870223,,10128.0,Bahcesehir Okullari Stadium
2018,Trabzonspor,İstanbul Başakşehir,7870224,,41000.0,Papara Park
2018,Bursaspor,Fenerbahçe,7870238,,43877.0,Timsah Arena
2018,Kasımpaşa,Çaykur Rizespor,7870228,,14234.0,Recep Tayyip Erdogan Stadium
2018,Beşiktaş,Erzurumspor,7870231,,42684.0,Tüpraş Stadyumu
2018,Kayserispor,Bursaspor,7870236,,32864.0,Kadir Has Stadium
2018,Göztepe,Galatasaray,7870232,,12500.0,Bornova Stadium
2018,Çaykur Rizespor,Akhisarspor,7870241,,15558.0,Çaykur Didi Stadyumu
2018,Konyaspor,Antalyaspor,7870235,,42000.0,Medas Konya Büyüksehir Belediyesi Stadium
2018,Sivasspor,Trabzonspor,7870229,,27532.0,Yeni Sivas 4 Eylül Stadyumu
2018,İstanbul Başakşehir,Kasımpaşa,7870237,,17156.0,Basaksehir Fatih Terim Stadium
2018,Fenerbahçe,Yeni Malatyaspor,7870245,,50530.0,Chobani Stadium
2018,Ankaragücü,Alanyaspor,7870234,,,Osmanli Stadi
2018,Fenerbahçe,Göztepe,7870239,,50530.0,Chobani Stadium
2018,Yeni Malatyaspor,Kayserispor,7870242,,25745.0,Yeni Malatyspor stadium
2018,Kasımpaşa,Sivasspor,7870240,,14234.0,Recep Tayyip Erdogan Stadium
2018,Trabzonspor,Ankaragücü,7870247,,41061.0,Papara Park
2018,Alanyaspor,Galatasaray,7870248,,10128.0,Bahcesehir Okullari Stadium
2018,Erzurumspor,Çaykur Rizespor,7870246,,21374.0,Kazim Karabekir Stadyumu
2018,Akhisarspor,İstanbul Başakşehir,7870244,,12139.0,Spor Toto Akhisar Stadium
2018,Antalyaspor,Beşiktaş,7870243,,32537.0,Antalya Stadium
2018,Bursaspor,Konyaspor,7870267,,43877.0,Timsah Arena
2018,Kayserispor,Fenerbahçe,7870260,,32864.0,Kadir Has Stadium
2018,İstanbul Başakşehir,Erzurumspor,7870263,,17156.0,Basaksehir Fatih Terim Stadium
2018,Çaykur Rizespor,Antalyaspor,7870261,,15558.0,Çaykur Didi Stadyumu
2018,Beşiktaş,Bursaspor,7870258,,42684.0,Tüpraş Stadyumu
2018,Konyaspor,Yeni Malatyaspor,7870265,,42000.0,Medas Konya Büyüksehir Belediyesi Stadium
2018,Göztepe,Alanyaspor,7870262,,12500.0,Bornova Stadium
2018,Galatasaray,Trabzonspor,7870266,,53978.0,Rams Park Stadyumu
2018,Ankaragücü,Kasımpaşa,7870264,,,Osmanli Stadi
2018,Sivasspor,Akhisarspor,7870259,,27532.0,Yeni Sivas 4 Eylül Stadyumu
2018,Yeni Malatyaspor,Beşiktaş,7870251,,25745.0,Yeni Malatyspor stadium
2018,Akhisarspor,Ankaragücü,7870257,,12139.0,Spor Toto Akhisar Stadium
2018,Bursaspor,Çaykur Rizespor,7870249,,43877.0,Timsah Arena
2018,Fenerbahçe,Konyaspor,7870255,,50530.0,Chobani Stadium
2018,Erzurumspor,Sivasspor,7870256,,21374.0,Kazim Karabekir Stadyumu
2018,Kayserispor,Göztepe,7870250,,32864.0,Kadir Has Stadium
2018,Trabzonspor,Alanyaspor,7870253,,41000.0,Papara Park
2018,Kasımpaşa,Galatasaray,7870252,,14234.0,Recep Tayyip Erdogan Stadium
2018,Antalyaspor,İstanbul Başakşehir,7870254,,32537.0,Antalya Stadium
2018,Göztepe,Trabzonspor,7870275,,12500.0,Bornova Stadium
2018,Çaykur Rizespor,Yeni Malatyaspor,7870271,,15558.0,Çaykur Didi Stadyumu
2018,Sivasspor,Antalyaspor,7870269,,27532.0,Yeni Sivas 4 Eylül Stadyumu
2018,Alanyaspor,Kasımpaşa,7870268,,10128.0,Bahcesehir Okullari Stadium
2018,İstanbul Başakşehir,Bursaspor,7870272,,17156.0,Basaksehir Fatih Terim Stadium
2018,Ankaragücü,Erzurumspor,7870277,,,Osmanli Stadi
2018,Konyaspor,Kayserispor,7870270,,42000.0,Medas Konya Büyüksehir Belediyesi Stadium
2018,Galatasaray,Akhisarspor,7870274,,53978.0,Rams Park Stadyumu
2018,Beşiktaş,Fenerbahçe,7870276,,42684.0,Tüpraş Stadyumu
2018,Antalyaspor,Ankaragücü,7870273,,32537.0,Antalya Stadium
2018,Bursaspor,Sivasspor,7870286,18112.0,43877.0,Timsah Arena
2018,Kayserispor,Beşiktaş,7870284,,32864.0,Kadir Has Stadium
2018,Fenerbahçe,Çaykur Rizespor,7870278,,50530.0,Chobani Stadium
2018,Konyaspor,Göztepe,7870280,,42000.0,Medas Konya Büyüksehir Belediyesi Stadium
2018,Yeni Malatyaspor,İstanbul Başakşehir,7870285,,25745.0,Yeni Malatyspor stadium
2018,Erzurumspor,Galatasaray,7870287,,21374.0,Kazim Karabekir Stadyumu
2018,Akhisarspor,Alanyaspor,7870279,,12139.0,Spor Toto Akhisar Stadium
2018,Kasımpaşa,Trabzonspor,7870283,,14234.0,Recep Tayyip Erdogan Stadium
2018,Sivasspor,Yeni Malatyaspor,7870281,,27532.0,Yeni Sivas 4 Eylül Stadyumu
2018,Trabzonspor,Akhisarspor,7870294,,41000.0,Papara Park
2018,İstanbul Başakşehir,Fenerbahçe,7870288,,17156.0,Basaksehir Fatih Terim Stadium
2018,Ankaragücü,Bursaspor,7870293,,,Osmanli Stadi
2018,Alanyaspor,Erzurumspor,7870282,,10128.0,Bahcesehir Okullari Stadium
2018,Göztepe,Kasımpaşa,7870296,,12500.0,Bornova Stadium
2018,Çaykur Rizespor,Kayserispor,7870289,9775.0,15558.0,Çaykur Didi Stadyumu
2018,Beşiktaş,Konyaspor,7870290,,42684.0,Tüpraş Stadyumu
2018,Galatasaray,Antalyaspor,7870295,,53978.0,Rams Park Stadyumu
2018,Fenerbahçe,Sivasspor,7870306,,50530.0,Chobani Stadium
2018,Konyaspor,Çaykur Rizespor,7870301,,42000.0,Medas Konya Büyüksehir Belediyesi Stadium
2018,Akhisarspor,Kasımpaşa,7870291,,12139.0,Spor Toto Akhisar Stadium
2018,Erzurumspor,Trabzonspor,7870305,,21374.0,Kazim Karabekir Stadyumu
2018,Antalyaspor,Alanyaspor,7870304,,32537.0,Antalya Stadium
2018,Beşiktaş,Göztepe,7870300,,42684.0,Tüpraş Stadyumu
2018,Yeni Malatyaspor,Ankaragücü,7870298,,25745.0,Yeni Malatyspor stadium
2018,Kayserispor,İstanbul Başakşehir,7870297,,32864.0,Kadir Has Stadium
2018,Bursaspor,Galatasaray,7870292,,43877.0,Timsah Arena
2018,Trabzonspor,Antalyaspor,7870303,,41000.0,Papara Park
2018,Alanyaspor,Bursaspor,7870302,,10128.0,Bahcesehir Okullari Stadium
2018,Sivasspor,Kayserispor,7870299,,27532.0,Yeni Sivas 4 Eylül Stadyumu
2018,Galatasaray,Yeni Malatyaspor,7870307,,53978.0,Rams Park Stadyumu
2018,Kasımpaşa,Erzurumspor,7870308,,14234.0,Recep Tayyip Erdogan Stadium
2018,Göztepe,Akhisarspor,7870315,,12500.0,Bornova Stadium
2018,Ankaragücü,Fenerbahçe,7870316,,,Osmanli Stadi
2018,İstanbul Başakşehir,Konyaspor,7870313,,17156.0,Basaksehir Fatih Terim Stadium
2018,Çaykur Rizespor,Beşiktaş,7870309,,15558.0,Çaykur Didi Stadyumu
2018,Bursaspor,Trabzonspor,7870314,,43877.0,Timsah Arena
2018,Konyaspor,Sivasspor,7870317,,42000.0,Medas Konya Büyüksehir Belediyesi Stadium
2018,Çaykur Rizespor,Göztepe,7870311,,15558.0,Çaykur Didi Stadyumu
2018,Beşiktaş,İstanbul Başakşehir,7870318,,42684.0,Tüpraş Stadyumu
2018,Kayserispor,Ankaragücü,7870312,,32864.0,Kadir Has Stadium
2018,Antalyaspor,Kasımpaşa,7870310,,32537.0,Antalya Stadium
2018,Yeni Malatyaspor,Alanyaspor,7870324,,25745.0,Yeni Malatyspor stadium
2018,Fenerbahçe,Galatasaray,7870319,,50530.0,Chobani Stadium
2018,Erzurumspor,Akhisarspor,7870321,,21374.0,Kazim Karabekir Stadyumu
2018,Kasımpaşa,Bursaspor,7870327,,14234.0,Recep Tayyip Erdogan Stadium
2018,Akhisarspor,Antalyaspor,7870323,,12139.0,Spor Toto Akhisar Stadium
2018,Trabzonspor,Yeni Malatyaspor,7870326,,41000.0,Papara Park
2018,Galatasaray,Kayserispor,7870325,,53978.0,Rams Park Stadyumu
2018,Göztepe,Erzurumspor,7870322,,12500.0,Bornova Stadium
2018,Ankaragücü,Konyaspor,7870333,,20560.0,Eryaman Stadyumu
2018,İstanbul Başakşehir,Çaykur Rizespor,7870328,,17156.0,Basaksehir Fatih Terim Stadium
2018,Alanyaspor,Fenerbahçe,7870335,,10128.0,Bahcesehir Okullari Stadium
2018,Sivasspor,Beşiktaş,7870320,,27532.0,Yeni Sivas 4 Eylül Stadyumu
2018,İstanbul Başakşehir,Göztepe,7870343,,17156.0,Basaksehir Fatih Terim Stadium
2018,Antalyaspor,Erzurumspor,7870337,,32537.0,Antalya Stadium
2018,Çaykur Rizespor,Sivasspor,7870332,,15558.0,Çaykur Didi Stadyumu
2018,Fenerbahçe,Trabzonspor,7870329,,50530.0,Chobani Stadium
2018,Bursaspor,Akhisarspor,7870330,,43877.0,Timsah Arena
2018,Kayserispor,Alanyaspor,7870331,,32864.0,Kadir Has Stadium
2018,Beşiktaş,Ankaragücü,7870336,,42684.0,Tüpraş Stadyumu
2018,Konyaspor,Galatasaray,7870338,,42000.0,Medas Konya Büyüksehir Belediyesi Stadium
2018,Yeni Malatyaspor,Kasımpaşa,7870334,,25745.0,Yeni Malatyspor stadium
2018,Sivasspor,İstanbul Başakşehir,7870339,,27532.0,Yeni Sivas 4 Eylül Stadyumu
2018,Erzurumspor,Bursaspor,7870345,,21374.0,Kazim Karabekir Stadyumu
2018,Ankaragücü,Çaykur Rizespor,7870347,,,Osmanli Stadi
2018,Kasımpaşa,Fenerbahçe,7870348,,14234.0,Recep Tayyip Erdogan Stadium
2018,Akhisarspor,Yeni Malatyaspor,7870342,,12139.0,Spor Toto Akhisar Stadium
2018,Göztepe,Antalyaspor,7870346,,12500.0,Bornova Stadium
2018,Galatasaray,Beşiktaş,7870341,,53978.0,Rams Park Stadyumu
2018,Alanyaspor,Konyaspor,7870344,,10128.0,Bahcesehir Okullari Stadium
2018,Trabzonspor,Kayserispor,7870340,,41000.0,Papara Park
2018,Antalyaspor,Bursaspor,7870357,6702.0,32537.0,Antalya Stadium
2018,Çaykur Rizespor,Galatasaray,7870350,,15558.0,Çaykur Didi Stadyumu
2018,Fenerbahçe,Akhisarspor,7870351,,50530.0,Chobani Stadium
2018,Göztepe,Sivasspor,7870349,,12500.0,Bornova Stadium
2018,Kayserispor,Kasımpaşa,7870353,,32864.0,Kadir Has Stadium
2018,Konyaspor,Trabzonspor,7870354,,42000.0,Medas Konya Büyüksehir Belediyesi Stadium
2018,İstanbul Başakşehir,Ankaragücü,7870352,,17156.0,Basaksehir Fatih Terim Stadium
2018,Yeni Malatyaspor,Erzurumspor,7870359,,25745.0,Yeni Malatyspor stadium
2018,Beşiktaş,Alanyaspor,7870358,,42684.0,Tüpraş Stadyumu
2018,Kasımpaşa,Konyaspor,7870365,,14234.0,Recep Tayyip Erdogan Stadium
2018,Antalyaspor,Yeni Malatyaspor,7870367,,32537.0,Antalya Stadium
2018,Trabzonspor,Beşiktaş,7870366,,41000.0,Papara Park
2018,Akhisarspor,Kayserispor,7870362,,12139.0,Spor Toto Akhisar Stadium
2018,Bursaspor,Göztepe,7870368,,43877.0,Timsah Arena
2018,Alanyaspor,Çaykur Rizespor,7870361,,10128.0,Bahcesehir Okullari Stadium
2018,Galatasaray,İstanbul Başakşehir,7870360,,53978.0,Rams Park Stadyumu
2018,Erzurumspor,Fenerbahçe,7870364,,21374.0,Kazim Karabekir Stadyumu
2018,Ankaragücü,Sivasspor,7870363,,,Osmanli Stadi
2018,İstanbul Başakşehir,Alanyaspor,7870375,,17156.0,Basaksehir Fatih Terim Stadium
2018,Beşiktaş,Kasımpaşa,7870371,,42684.0,Tüpraş Stadyumu
2018,Sivasspor,Galatasaray,7870377,,27532.0,Yeni Sivas 4 Eylül Stadyumu
2018,Çaykur Rizespor,Trabzonspor,7870370,,15558.0,Çaykur Didi Stadyumu
2018,Konyaspor,Akhisarspor,7870374,,42000.0,Medas Konya Büyüksehir Belediyesi Stadium
2018,Fenerbahçe,Antalyaspor,7870372,,50530.0,Chobani Stadium
2018,Göztepe,Ankaragücü,7870369,,12500.0,Bornova Stadium
2018,Kayserispor,Erzurumspor,7870376,,32864.0,Kadir Has Stadium
2018,Yeni Malatyaspor,Bursaspor,7870373,,25745.0,Yeni Malatyspor stadium
2017,İstanbul Başakşehir,Bursaspor,7477132,,17156.0,Basaksehir Fatih Terim Stadium
2017,Akhisarspor,Sivasspor,7477133,,16597.0,Manisa 19 Mayis
2017,Gençlerbirliği,Karabükspor,7477135,,19209.0,Ankara 19 Mayıs Stadyumu
2017,Alanyaspor,Kasımpaşa,7477136,,10128.0,Bahcesehir Okullari Stadium
2017,Göztepe,Fenerbahçe,7477137,,12500.0,Bornova Stadyumu
2017,Trabzonspor,Konyaspor,7477131,,41000.0,Papara Park
2017,Yeni Malatyaspor,Osmanlıspor,7480313,,,Malatya Inönü Stadium
2017,Beşiktaş,Antalyaspor,7477130,,42684.0,Tüpraş Stadyumu
2017,Galatasaray,Kayserispor,7477134,,53978.0,Rams Park Stadyumu
2017,Kasımpaşa,Beşiktaş,7479728,,14234.0,Recep Tayyip Erdogan Stadium
2017,Karabükspor,İstanbul Başakşehir,7479726,,15000.0,Dr. Necmettin Şeyhoğlu Stadium
2017,Bursaspor,Alanyaspor,7479727,,43877.0,Timsah Arena
2017,Osmanlıspor,Galatasaray,7479731,,19626.0,Osmanli Stadi
2017,Sivasspor,Yeni Malatyaspor,7479724,,27532.0,Yeni Sivas 4 Eylül Stadyumu
2017,Kayserispor,Göztepe,7479729,,32864.0,Kadir Has Stadium
2017,Antalyaspor,Akhisarspor,7479723,,32537.0,Antalya Stadium
2017,Fenerbahçe,Trabzonspor,7479725,,50530.0,Chobani Stadium
2017,Konyaspor,Gençlerbirliği,7479730,,42000.0,Medas Konya Büyüksehir Belediyesi Stadium
2017,Alanyaspor,Karabükspor,7479736,,10128.0,Bahcesehir Okullari Stadium
2017,Galatasaray,Sivasspor,7479737,,53978.0,Rams Park Stadyumu
2017,Beşiktaş,Bursaspor,7479734,,42684.0,Tüpraş Stadyumu
2017,Yeni Malatyaspor,Antalyaspor,7479733,,,Malatya Inönü Stadium
2017,Göztepe,Trabzonspor,7479732,,12500.0,Bornova Stadyumu
2017,Kayserispor,Osmanlıspor,7479735,,32864.0,Kadir Has Stadium
2017,İstanbul Başakşehir,Konyaspor,7479739,,17156.0,Basaksehir Fatih Terim Stadium
2017,Akhisarspor,Kasımpaşa,7479741,,16597.0,Manisa 19 Mayis
2017,Gençlerbirliği,Fenerbahçe,7479738,,19209.0,Ankara 19 Mayıs Stadyumu
2017,Karabükspor,Beşiktaş,7479743,,15000.0,Dr. Necmettin Şeyhoğlu Stadium
2017,Sivasspor,Kayserispor,7479751,,27532.0,Yeni Sivas 4 Eylül Stadyumu
2017,Fenerbahçe,İstanbul Başakşehir,7479745,,50530.0,Chobani Stadium
2017,Konyaspor,Alanyaspor,7479748,,42000.0,Medas Konya Büyüksehir Belediyesi Stadium
2017,Osmanlıspor,Göztepe,7479750,,19626.0,Osmanli Stadi
2017,Trabzonspor,Gençlerbirliği,7479747,,41000.0,Papara Park
2017,Antalyaspor,Galatasaray,7479742,,32537.0,Antalya Stadium
2017,Bursaspor,Akhisarspor,7479740,,43877.0,Timsah Arena
2017,Kasımpaşa,Yeni Malatyaspor,7479744,,14234.0,Recep Tayyip Erdogan Stadium
2017,Kayserispor,Antalyaspor,7479752,,32864.0,Kadir Has Stadium
2017,Yeni Malatyaspor,Bursaspor,7479753,,,Malatya Inönü Stadium
2017,Akhisarspor,Karabükspor,7479756,,16597.0,Manisa 19 Mayis
2017,Galatasaray,Kasımpaşa,7479746,,53978.0,Rams Park Stadyumu
2017,Osmanlıspor,Sivasspor,7479749,,19626.0,Osmanli Stadi
2017,İstanbul Başakşehir,Trabzonspor,7479755,,17156.0,Basaksehir Fatih Terim Stadium
2017,Alanyaspor,Fenerbahçe,7479759,,10128.0,Bahcesehir Okullari Stadium
2017,Göztepe,Gençlerbirliği,7479754,,12500.0,Bornova Stadyumu
2017,Beşiktaş,Konyaspor,7479760,,42684.0,Tüpraş Stadyumu
2017,Trabzonspor,Alanyaspor,7479767,,41000.0,Papara Park
2017,Konyaspor,Akhisarspor,7479770,,42000.0,Medas Konya Büyüksehir Belediyesi Stadium
2017,Gençlerbirliği,İstanbul Başakşehir,7479766,,19209.0,Ankara 19 Mayıs Stadyumu
2017,Fenerbahçe,Beşiktaş,7479757,,50530.0,Chobani Stadium
2017,Karabükspor,Yeni Malatyaspor,7479762,,15000.0,Dr. Necmettin Şeyhoğlu Stadium
2017,Sivasspor,Göztepe,7479758,,27532.0,Yeni Sivas 4 Eylül Stadyumu
2017,Kasımpaşa,Kayserispor,7479763,,14234.0,Recep Tayyip Erdogan Stadium
2017,Bursaspor,Galatasaray,7479764,,43877.0,Timsah Arena
2017,Antalyaspor,Osmanlıspor,7479761,,32537.0,Antalya Stadium
2017,Akhisarspor,Fenerbahçe,7479772,,16597.0,Manisa 19 Mayis
2017,Osmanlıspor,Kasımpaşa,7479773,,19626.0,Osmanli Stadi
2017,Sivasspor,Antalyaspor,7479768,,27532.0,Yeni Sivas 4 Eylül Stadyumu
2017,Kayserispor,Bursaspor,7479779,,32864.0,Kadir Has Stadium
2017,Galatasaray,Karabükspor,7479769,,53978.0,Rams Park Stadyumu
2017,Yeni Malatyaspor,Konyaspor,7479765,,,Malatya Inönü Stadium
2017,Alanyaspor,Gençlerbirliği,7479774,,10128.0,Bahcesehir Okullari Stadium
2017,Beşiktaş,Trabzonspor,7479771,,42684.0,Tüpraş Stadyumu
2017,Göztepe,İstanbul Başakşehir,7479776,,12500.0,Bornova Stadyumu
2017,Gençlerbirliği,Beşiktaş,7479783,6532.0,19209.0,Ankara 19 Mayıs Stadyumu
2017,Karabükspor,Kayserispor,7479775,,15000.0,Dr. Necmettin Şeyhoğlu Stadium
2017,Antalyaspor,Göztepe,7479781,,32537.0,Antalya Stadium
2017,İstanbul Başakşehir,Alanyaspor,7479787,,17156.0,Basaksehir Fatih Terim Stadium
2017,Konyaspor,Galatasaray,7479784,,42000.0,Medas Konya Büyüksehir Belediyesi Stadium
2017,Kasımpaşa,Sivasspor,7479778,,14234.0,Recep Tayyip Erdogan Stadium
2017,Trabzonspor,Akhisarspor,7479777,,41000.0,Papara Park
2017,Fenerbahçe,Yeni Malatyaspor,7479780,,50530.0,Chobani Stadium
2017,Bursaspor,Osmanlıspor,7479782,,43877.0,Timsah Arena
2017,Antalyaspor,Kasımpaşa,7479789,,32537.0,Antalya Stadium
2017,Göztepe,Alanyaspor,7479793,,12500.0,Bornova Stadyumu
2017,Osmanlıspor,Karabükspor,7479809,,19626.0,Osmanli Stadi
2017,Akhisarspor,Gençlerbirliği,7479788,,16597.0,Manisa 19 Mayis
2017,Yeni Malatyaspor,Trabzonspor,7479790,,25745.0,Yeni Malatyspor stadium
2017,Sivasspor,Bursaspor,7479786,,27532.0,Yeni Sivas 4 Eylül Stadyumu
2017,Kayserispor,Konyaspor,7479792,,32864.0,Kadir Has Stadium
2017,Galatasaray,Fenerbahçe,7479791,,53978.0,Rams Park Stadyumu
2017,Beşiktaş,İstanbul Başakşehir,7479785,,42684.0,Tüpraş Stadyumu
2017,Kasımpaşa,Göztepe,7479806,,14234.0,Recep Tayyip Erdogan Stadium
2017,Gençlerbirliği,Yeni Malatyaspor,7479795,,19209.0,Ankara 19 Mayıs Stadyumu
2017,İstanbul Başakşehir,Akhisarspor,7479802,,17156.0,Basaksehir Fatih Terim Stadium
2017,Alanyaspor,Beşiktaş,7479800,,10128.0,Bahcesehir Okullari Stadium
2017,Karabükspor,Sivasspor,7479813,,15000.0,Dr. Necmettin Şeyhoğlu Stadium
2017,Konyaspor,Osmanlıspor,7479803,,42000.0,Medas Konya Büyüksehir Belediyesi Stadium
2017,Bursaspor,Antalyaspor,7479808,,43877.0,Timsah Arena
2017,Trabzonspor,Galatasaray,7479807,,41000.0,Papara Park
2017,Fenerbahçe,Kayserispor,7479804,,50530.0,Chobani Stadium
2017,Galatasaray,Gençlerbirliği,7479811,,53978.0,Rams Park Stadyumu
2017,Kasımpaşa,Bursaspor,7479814,,14234.0,Recep Tayyip Erdogan Stadium
2017,Kayserispor,Trabzonspor,7479801,,32864.0,Kadir Has Stadium
2017,Antalyaspor,Karabükspor,7479794,,32537.0,Antalya Stadium
2017,Osmanlıspor,Fenerbahçe,7479805,,19626.0,Osmanli Stadi
2017,Akhisarspor,Alanyaspor,7479812,,16597.0,Manisa 19 Mayis
2017,Yeni Malatyaspor,İstanbul Başakşehir,7479815,,25745.0,Yeni Malatyspor stadium
2017,Göztepe,Beşiktaş,7479810,8723.0,12500.0,Bornova Stadyumu
2017,Sivasspor,Konyaspor,7479796,,27532.0,Yeni Sivas 4 Eylül Stadyumu
2017,Beşiktaş,Akhisarspor,7479826,,42684.0,Tüpraş Stadyumu
2017,Bursaspor,Göztepe,7479823,,43877.0,Timsah Arena
2017,Konyaspor,Antalyaspor,7479827,,42000.0,Medas Konya Büyüksehir Belediyesi Stadium
2017,İstanbul Başakşehir,Galatasaray,7479817,,17156.0,Basaksehir Fatih Terim Stadium
2017,Alanyaspor,Yeni Malatyaspor,7479822,,10128.0,Bahcesehir Okullari Stadium
2017,Gençlerbirliği,Kayserispor,7479819,,19209.0,Ankara 19 Mayıs Stadyumu
2017,Trabzonspor,Osmanlıspor,7479820,,41000.0,Papara Park
2017,Fenerbahçe,Sivasspor,7479821,,50530.0,Chobani Stadium
2017,Karabükspor,Kasımpaşa,7479816,,15000.0,Dr. Necmettin Şeyhoğlu Stadium
2017,Osmanlıspor,Gençlerbirliği,7479828,,19626.0,Osmanli Stadi
2017,Göztepe,Akhisarspor,7479818,,12500.0,Bornova Stadyumu
2017,Yeni Malatyaspor,Beşiktaş,7479831,,25745.0,Yeni Malatyspor stadium
2017,Galatasaray,Alanyaspor,7479834,,53978.0,Rams Park Stadyumu
2017,Bursaspor,Karabükspor,7479824,,43877.0,Timsah Arena
2017,Sivasspor,Trabzonspor,7479833,,27532.0,Yeni Sivas 4 Eylül Stadyumu
2017,Kasımpaşa,Konyaspor,7479830,,14234.0,Recep Tayyip Erdogan Stadium
2017,Antalyaspor,Fenerbahçe,7479832,,32537.0,Antalya Stadium
2017,Kayserispor,İstanbul Başakşehir,7479829,,32864.0,Kadir Has Stadium
2017,Akhisarspor,Yeni Malatyaspor,7479825,,16597.0,Manisa 19 Mayis
2017,Karabükspor,Göztepe,7479842,,15000.0,Dr. Necmettin Şeyhoğlu Stadium
2017,Beşiktaş,Galatasaray,7479839,,42684.0,Tüpraş Stadyumu
2017,Gençlerbirliği,Sivasspor,7479840,,19209.0,Ankara 19 Mayıs Stadyumu
2017,Konyaspor,Bursaspor,7479843,,42000.0,Medas Konya Büyüksehir Belediyesi Stadium
2017,İstanbul Başakşehir,Osmanlıspor,7479841,,17156.0,Basaksehir Fatih Terim Stadium
2017,Fenerbahçe,Kasımpaşa,7479838,,50530.0,Chobani Stadium
2017,Alanyaspor,Kayserispor,7479837,,10128.0,Bahcesehir Okullari Stadium
2017,Trabzonspor,Antalyaspor,7479844,,41000.0,Papara Park
2017,Bursaspor,Fenerbahçe,7479869,33108.0,43877.0,Timsah Arena
2017,Kasımpaşa,Trabzonspor,7479835,,14234.0,Recep Tayyip Erdogan Stadium
2017,Yeni Malatyaspor,Göztepe,7479868,,25745.0,Yeni Malatyspor stadium
2017,Antalyaspor,Gençlerbirliği,7479871,8355.0,32537.0,Antalya Stadium
2017,Galatasaray,Akhisarspor,7479836,,53978.0,Rams Park Stadyumu
2017,Osmanlıspor,Alanyaspor,7479845,,19626.0,Osmanli Stadi
2017,Sivasspor,İstanbul Başakşehir,7479866,,27532.0,Yeni Sivas 4 Eylül Stadyumu
2017,Kayserispor,Beşiktaş,7479870,,32864.0,Kadir Has Stadium
2017,Konyaspor,Karabükspor,7479872,,42000.0,Medas Konya Büyüksehir Belediyesi Stadium
2017,Gençlerbirliği,Kasımpaşa,7479855,,19209.0,Ankara 19 Mayıs Stadyumu
2017,Alanyaspor,Sivasspor,7479847,,10128.0,Bahcesehir Okullari Stadium
2017,Trabzonspor,Bursaspor,7479865,,41000.0,Papara Park
2017,Akhisarspor,Kayserispor,7479853,,16597.0,Manisa 19 Mayis
2017,İstanbul Başakşehir,Antalyaspor,7479861,,17156.0,Basaksehir Fatih Terim Stadium
2017,Yeni Malatyaspor,Galatasaray,7479851,,25745.0,Yeni Malatyspor stadium
2017,Beşiktaş,Osmanlıspor,7479848,,42684.0,Tüpraş Stadyumu
2017,Fenerbahçe,Karabükspor,7479852,,50530.0,Chobani Stadium
2017,Göztepe,Konyaspor,7479849,,12500.0,Bornova Stadyumu
2017,Antalyaspor,Alanyaspor,7479854,,32537.0,Antalya Stadium
2017,Bursaspor,Gençlerbirliği,7479859,,43877.0,Timsah Arena
2017,Sivasspor,Beşiktaş,7479862,,27532.0,Yeni Sivas 4 Eylül Stadyumu
2017,Konyaspor,Fenerbahçe,7479860,,42000.0,Medas Konya Büyüksehir Belediyesi Stadium
2017,Karabükspor,Trabzonspor,7479858,,15000.0,Dr. Necmettin Şeyhoğlu Stadium
2017,Kayserispor,Yeni Malatyaspor,7479856,,32864.0,Kadir Has Stadium
2017,Kasımpaşa,İstanbul Başakşehir,7479863,,14234.0,Recep Tayyip Erdogan Stadium
2017,Galatasaray,Göztepe,7479857,,53978.0,Rams Park Stadyumu
2017,Osmanlıspor,Akhisarspor,7479850,181.0,19626.0,Osmanli Stadi
2017,Kasımpaşa,Alanyaspor,7479877,,14234.0,Recep Tayyip Erdogan Stadium
2017,Karabükspor,Gençlerbirliği,7479878,,15000.0,Dr. Necmettin Şeyhoğlu Stadium
2017,Osmanlıspor,Yeni Malatyaspor,7479880,,19626.0,Osmanli Stadi
2017,Fenerbahçe,Göztepe,7479873,,50530.0,Chobani Stadium
2017,Konyaspor,Trabzonspor,7479881,,42000.0,Medas Konya Büyüksehir Belediyesi Stadium
2017,Sivasspor,Akhisarspor,7479864,,27532.0,Yeni Sivas 4 Eylül Stadyumu
2017,Bursaspor,İstanbul Başakşehir,7479876,,43877.0,Timsah Arena
2017,Antalyaspor,Beşiktaş,7479874,,32537.0,Antalya Stadium
2017,Kayserispor,Galatasaray,7479867,,32864.0,Kadir Has Stadium
2017,Beşiktaş,Kasımpaşa,7479891,,42684.0,Tüpraş Stadyumu
2017,Gençlerbirliği,Konyaspor,7479879,,19209.0,Ankara 19 Mayıs Stadyumu
2017,Alanyaspor,Bursaspor,7479884,,10128.0,Bahcesehir Okullari Stadium
2017,Göztepe,Kayserispor,7479885,,12500.0,Bornova Stadyumu
2017,Galatasaray,Osmanlıspor,7479889,,53978.0,Rams Park Stadyumu
2017,Yeni Malatyaspor,Sivasspor,7479882,,25745.0,Yeni Malatyspor stadium
2017,Akhisarspor,Antalyaspor,7479883,,16597.0,Manisa 19 Mayis
2017,Trabzonspor,Fenerbahçe,7479887,,41000.0,Papara Park
2017,İstanbul Başakşehir,Karabükspor,7479875,,17156.0,Basaksehir Fatih Terim Stadium
2017,Bursaspor,Beşiktaş,7479899,,43877.0,Timsah Arena
2017,Karabükspor,Alanyaspor,7479892,,15000.0,Dr. Necmettin Şeyhoğlu Stadium
2017,Antalyaspor,Yeni Malatyaspor,7479890,,32537.0,Antalya Stadium
2017,Fenerbahçe,Gençlerbirliği,7479907,,50530.0,Chobani Stadium
2017,Osmanlıspor,Kayserispor,7479895,,19626.0,Osmanli Stadi
2017,Kasımpaşa,Akhisarspor,7479894,,14234.0,Recep Tayyip Erdogan Stadium
2017,Konyaspor,İstanbul Başakşehir,7479908,,42000.0,Medas Konya Büyüksehir Belediyesi Stadium
2017,Sivasspor,Galatasaray,7479886,,27532.0,Yeni Sivas 4 Eylül Stadyumu
2017,Trabzonspor,Göztepe,7479888,,41000.0,Papara Park
2017,Yeni Malatyaspor,Kasımpaşa,7479898,,25745.0,Yeni Malatyspor stadium
2017,Göztepe,Osmanlıspor,7479901,,12500.0,Bornova Stadyumu
2017,Gençlerbirliği,Trabzonspor,7479917,,19209.0,Ankara 19 Mayıs Stadyumu
2017,Beşiktaş,Karabükspor,7479909,,42684.0,Tüpraş Stadyumu
2017,Akhisarspor,Bursaspor,7479916,,12139.0,Spor Toto Akhisar Stadium
2017,Kayserispor,Sivasspor,7479897,,32864.0,Kadir Has Stadium
2017,Alanyaspor,Konyaspor,7479919,,10128.0,Bahcesehir Okullari Stadium
2017,İstanbul Başakşehir,Fenerbahçe,7479900,,17156.0,Basaksehir Fatih Terim Stadium
2017,Galatasaray,Antalyaspor,7479896,,53978.0,Rams Park Stadyumu
2017,Konyaspor,Beşiktaş,7479906,,42000.0,Medas Konya Büyüksehir Belediyesi Stadium
2017,Antalyaspor,Kayserispor,7479903,,32537.0,Antalya Stadium
2017,Sivasspor,Osmanlıspor,7479920,,27532.0,Yeni Sivas 4 Eylül Stadyumu
2017,Fenerbahçe,Alanyaspor,7479918,,50530.0,Chobani Stadium
2017,Bursaspor,Yeni Malatyaspor,7479910,,43877.0,Timsah Arena
2017,Karabükspor,Akhisarspor,7479902,,15000.0,Dr. Necmettin Şeyhoğlu Stadium
2017,Trabzonspor,İstanbul Başakşehir,7479915,,41000.0,Papara Park
2017,Kasımpaşa,Galatasaray,7479912,,14234.0,Recep Tayyip Erdogan Stadium
2017,Gençlerbirliği,Göztepe,7479922,,19209.0,Ankara 19 Mayıs Stadyumu
2017,Akhisarspor,Konyaspor,7479937,,12139.0,Spor Toto Akhisar Stadium
2017,Galatasaray,Bursaspor,7479923,,53978.0,Rams Park Stadyumu
2017,Kayserispor,Kasımpaşa,7479914,,32864.0,Kadir Has Stadium
2017,Alanyaspor,Trabzonspor,7479928,6360.0,10128.0,Bahcesehir Okullari Stadium
2017,Osmanlıspor,Antalyaspor,7479911,,19626.0,Osmanli Stadi
2017,Yeni Malatyaspor,Karabükspor,7479913,,25745.0,Yeni Malatyspor stadium
2017,Göztepe,Sivasspor,7479905,,12500.0,Bornova Stadyumu
2017,Beşiktaş,Fenerbahçe,7479921,,42684.0,Tüpraş Stadyumu
2017,İstanbul Başakşehir,Gençlerbirliği,7479904,,17156.0,Basaksehir Fatih Terim Stadium
2017,Bursaspor,Kayserispor,7479927,,43877.0,Timsah Arena
2017,Kasımpaşa,Osmanlıspor,7479935,,14234.0,Recep Tayyip Erdogan Stadium
2017,İstanbul Başakşehir,Göztepe,7479934,,17156.0,Basaksehir Fatih Terim Stadium
2017,Karabükspor,Galatasaray,7479933,,15000.0,Dr. Necmettin Şeyhoğlu Stadium
2017,Gençlerbirliği,Alanyaspor,7479924,,19209.0,Ankara 19 Mayıs Stadyumu
2017,Konyaspor,Yeni Malatyaspor,7479938,,42000.0,Medas Konya Büyüksehir Belediyesi Stadium
2017,Antalyaspor,Sivasspor,7479930,,32537.0,Antalya Stadium
2017,Fenerbahçe,Akhisarspor,7479932,,50530.0,Chobani Stadium
2017,Trabzonspor,Beşiktaş,7479929,,41000.0,Papara Park
2017,Alanyaspor,İstanbul Başakşehir,7479925,,10128.0,Bahcesehir Okullari Stadium
2017,Sivasspor,Kasımpaşa,7479941,,27532.0,Yeni Sivas 4 Eylül Stadyumu
2017,Osmanlıspor,Bursaspor,7479931,,19626.0,Osmanli Stadi
2017,Beşiktaş,Gençlerbirliği,7479940,,42684.0,Tüpraş Stadyumu
2017,Göztepe,Antalyaspor,7479939,,12500.0,Bornova Stadyumu
2017,Kayserispor,Karabükspor,7479943,,32864.0,Kadir Has Stadium
2017,Yeni Malatyaspor,Fenerbahçe,7479942,,25745.0,Yeni Malatyspor stadium
2017,Galatasaray,Konyaspor,7479926,,53978.0,Rams Park Stadyumu
2017,Akhisarspor,Trabzonspor,7479936,,16597.0,Manisa 19 Mayis
2017,Karabükspor,Osmanlıspor,7479951,,15000.0,Dr. Necmettin Şeyhoğlu Stadium
2017,Kasımpaşa,Antalyaspor,7479969,,14234.0,Recep Tayyip Erdogan Stadium
2017,Gençlerbirliği,Akhisarspor,7479967,,19209.0,Ankara 19 Mayıs Stadyumu
2017,Bursaspor,Sivasspor,7479945,,43877.0,Timsah Arena
2017,Fenerbahçe,Galatasaray,7479966,,50530.0,Chobani Stadium
2017,Alanyaspor,Göztepe,7479968,,10128.0,Bahcesehir Okullari Stadium
2017,Konyaspor,Kayserispor,7479962,,42000.0,Medas Konya Büyüksehir Belediyesi Stadium
2017,Trabzonspor,Yeni Malatyaspor,7479944,,41000.0,Papara Park
2017,İstanbul Başakşehir,Beşiktaş,7479965,,17156.0,Basaksehir Fatih Terim Stadium
2017,Sivasspor,Karabükspor,7479964,,27532.0,Yeni Sivas 4 Eylül Stadyumu
2017,Yeni Malatyaspor,Gençlerbirliği,7479960,,25745.0,Yeni Malatyspor stadium
2017,Antalyaspor,Bursaspor,7479948,,32537.0,Antalya Stadium
2017,Beşiktaş,Alanyaspor,7479963,,42684.0,Tüpraş Stadyumu
2017,Osmanlıspor,Konyaspor,7479970,,19626.0,Osmanli Stadi
2017,Göztepe,Kasımpaşa,7479946,,12500.0,Bornova Stadyumu
2017,Akhisarspor,İstanbul Başakşehir,7479949,,16597.0,Manisa 19 Mayis
2017,Galatasaray,Trabzonspor,7479952,,53978.0,Rams Park Stadyumu
2017,Kayserispor,Fenerbahçe,7479950,,32864.0,Kadir Has Stadium
2017,İstanbul Başakşehir,Yeni Malatyaspor,7479954,,17156.0,Basaksehir Fatih Terim Stadium
2017,Karabükspor,Antalyaspor,7479947,,15000.0,Dr. Necmettin Şeyhoğlu Stadium
2017,Trabzonspor,Kayserispor,7479958,,41000.0,Papara Park
2017,Beşiktaş,Göztepe,7479955,,42684.0,Tüpraş Stadyumu
2017,Konyaspor,Sivasspor,7479961,,42000.0,Medas Konya Büyüksehir Belediyesi Stadium
2017,Alanyaspor,Akhisarspor,7479957,,10128.0,Bahcesehir Okullari Stadium
2017,Bursaspor,Kasımpaşa,7479956,,43877.0,Timsah Arena
2017,Fenerbahçe,Osmanlıspor,7479953,22495.0,50530.0,Chobani Stadium
2017,Gençlerbirliği,Galatasaray,7479959,,19209.0,Ankara 19 Mayıs Stadyumu
2017,Akhisarspor,Beşiktaş,7497162,,12139.0,Spor Toto Akhisar Stadium
2017,Kasımpaşa,Karabükspor,7497163,,14234.0,Recep Tayyip Erdogan Stadium
2017,Yeni Malatyaspor,Alanyaspor,7497166,,25745.0,Yeni Malatyspor stadium
2017,Sivasspor,Fenerbahçe,7497165,,27532.0,Yeni Sivas 4 Eylül Stadyumu
2017,Kayserispor,Gençlerbirliği,7497164,,32864.0,Kadir Has Stadium
2017,Antalyaspor,Konyaspor,7497175,,32537.0,Antalya Stadium
2017,Göztepe,Bursaspor,7497167,,12500.0,Bornova Stadyumu
2017,Galatasaray,İstanbul Başakşehir,7497168,,53978.0,Rams Park Stadyumu
2017,Osmanlıspor,Trabzonspor,7497161,,19626.0,Osmanli Stadi
2017,İstanbul Başakşehir,Kayserispor,7497170,,17156.0,Basaksehir Fatih Terim Stadium
2017,Gençlerbirliği,Osmanlıspor,7497171,,19209.0,Ankara 19 Mayıs Stadyumu
2017,Karabükspor,Bursaspor,7497185,,15000.0,Dr. Necmettin Şeyhoğlu Stadium
2017,Trabzonspor,Sivasspor,7497172,,41000.0,Papara Park
2017,Alanyaspor,Galatasaray,7497186,,10128.0,Bahcesehir Okullari Stadium
2017,Akhisarspor,Göztepe,7497176,,16597.0,Manisa 19 Mayis
2017,Konyaspor,Kasımpaşa,7497184,,42000.0,Medas Konya Büyüksehir Belediyesi Stadium
2017,Beşiktaş,Yeni Malatyaspor,7497173,,42684.0,Tüpraş Stadyumu
2017,Fenerbahçe,Antalyaspor,7497174,,50530.0,Chobani Stadium
2017,Göztepe,Karabükspor,7497180,,12500.0,Bornova Stadyumu
2017,Kayserispor,Alanyaspor,7497182,,32864.0,Kadir Has Stadium
2017,Sivasspor,Gençlerbirliği,7497190,,27532.0,Yeni Sivas 4 Eylül Stadyumu
2017,Antalyaspor,Trabzonspor,7497177,,32537.0,Antalya Stadium
2017,Kasımpaşa,Fenerbahçe,7497179,,14234.0,Recep Tayyip Erdogan Stadium
2017,Yeni Malatyaspor,Akhisarspor,7497169,,25745.0,Yeni Malatyspor stadium
2017,Osmanlıspor,İstanbul Başakşehir,7497178,,19626.0,Osmanli Stadi
2017,Galatasaray,Beşiktaş,7497183,,53978.0,Rams Park Stadyumu
2017,Bursaspor,Konyaspor,7497181,,43877.0,Timsah Arena
2017,İstanbul Başakşehir,Sivasspor,7497196,,17156.0,Basaksehir Fatih Terim Stadium
2017,Karabükspor,Konyaspor,7497187,,15000.0,Dr. Necmettin Şeyhoğlu Stadium
2017,Alanyaspor,Osmanlıspor,7497193,,10128.0,Bahcesehir Okullari Stadium
2017,Trabzonspor,Kasımpaşa,7497197,,41000.0,Papara Park
2017,Fenerbahçe,Bursaspor,7497195,,50530.0,Chobani Stadium
2017,Gençlerbirliği,Antalyaspor,7497189,,19209.0,Ankara 19 Mayıs Stadyumu
2017,Akhisarspor,Galatasaray,7497204,,16597.0,Manisa 19 Mayis
2017,Beşiktaş,Kayserispor,7497188,,42684.0,Tüpraş Stadyumu
2017,Göztepe,Yeni Malatyaspor,7497192,,12500.0,Bornova Stadyumu
2017,Antalyaspor,İstanbul Başakşehir,7497202,,32537.0,Antalya Stadium
2017,Kasımpaşa,Gençlerbirliği,7497191,,14234.0,Recep Tayyip Erdogan Stadium
2017,Galatasaray,Yeni Malatyaspor,7497200,,53978.0,Rams Park Stadyumu
2017,Konyaspor,Göztepe,7497203,,42000.0,Medas Konya Büyüksehir Belediyesi Stadium
2017,Bursaspor,Trabzonspor,7497194,20885.0,43877.0,Timsah Arena
2017,Osmanlıspor,Beşiktaş,7497209,,19626.0,Osmanli Stadi
2017,Sivasspor,Alanyaspor,7497199,,27532.0,Yeni Sivas 4 Eylül Stadyumu
2017,Karabükspor,Fenerbahçe,7497198,,15000.0,Dr. Necmettin Şeyhoğlu Stadium
2017,Kayserispor,Akhisarspor,7497201,,32864.0,Kadir Has Stadium
2017,Akhisarspor,Osmanlıspor,7479971,,16597.0,Manisa 19 Mayis
2017,Alanyaspor,Antalyaspor,7479972,,10128.0,Bahcesehir Okullari Stadium
2017,Gençlerbirliği,Bursaspor,7479974,,19209.0,Ankara 19 Mayıs Stadyumu
2017,Trabzonspor,Karabükspor,7479977,,41000.0,Papara Park
2017,Yeni Malatyaspor,Kayserispor,7479973,,25745.0,Yeni Malatyspor stadium
2017,İstanbul Başakşehir,Kasımpaşa,7479978,,17156.0,Basaksehir Fatih Terim Stadium
2017,Beşiktaş,Sivasspor,7479979,,42684.0,Tüpraş Stadyumu
2017,Fenerbahçe,Konyaspor,7479976,,50530.0,Chobani Stadium
2017,Göztepe,Galatasaray,7479975,,12500.0,Bornova Stadyumu
2016,Adanaspor,Bursaspor,7131899,,16095.0,5 Ocak Fatih Terim
2016,Trabzonspor,Kasımpaşa,7131902,,24169.0,Hüseyin Avni Aker Stadium
2016,Çaykur Rizespor,Konyaspor,7131904,,15558.0,Çaykur Didi Stadyumu
2016,Beşiktaş,Alanyaspor,7131898,,42684.0,Tüpraş Stadyumu
2016,Gençlerbirliği,Gaziantepspor,7131897,,19209.0,Ankara 19 Mayıs Stadyumu
2016,Kayserispor,Akhisarspor,7131905,,32864.0,Kadir Has Stadium
2016,Antalyaspor,Osmanlıspor,7131903,,32537.0,Antalya Stadium
2016,İstanbul Başakşehir,Fenerbahçe,7131900,5387.0,17156.0,Basaksehir Fatih Terim Stadium
2016,Galatasaray,Karabükspor,7131901,,53978.0,Rams Park Stadyumu
2016,Alanyaspor,Antalyaspor,7133409,,10128.0,Bahcesehir Okullari Stadium
2016,Konyaspor,Beşiktaş,7133410,,42000.0,Medas Konya Büyüksehir Belediyesi Stadium
2016,Kasımpaşa,Adanaspor,7133411,,14234.0,Recep Tayyip Erdogan Stadium
2016,Akhisarspor,Galatasaray,7133403,,16597.0,Manisa 19 Mayis
2016,Gaziantepspor,Trabzonspor,7133407,,16981.0,Gaziantep Kamil Ocak Stadium
2016,Bursaspor,İstanbul Başakşehir,7133412,,43877.0,Timsah Arena
2016,Karabükspor,Çaykur Rizespor,7133408,,15000.0,Dr. Necmettin Şeyhoğlu Stadium
2016,Osmanlıspor,Gençlerbirliği,7133405,,19626.0,Osmanli Stadi
2016,Fenerbahçe,Kayserispor,7133406,,50530.0,Chobani Stadium
2016,İstanbul Başakşehir,Kasımpaşa,7133421,,17156.0,Basaksehir Fatih Terim Stadium
2016,Kayserispor,Galatasaray,7133422,,32864.0,Kadir Has Stadium
2016,Adanaspor,Gaziantepspor,7133420,,16095.0,5 Ocak Fatih Terim
2016,Gençlerbirliği,Alanyaspor,7133419,,19209.0,Ankara 19 Mayıs Stadyumu
2016,Beşiktaş,Karabükspor,7133416,,42684.0,Tüpraş Stadyumu
2016,Trabzonspor,Osmanlıspor,7133417,,24169.0,Hüseyin Avni Aker Stadium
2016,Çaykur Rizespor,Akhisarspor,7133423,,15558.0,Çaykur Didi Stadyumu
2016,Antalyaspor,Konyaspor,7133424,,32537.0,Antalya Stadium
2016,Fenerbahçe,Bursaspor,7133418,,50530.0,Chobani Stadium
2016,Karabükspor,Antalyaspor,7133476,,15000.0,Dr. Necmettin Şeyhoğlu Stadium
2016,Bursaspor,Kayserispor,7133470,,43877.0,Timsah Arena
2016,Alanyaspor,Trabzonspor,7133474,,10128.0,Bahcesehir Okullari Stadium
2016,Galatasaray,Çaykur Rizespor,7133469,,53978.0,Rams Park Stadyumu
2016,Osmanlıspor,Adanaspor,7133472,,19626.0,Osmanli Stadi
2016,Konyaspor,Gençlerbirliği,7133473,17976.0,42000.0,Medas Konya Büyüksehir Belediyesi Stadium
2016,Gaziantepspor,İstanbul Başakşehir,7133477,,16981.0,Gaziantep Kamil Ocak Stadium
2016,Akhisarspor,Beşiktaş,7133471,6290.0,16597.0,Manisa 19 Mayis
2016,Kasımpaşa,Fenerbahçe,7133475,,14234.0,Recep Tayyip Erdogan Stadium
2016,Antalyaspor,Akhisarspor,7133478,8904.0,32537.0,Antalya Stadium
2016,İstanbul Başakşehir,Osmanlıspor,7133485,,17156.0,Basaksehir Fatih Terim Stadium
2016,Trabzonspor,Konyaspor,7133479,,24169.0,Hüseyin Avni Aker Stadium
2016,Beşiktaş,Galatasaray,7133487,,42684.0,Tüpraş Stadyumu
2016,Kayserispor,Çaykur Rizespor,7133480,3758.0,32864.0,Kadir Has Stadium
2016,Bursaspor,Kasımpaşa,7133484,,43877.0,Timsah Arena
2016,Fenerbahçe,Gaziantepspor,7133486,,50530.0,Chobani Stadium
2016,Gençlerbirliği,Karabükspor,7133483,,19209.0,Ankara 19 Mayıs Stadyumu
2016,Adanaspor,Alanyaspor,7133481,,16095.0,5 Ocak Fatih Terim
2016,Akhisarspor,Gençlerbirliği,7133492,,16597.0,Manisa 19 Mayis
2016,Karabükspor,Trabzonspor,7133503,,15000.0,Dr. Necmettin Şeyhoğlu Stadium
2016,Kasımpaşa,Kayserispor,7133493,,14234.0,Recep Tayyip Erdogan Stadium
2016,Gaziantepspor,Bursaspor,7133482,,16981.0,Gaziantep Kamil Ocak Stadium
2016,Çaykur Rizespor,Beşiktaş,7133488,,15558.0,Çaykur Didi Stadyumu
2016,Alanyaspor,İstanbul Başakşehir,7133491,4017.0,10128.0,Bahcesehir Okullari Stadium
2016,Galatasaray,Antalyaspor,7133495,40812.0,53978.0,Rams Park Stadyumu
2016,Osmanlıspor,Fenerbahçe,7133504,,19626.0,Osmanli Stadi
2016,Konyaspor,Adanaspor,7133494,,42000.0,Medas Konya Büyüksehir Belediyesi Stadium
2016,Kasımpaşa,Gaziantepspor,7133501,,14234.0,Recep Tayyip Erdogan Stadium
2016,Kayserispor,Beşiktaş,7133502,,32864.0,Kadir Has Stadium
2016,Adanaspor,Karabükspor,7133499,,16095.0,5 Ocak Fatih Terim
2016,Gençlerbirliği,Galatasaray,7133489,8510.0,19209.0,Ankara 19 Mayıs Stadyumu
2016,İstanbul Başakşehir,Konyaspor,7133490,3112.0,17156.0,Basaksehir Fatih Terim Stadium
2016,Bursaspor,Osmanlıspor,7133496,16677.0,43877.0,Timsah Arena
2016,Fenerbahçe,Alanyaspor,7133497,,50530.0,Chobani Stadium
2016,Trabzonspor,Akhisarspor,7133500,9550.0,24169.0,Hüseyin Avni Aker Stadium
2016,Antalyaspor,Çaykur Rizespor,7133498,,32537.0,Antalya Stadium
2016,Çaykur Rizespor,Gençlerbirliği,7133525,,15558.0,Çaykur Didi Stadyumu
2016,Gaziantepspor,Kayserispor,7133512,,16981.0,Gaziantep Kamil Ocak Stadium
2016,Alanyaspor,Bursaspor,7133511,,10128.0,Bahcesehir Okullari Stadium
2016,Akhisarspor,Adanaspor,7133507,,16597.0,Manisa 19 Mayis
2016,Galatasaray,Trabzonspor,7133509,,53978.0,Rams Park Stadyumu
2016,Karabükspor,İstanbul Başakşehir,7133522,4351.0,15000.0,Dr. Necmettin Şeyhoğlu Stadium
2016,Osmanlıspor,Kasımpaşa,7133510,2650.0,19626.0,Osmanli Stadi
2016,Beşiktaş,Antalyaspor,7133513,,42684.0,Tüpraş Stadyumu
2016,Konyaspor,Fenerbahçe,7133508,4473.0,42000.0,Medas Konya Büyüksehir Belediyesi Stadium
2016,Gençlerbirliği,Beşiktaş,7133528,,19209.0,Ankara 19 Mayıs Stadyumu
2016,Gaziantepspor,Osmanlıspor,7133517,,16981.0,Gaziantep Kamil Ocak Stadium
2016,Bursaspor,Konyaspor,7133516,,43877.0,Timsah Arena
2016,Adanaspor,Galatasaray,7133521,,16095.0,5 Ocak Fatih Terim
2016,İstanbul Başakşehir,Akhisarspor,7133524,,17156.0,Basaksehir Fatih Terim Stadium
2016,Trabzonspor,Çaykur Rizespor,7133518,,24169.0,Hüseyin Avni Aker Stadium
2016,Fenerbahçe,Karabükspor,7133527,,50530.0,Chobani Stadium
2016,Kasımpaşa,Alanyaspor,7133515,725.0,14234.0,Recep Tayyip Erdogan Stadium
2016,Kayserispor,Antalyaspor,7133529,,32864.0,Kadir Has Stadium
2016,Galatasaray,İstanbul Başakşehir,7133580,20686.0,53978.0,Rams Park Stadyumu
2016,Alanyaspor,Gaziantepspor,7133569,,10128.0,Bahcesehir Okullari Stadium
2016,Karabükspor,Bursaspor,7133560,4712.0,15000.0,Dr. Necmettin Şeyhoğlu Stadium
2016,Antalyaspor,Gençlerbirliği,7133575,,32537.0,Antalya Stadium
2016,Beşiktaş,Trabzonspor,7133581,,42684.0,Tüpraş Stadyumu
2016,Çaykur Rizespor,Adanaspor,7133559,,15558.0,Çaykur Didi Stadyumu
2016,Osmanlıspor,Kayserispor,7133574,,19626.0,Osmanli Stadi
2016,Akhisarspor,Fenerbahçe,7133561,,16597.0,Manisa 19 Mayis
2016,Konyaspor,Kasımpaşa,7133568,,42000.0,Medas Konya Büyüksehir Belediyesi Stadium
2016,Gaziantepspor,Konyaspor,7133578,,16981.0,Gaziantep Kamil Ocak Stadium
2016,Bursaspor,Akhisarspor,7133588,,43877.0,Timsah Arena
2016,Adanaspor,Beşiktaş,7133573,,16095.0,5 Ocak Fatih Terim
2016,Osmanlıspor,Alanyaspor,7133587,,19626.0,Osmanli Stadi
2016,Kasımpaşa,Karabükspor,7133579,,14234.0,Recep Tayyip Erdogan Stadium
2016,Kayserispor,Gençlerbirliği,7133577,,32864.0,Kadir Has Stadium
2016,Fenerbahçe,Galatasaray,7133585,44754.0,50530.0,Chobani Stadium
2016,İstanbul Başakşehir,Çaykur Rizespor,7133582,,17156.0,Basaksehir Fatih Terim Stadium
2016,Trabzonspor,Antalyaspor,7133576,,24169.0,Hüseyin Avni Aker Stadium
2016,Alanyaspor,Kayserispor,7133589,,10128.0,Bahcesehir Okullari Stadium
2016,Galatasaray,Bursaspor,7133596,,53978.0,Rams Park Stadyumu
2016,Karabükspor,Gaziantepspor,7133586,,15000.0,Dr. Necmettin Şeyhoğlu Stadium
2016,Akhisarspor,Kasımpaşa,7133570,,16597.0,Manisa 19 Mayis
2016,Antalyaspor,Adanaspor,7133584,,32537.0,Antalya Stadium
2016,Beşiktaş,İstanbul Başakşehir,7133599,31755.0,42684.0,Tüpraş Stadyumu
2016,Gençlerbirliği,Trabzonspor,7133594,,19209.0,Ankara 19 Mayıs Stadyumu
2016,Çaykur Rizespor,Fenerbahçe,7133583,5857.0,15558.0,Çaykur Didi Stadyumu
2016,Konyaspor,Osmanlıspor,7133572,17153.0,42000.0,Medas Konya Büyüksehir Belediyesi Stadium
2016,İstanbul Başakşehir,Antalyaspor,7133593,,17156.0,Basaksehir Fatih Terim Stadium
2016,Fenerbahçe,Beşiktaş,7133611,43209.0,50530.0,Chobani Stadium
2016,Alanyaspor,Konyaspor,7133597,,10128.0,Bahcesehir Okullari Stadium
2016,Osmanlıspor,Karabükspor,7133612,,19626.0,Osmanli Stadi
2016,Gaziantepspor,Akhisarspor,7133603,,16981.0,Gaziantep Kamil Ocak Stadium
2016,Adanaspor,Gençlerbirliği,7133571,2166.0,16095.0,5 Ocak Fatih Terim
2016,Kasımpaşa,Galatasaray,7133592,,14234.0,Recep Tayyip Erdogan Stadium
2016,Bursaspor,Çaykur Rizespor,7133595,,43877.0,Timsah Arena
2016,Kayserispor,Trabzonspor,7133608,,32864.0,Kadir Has Stadium
2016,Trabzonspor,Adanaspor,7133604,,24169.0,Hüseyin Avni Aker Stadium
2016,Çaykur Rizespor,Kasımpaşa,7133601,,15558.0,Çaykur Didi Stadyumu
2016,Beşiktaş,Bursaspor,7133614,,42684.0,Tüpraş Stadyumu
2016,Gençlerbirliği,İstanbul Başakşehir,7133602,,19209.0,Ankara 19 Mayıs Stadyumu
2016,Karabükspor,Alanyaspor,7133606,,15000.0,Dr. Necmettin Şeyhoğlu Stadium
2016,Akhisarspor,Osmanlıspor,7133617,,16597.0,Manisa 19 Mayis
2016,Galatasaray,Gaziantepspor,7133609,,53978.0,Rams Park Stadyumu
2016,Konyaspor,Kayserispor,7133591,,42000.0,Medas Konya Büyüksehir Belediyesi Stadium
2016,Antalyaspor,Fenerbahçe,7133598,,32537.0,Antalya Stadium
2016,İstanbul Başakşehir,Trabzonspor,7133610,,17156.0,Basaksehir Fatih Terim Stadium
2016,Kasımpaşa,Beşiktaş,7133626,,14234.0,Recep Tayyip Erdogan Stadium
2016,Gaziantepspor,Çaykur Rizespor,7133590,,16981.0,Gaziantep Kamil Ocak Stadium
2016,Karabükspor,Konyaspor,7133627,4185.0,15000.0,Dr. Necmettin Şeyhoğlu Stadium
2016,Adanaspor,Kayserispor,7133607,,16095.0,5 Ocak Fatih Terim
2016,Alanyaspor,Akhisarspor,7133624,,10128.0,Bahcesehir Okullari Stadium
2016,Osmanlıspor,Galatasaray,7133605,,19626.0,Osmanli Stadi
2016,Bursaspor,Antalyaspor,7133600,,43877.0,Timsah Arena
2016,Fenerbahçe,Gençlerbirliği,7133615,,50530.0,Chobani Stadium
2016,Adanaspor,İstanbul Başakşehir,7133631,,16095.0,5 Ocak Fatih Terim
2016,Beşiktaş,Gaziantepspor,7133628,,42684.0,Tüpraş Stadyumu
2016,Çaykur Rizespor,Osmanlıspor,7133633,,15558.0,Çaykur Didi Stadyumu
2016,Akhisarspor,Konyaspor,7133629,,16597.0,Manisa 19 Mayis
2016,Kayserispor,Karabükspor,7133630,,32864.0,Kadir Has Stadium
2016,Antalyaspor,Kasımpaşa,7133613,,32537.0,Antalya Stadium
2016,Galatasaray,Alanyaspor,7133616,,53978.0,Rams Park Stadyumu
2016,Gençlerbirliği,Bursaspor,7133632,,19209.0,Ankara 19 Mayıs Stadyumu
2016,Trabzonspor,Fenerbahçe,7133634,,24169.0,Hüseyin Avni Aker Stadium
2016,Bursaspor,Trabzonspor,7133635,,43877.0,Timsah Arena
2016,Alanyaspor,Çaykur Rizespor,7133622,,10128.0,Bahcesehir Okullari Stadium
2016,Karabükspor,Akhisarspor,7133640,,15000.0,Dr. Necmettin Şeyhoğlu Stadium
2016,İstanbul Başakşehir,Kayserispor,7133618,,17156.0,Basaksehir Fatih Terim Stadium
2016,Konyaspor,Galatasaray,7133621,,42000.0,Medas Konya Büyüksehir Belediyesi Stadium
2016,Kasımpaşa,Gençlerbirliği,7133625,,14234.0,Recep Tayyip Erdogan Stadium
2016,Gaziantepspor,Antalyaspor,7133619,,16981.0,Gaziantep Kamil Ocak Stadium
2016,Fenerbahçe,Adanaspor,7133623,,50530.0,Chobani Stadium
2016,Osmanlıspor,Beşiktaş,7133620,,19626.0,Osmanli Stadi
2016,Akhisarspor,Kayserispor,7133645,,16597.0,Manisa 19 Mayis
2016,Konyaspor,Çaykur Rizespor,7133643,,42000.0,Medas Konya Büyüksehir Belediyesi Stadium
2016,Bursaspor,Adanaspor,7133638,9761.0,43877.0,Timsah Arena
2016,Karabükspor,Galatasaray,7133641,7553.0,15000.0,Dr. Necmettin Şeyhoğlu Stadium
2016,Osmanlıspor,Antalyaspor,7133644,,19626.0,Osmanli Stadi
2016,Kasımpaşa,Trabzonspor,7133637,,14234.0,Recep Tayyip Erdogan Stadium
2016,Fenerbahçe,İstanbul Başakşehir,7133636,,50530.0,Chobani Stadium
2016,Alanyaspor,Beşiktaş,7133642,,,BAHCESEHIR OKULLARI ARENA
2016,Gaziantepspor,Gençlerbirliği,7365970,,33502.0,Gaziantep Stadium
2016,Çaykur Rizespor,Karabükspor,7133646,1457.0,15558.0,Çaykur Didi Stadyumu
2016,Antalyaspor,Alanyaspor,7133649,,32537.0,Antalya Stadium
2016,Galatasaray,Akhisarspor,7133654,,53978.0,Rams Park Stadyumu
2016,Gençlerbirliği,Osmanlıspor,7133650,,19209.0,Ankara 19 Mayıs Stadyumu
2016,İstanbul Başakşehir,Bursaspor,7133653,2779.0,17156.0,Basaksehir Fatih Terim Stadium
2016,Trabzonspor,Gaziantepspor,7133651,,24169.0,Hüseyin Avni Aker Stadium
2016,Kayserispor,Fenerbahçe,7133648,,32864.0,Kadir Has Stadium
2016,Adanaspor,Kasımpaşa,7133652,,16095.0,5 Ocak Fatih Terim
2016,Beşiktaş,Konyaspor,7133647,,42684.0,Tüpraş Stadyumu
2016,Karabükspor,Beşiktaş,7133655,,15000.0,Dr. Necmettin Şeyhoğlu Stadium
2016,Alanyaspor,Gençlerbirliği,7133671,,,BAHCESEHIR OKULLARI ARENA
2016,Osmanlıspor,Trabzonspor,7133669,,19626.0,Osmanli Stadi
2016,Bursaspor,Fenerbahçe,7133670,,43877.0,Timsah Arena
2016,Akhisarspor,Çaykur Rizespor,7133657,,16597.0,Manisa 19 Mayis
2016,Kasımpaşa,İstanbul Başakşehir,7133674,1235.0,14234.0,Recep Tayyip Erdogan Stadium
2016,Konyaspor,Antalyaspor,7133656,,42000.0,Medas Konya Büyüksehir Belediyesi Stadium
2016,Galatasaray,Kayserispor,7133668,,53978.0,Rams Park Stadyumu
2016,Gaziantepspor,Adanaspor,7133673,,33502.0,Gaziantep Stadium
2016,Kayserispor,Bursaspor,7133659,,32864.0,Kadir Has Stadium
2016,Antalyaspor,Karabükspor,7133666,,32537.0,Antalya Stadium
2016,İstanbul Başakşehir,Gaziantepspor,7133658,,17156.0,Basaksehir Fatih Terim Stadium
2016,Çaykur Rizespor,Galatasaray,7133661,,15558.0,Çaykur Didi Stadyumu
2016,Gençlerbirliği,Konyaspor,7133665,,19209.0,Ankara 19 Mayıs Stadyumu
2016,Fenerbahçe,Kasımpaşa,7133662,,50530.0,Chobani Stadium
2016,Adanaspor,Osmanlıspor,7133660,,16095.0,5 Ocak Fatih Terim
2016,Beşiktaş,Akhisarspor,7133664,,42684.0,Tüpraş Stadyumu
2016,Trabzonspor,Alanyaspor,7133672,,41000.0,Papara Park
2016,Çaykur Rizespor,Kayserispor,7133677,,15558.0,Çaykur Didi Stadyumu
2016,Kasımpaşa,Bursaspor,7133663,,14234.0,Recep Tayyip Erdogan Stadium
2016,Alanyaspor,Adanaspor,7133682,,,BAHCESEHIR OKULLARI ARENA
2016,Akhisarspor,Antalyaspor,7133676,,16597.0,Manisa 19 Mayis
2016,Konyaspor,Trabzonspor,7133681,,42000.0,Medas Konya Büyüksehir Belediyesi Stadium
2016,Karabükspor,Gençlerbirliği,7133678,,15000.0,Dr. Necmettin Şeyhoğlu Stadium
2016,Osmanlıspor,İstanbul Başakşehir,7133667,,19626.0,Osmanli Stadi
2016,Gaziantepspor,Fenerbahçe,7133675,,33502.0,Gaziantep Stadium
2016,Galatasaray,Beşiktaş,7133680,,53978.0,Rams Park Stadyumu
2016,Trabzonspor,Karabükspor,7133686,,41000.0,Papara Park
2016,Bursaspor,Gaziantepspor,7133683,,43877.0,Timsah Arena
2016,Beşiktaş,Çaykur Rizespor,7133693,,42684.0,Tüpraş Stadyumu
2016,İstanbul Başakşehir,Alanyaspor,7133692,,17156.0,Basaksehir Fatih Terim Stadium
2016,Adanaspor,Konyaspor,7133685,,16095.0,5 Ocak Fatih Terim
2016,Fenerbahçe,Osmanlıspor,7133689,,50530.0,Chobani Stadium
2016,Kayserispor,Kasımpaşa,7133684,,32864.0,Kadir Has Stadium
2016,Gençlerbirliği,Akhisarspor,7133679,,19209.0,Ankara 19 Mayıs Stadyumu
2016,Antalyaspor,Galatasaray,7133688,,32537.0,Antalya Stadium
2016,Alanyaspor,Fenerbahçe,7133700,,10128.0,Bahcesehir Okullari Stadium
2016,Karabükspor,Adanaspor,7133687,,15000.0,Dr. Necmettin Şeyhoğlu Stadium
2016,Osmanlıspor,Bursaspor,7133699,,19626.0,Osmanli Stadi
2016,Galatasaray,Gençlerbirliği,7133694,11256.0,53978.0,Rams Park Stadyumu
2016,Gaziantepspor,Kasımpaşa,7133696,,33502.0,Gaziantep Stadium
2016,Konyaspor,İstanbul Başakşehir,7133690,,42000.0,Medas Konya Büyüksehir Belediyesi Stadium
2016,Beşiktaş,Kayserispor,7133698,27671.0,42684.0,Tüpraş Stadyumu
2016,Çaykur Rizespor,Antalyaspor,7133702,,15558.0,Çaykur Didi Stadyumu
2016,Akhisarspor,Trabzonspor,7133691,,16597.0,Manisa 19 Mayis
2016,Fenerbahçe,Konyaspor,7133704,9311.0,50530.0,Chobani Stadium
2016,Kasımpaşa,Osmanlıspor,7133697,,14234.0,Recep Tayyip Erdogan Stadium
2016,Kayserispor,Gaziantepspor,7133705,,32864.0,Kadir Has Stadium
2016,Adanaspor,Akhisarspor,7133695,,16095.0,5 Ocak Fatih Terim
2016,Trabzonspor,Galatasaray,7133701,,41000.0,Papara Park
2016,Gençlerbirliği,Çaykur Rizespor,7133707,,19209.0,Ankara 19 Mayıs Stadyumu
2016,İstanbul Başakşehir,Karabükspor,7133710,,17156.0,Basaksehir Fatih Terim Stadium
2016,Bursaspor,Alanyaspor,7133703,,43877.0,Timsah Arena
2016,Antalyaspor,Beşiktaş,7133712,,32537.0,Antalya Stadium
2016,Akhisarspor,İstanbul Başakşehir,7133717,,16597.0,Manisa 19 Mayis
2016,Alanyaspor,Kasımpaşa,7133721,,,BAHCESEHIR OKULLARI ARENA
2016,Antalyaspor,Kayserispor,7133723,,32537.0,Antalya Stadium
2016,Karabükspor,Fenerbahçe,7133716,,15000.0,Dr. Necmettin Şeyhoğlu Stadium
2016,Çaykur Rizespor,Trabzonspor,7133713,,15558.0,Çaykur Didi Stadyumu
2016,Osmanlıspor,Gaziantepspor,7133714,,19626.0,Osmanli Stadi
2016,Beşiktaş,Gençlerbirliği,7133720,,42684.0,Tüpraş Stadyumu
2016,Konyaspor,Bursaspor,7133715,,42000.0,Medas Konya Büyüksehir Belediyesi Stadium
2016,Galatasaray,Adanaspor,7133718,,53978.0,Rams Park Stadyumu
2016,Bursaspor,Karabükspor,7133725,8106.0,43877.0,Timsah Arena
2016,Gençlerbirliği,Antalyaspor,7133731,,19209.0,Ankara 19 Mayıs Stadyumu
2016,Gaziantepspor,Alanyaspor,7133733,,33502.0,Gaziantep Stadium
2016,Trabzonspor,Beşiktaş,7133727,,41000.0,Papara Park
2016,Kayserispor,Osmanlıspor,7133730,,32864.0,Kadir Has Stadium
2016,Adanaspor,Çaykur Rizespor,7133722,,16095.0,5 Ocak Fatih Terim
2016,Fenerbahçe,Akhisarspor,7133724,,50530.0,Chobani Stadium
2016,İstanbul Başakşehir,Galatasaray,7133732,,17156.0,Basaksehir Fatih Terim Stadium
2016,Kasımpaşa,Konyaspor,7133726,,14234.0,Recep Tayyip Erdogan Stadium
2016,Karabükspor,Kasımpaşa,7133728,,15000.0,Dr. Necmettin Şeyhoğlu Stadium
2016,Konyaspor,Gaziantepspor,7133729,,42000.0,Medas Konya Büyüksehir Belediyesi Stadium
2016,Çaykur Rizespor,İstanbul Başakşehir,7133734,,15558.0,Çaykur Didi Stadyumu
2016,Alanyaspor,Osmanlıspor,7133738,,10128.0,Bahcesehir Okullari Stadium
2016,Antalyaspor,Trabzonspor,7133743,,32537.0,Antalya Stadium
2016,Gençlerbirliği,Kayserispor,7133736,,19209.0,Ankara 19 Mayıs Stadyumu
2016,Akhisarspor,Bursaspor,7133742,,16597.0,Manisa 19 Mayis
2016,Galatasaray,Fenerbahçe,7133737,37639.0,53978.0,Rams Park Stadyumu
2016,Beşiktaş,Adanaspor,7133735,,42684.0,Tüpraş Stadyumu
2016,Gaziantepspor,Karabükspor,7133739,,33502.0,Gaziantep Stadium
2016,Kayserispor,Alanyaspor,7133745,5379.0,32864.0,Kadir Has Stadium
2016,Trabzonspor,Gençlerbirliği,7133753,,41000.0,Papara Park
2016,Kasımpaşa,Akhisarspor,7133746,,14234.0,Recep Tayyip Erdogan Stadium
2016,Fenerbahçe,Çaykur Rizespor,7133741,8514.0,50530.0,Chobani Stadium
2016,Adanaspor,Antalyaspor,7133740,,16095.0,5 Ocak Fatih Terim
2016,İstanbul Başakşehir,Beşiktaş,7133750,,17156.0,Basaksehir Fatih Terim Stadium
2016,Osmanlıspor,Konyaspor,7133744,,19626.0,Osmanli Stadi
2016,Bursaspor,Galatasaray,7133751,13680.0,43877.0,Timsah Arena
2016,Antalyaspor,İstanbul Başakşehir,7133748,,32537.0,Antalya Stadium
2016,Gençlerbirliği,Adanaspor,7133749,,19209.0,Ankara 19 Mayıs Stadyumu
2016,Trabzonspor,Kayserispor,7133758,,41000.0,Papara Park
2016,Galatasaray,Kasımpaşa,7133747,,53978.0,Rams Park Stadyumu
2016,Konyaspor,Alanyaspor,7133755,,42000.0,Medas Konya Büyüksehir Belediyesi Stadium
2016,Çaykur Rizespor,Bursaspor,7133752,,15558.0,Çaykur Didi Stadyumu
2016,Beşiktaş,Fenerbahçe,7133767,,42684.0,Tüpraş Stadyumu
2016,Akhisarspor,Gaziantepspor,7133756,,16597.0,Manisa 19 Mayis
2016,Karabükspor,Osmanlıspor,7133754,,15000.0,Dr. Necmettin Şeyhoğlu Stadium
2016,Kasımpaşa,Çaykur Rizespor,7133769,,14234.0,Recep Tayyip Erdogan Stadium
2016,Kayserispor,Konyaspor,7133763,,32864.0,Kadir Has Stadium
2016,İstanbul Başakşehir,Gençlerbirliği,7133757,,17156.0,Basaksehir Fatih Terim Stadium
2016,Adanaspor,Trabzonspor,7133765,,16095.0,5 Ocak Fatih Terim
2016,Fenerbahçe,Antalyaspor,7133768,,50530.0,Chobani Stadium
2016,Osmanlıspor,Akhisarspor,7133766,2727.0,19626.0,Osmanli Stadi
2016,Alanyaspor,Karabükspor,7133760,4040.0,10128.0,Bahcesehir Okullari Stadium
2016,Gaziantepspor,Galatasaray,7133772,,33502.0,Gaziantep Stadium
2016,Bursaspor,Beşiktaş,7133759,26245.0,43877.0,Timsah Arena
2016,Galatasaray,Osmanlıspor,7133761,7521.0,53978.0,Rams Park Stadyumu
2016,Çaykur Rizespor,Gaziantepspor,7133762,,15558.0,Çaykur Didi Stadyumu
2016,Kayserispor,Adanaspor,7133773,,32864.0,Kadir Has Stadium
2016,Antalyaspor,Bursaspor,7133770,,32537.0,Antalya Stadium
2016,Beşiktaş,Kasımpaşa,7133776,,42684.0,Tüpraş Stadyumu
2016,Konyaspor,Karabükspor,7133774,,42000.0,Medas Konya Büyüksehir Belediyesi Stadium
2016,Trabzonspor,İstanbul Başakşehir,7133771,,41000.0,Papara Park
2016,Akhisarspor,Alanyaspor,7133764,1151.0,16597.0,Manisa 19 Mayis
2016,Gençlerbirliği,Fenerbahçe,7133794,,19209.0,Ankara 19 Mayıs Stadyumu
2016,Kasımpaşa,Antalyaspor,7133780,,14234.0,Recep Tayyip Erdogan Stadium
2016,Konyaspor,Akhisarspor,7133777,,42000.0,Medas Konya Büyüksehir Belediyesi Stadium
2016,İstanbul Başakşehir,Adanaspor,7133779,,17156.0,Basaksehir Fatih Terim Stadium
2016,Fenerbahçe,Trabzonspor,7133783,,50530.0,Chobani Stadium
2016,Osmanlıspor,Çaykur Rizespor,7133778,,19626.0,Osmanli Stadi
2016,Bursaspor,Gençlerbirliği,7133781,,43877.0,Timsah Arena
2016,Karabükspor,Kayserispor,7133782,,15000.0,Dr. Necmettin Şeyhoğlu Stadium
2016,Gaziantepspor,Beşiktaş,7133785,,33502.0,Gaziantep Stadium
2016,Alanyaspor,Galatasaray,7133775,,10128.0,Bahcesehir Okullari Stadium
2016,Akhisarspor,Karabükspor,7133793,716.0,16597.0,Manisa 19 Mayis
2016,Gençlerbirliği,Kasımpaşa,7133792,,19209.0,Ankara 19 Mayıs Stadyumu
2016,Antalyaspor,Gaziantepspor,7133789,,32537.0,Antalya Stadium
2016,Kayserispor,İstanbul Başakşehir,7133784,,32864.0,Kadir Has Stadium
2016,Adanaspor,Fenerbahçe,7133787,,16095.0,5 Ocak Fatih Terim
2016,Beşiktaş,Osmanlıspor,7133791,,42684.0,Tüpraş Stadyumu
2016,Galatasaray,Konyaspor,7133790,,53978.0,Rams Park Stadyumu
2016,Trabzonspor,Bursaspor,7133786,,41000.0,Papara Park
2016,Çaykur Rizespor,Alanyaspor,7133788,,15558.0,Çaykur Didi Stadyumu
